udise_code,school_name,state_code,state,district_code,district,block_code,block,village_or_ward,cluster,category,management,school_type,location,status,pincode,latitude,longitude,pulled_at,schoolId,schoolStatus,schoolStatusName,schIdMerged,schMergedYear,isNewCY,isOperational2018To19,isOperational2019To20,isOperational2020To21,isOperational2021To22,isOperational2022To23,classFrm,classTo,schCategoryId,schMgmtId,schMgmtDesc,schMgmtDescSt,schBroadMgmtId,schmgmtParentId,schType,schTypeDesc,schLocRuralUrban,address,email,villWardCd,villageId,clusterCd,clusterId,lgdStateId,lgdblockId,lgdblockName,lgdpanchayatId,lgdvillageId,lgdvillName,lgdvillpanchayatName,lgdurbanlocalbodyId,lgdurbanlocalbodyName,lgdwardId,lgdwardName,sessionYear,yearId,lastmodifiedTime,keyFlag,stateId,districtId,blockId,coord_source,coord_pulled_at
01021601123,AARIFEEN SCHOOL OF EXCELLENCE DELINA ,01,JAMMU & KASHMIR,0102,BARAMULLA,010216,SINGHPORA (KALAN),DELINA,MS DELINA (A),Primary,Private Unaided (Recognized) ,3-Co-educational,Rural,Operational,193101,34.232913,74.435769,2026-09-02T17:02:56,1030306,0,Operational,,,2,50,50,0,50,0,1,5,1,5,Private Unaided (Recognized) ,Private Unaided (Recognized),3,5,3,3-Co-educational,1,"Nerar Power grid station singhpora road Delina , baramulla j and k 19310",info[at]aarifeen[dot]com,010216011,1008147,0102160006,1001001,1,22,Baramulla,241216,2417,Delina,Delina D,,,,,2026-27,13,2026-01-27 19:50:29.793,,101,1002,10179,kys_by_year,2026-09-04T23:13:42+00:00
01021302902,ABU-BAKAR MEMORIAL TRUST LOOLIPORA,01,JAMMU & KASHMIR,0102,BARAMULLA,010213,PATTAN,LOOLIPORA,GOSHBUGH,Primary with Upper Primary,Private Unaided (Recognized) ,3-Co-educational,Rural,Operational,193121,34.2007,74.5135,2026-09-02T17:02:56,1004289,0,Operational,,,2,50,0,0,50,0,1,8,2,5,Private Unaided (Recognized) ,Private Unaided (Recognized),3,5,3,3-Co-educational,1,Loolipora pattan Baramulla,abmtlp567[at]gmail[dot]com,010213029,1006885,0102130011,1000975,1,27,Pattan,241873,2321,Lolipora,Lolipora,,,,,2026-27,13,2026-01-25 13:03:53.829,,101,1002,10177,kys_by_year,2026-09-04T23:13:43+00:00
01021105703,ABU HURAIRA MEMORAL INSTITUTE,01,JAMMU & KASHMIR,0102,BARAMULLA,010211,KUNZAR,MONGLOORA,MS Mongloora,Primary with Upper Primary,Private Unaided (Recognized) ,3-Co-educational,Rural,Operational,193404,34.087993,74.525168,2026-09-02T17:02:56,1003999,0,Operational,,,2,50,0,0,50,0,1,8,2,5,Private Unaided (Recognized) ,Private Unaided (Recognized),3,5,3,3-Co-educational,1,ABU HURAIRAH MEMORIAL INSTITUTE,ahmimanglora8222[at]gmail[dot]com,010211057,1008478,0102110008,1001130,1,26,Kunzer,241827,2650,Mangloora,Takiya Batpora,,,,,2026-27,13,2026-01-25 22:12:59.72,,101,1002,10175,kys_by_year,2026-09-04T23:13:43+00:00
01020501509,AFI DANGERPORA,01,JAMMU & KASHMIR,0102,BARAMULLA,010205,DANGERPORA,DANGERPORA,C3 BHS BRAT KALAN,Pr. Up Pr. and Secondary Only,Private Unaided (Recognized) ,3-Co-educational,Rural,Operational,193201,34.3681,74.5164,2026-09-02T17:02:56,1003420,0,Operational,,,2,50,0,0,50,0,1,10,6,5,Private Unaided (Recognized) ,Private Unaided (Recognized),3,5,3,3-Co-educational,1,ARABIA FAIZUL ISLAM MAIDANPORA Dangerpora Zaingair,afihighschool[at]gmail[dot]com,010205015,1008295,0102050003,1001066,1,36,Zaingeer,242029,2205,Dangarpora,Dangerpora B,,,,,2026-27,13,2026-01-25 18:52:22.314,,101,1002,10171,kys_by_year,2026-09-04T23:13:43+00:00
01020600112,AHMAD MEMORIAL EDUCATIONAL INSTITUTE,01,JAMMU & KASHMIR,0102,BARAMULLA,010206,DANGIWACHA,BEHRAMPORA,BEHRAMPORA C1,Primary,Private Unaided (Recognized) ,3-Co-educational,Rural,Operational,193303,34.33339,74.409163,2026-09-02T17:02:56,1003577,0,Operational,,,2,50,0,0,50,0,1,5,1,5,Private Unaided (Recognized) ,Private Unaided (Recognized),3,5,3,3-Co-educational,1,Behrampora rafiabad baramulla,Ahmadmemorial173[at]gmail[dot]com,010206001,1008337,0102060001,1001072,1,28,Rafiabad,242427,2237,Behrampora,Behrampora-B,,,,,2026-27,13,2026-02-01 22:04:50.934,,101,1002,10172,kys_by_year,2026-09-04T23:13:44+00:00
01020501526,AHMAD MEMORIAL HIGHFIELD SCIENTFIC SCHOOL DANGERPORA,01,JAMMU & KASHMIR,0102,BARAMULLA,010205,DANGERPORA,DANGERPORA,C3 BHS BRAT KALAN,Pr. Up Pr. and Secondary Only,Private Unaided (Recognized) ,3-Co-educational,Rural,Operational,193201,34.3681,74.5164,2026-09-02T17:02:56,1003430,0,Operational,,,2,50,0,0,50,0,1,10,6,5,Private Unaided (Recognized) ,Private Unaided (Recognized),3,5,3,3-Co-educational,1,Budshah Mohalla Dangerpora,highfieldschool786[at]gmail[dot]com,010205015,1008295,0102050003,1001066,1,36,Zaingeer,242030,2205,Dangarpora,Dangerpora C,,,,,2026-27,13,2026-01-25 18:54:11.38,,101,1002,10171,kys_by_year,2026-09-04T23:13:44+00:00
01021601124,AHMAD PUBLIC SCHOOL DELINA,01,JAMMU & KASHMIR,0102,BARAMULLA,010216,SINGHPORA (KALAN),DELINA,MS DELINA (A),Primary with Upper Primary,Private Unaided (Recognized) ,3-Co-educational,Rural,Operational,193103,34.238481,74.419702,2026-09-02T17:02:56,1030516,0,Operational,,,2,50,50,50,50,0,1,8,2,5,Private Unaided (Recognized) ,Private Unaided (Recognized),3,5,3,3-Co-educational,1,Main Market Delina Baramulla,irshadkhan8739[at]gmail[dot]com,010216011,1008147,0102160006,1001001,1,22,Baramulla,241213,2417,Delina,Delina A,,,,,2026-27,13,2026-01-27 19:50:37.265,,101,1002,10179,kys_by_year,2026-09-04T23:13:44+00:00
01021205404,AIMS INSTITUTE OF LEARING,01,JAMMU & KASHMIR,0102,BARAMULLA,010212,NEHALPORA,NILHA,MS WANIGAM,Primary with Upper Primary,Private Unaided (Recognized) ,3-Co-educational,Rural,Operational,193121,34.1574,74.5584,2026-09-02T17:02:56,1030555,0,Operational,,,2,50,50,50,50,0,1,8,2,5,Private Unaided (Recognized) ,Private Unaided (Recognized),3,5,3,3-Co-educational,1,Nillah Pattan Baramulla,aimsinstitutenillahpattan[at]gmail[dot]com,010212054,1008113,0102120003,1000964,1,27,Pattan,241854,2331,Neelofar,Nillah Palpora,,,,,2026-27,13,2026-01-28 14:25:06.259,,101,1002,10176,kys_by_year,2026-09-04T23:13:45+00:00
01021106506,ALAMA IQBAL INST. OF EDU.,01,JAMMU & KASHMIR,0102,BARAMULLA,010211,KUNZAR,KUNZER,MS KUNZER,Pr. Up Pr. and Secondary Only,Private Unaided (Recognized) ,3-Co-educational,Rural,Operational,193404,34.0778,74.4835,2026-09-02T17:02:56,1004010,0,Operational,,,2,50,0,0,50,0,1,10,6,5,Private Unaided (Recognized) ,Private Unaided (Recognized),3,5,3,3-Co-educational,1,KUNZER CHANAPORA 193404,aiie.kunzer[at]gmail[dot]com,010211065,1008484,0102110007,1001129,1,26,Kunzer,241839,2651,Goni Pora,Gonipora,,,,,2026-27,13,2026-01-25 22:17:26.414,,101,1002,10175,kys_by_year,2026-09-04T23:13:45+00:00
01021302705,ALAMDAR INSTITUTE OF EDUCATION HAMRAY,01,JAMMU & KASHMIR,0102,BARAMULLA,010213,PATTAN,HAMRAY,HAMRAY,Primary,Private Unaided (Recognized) ,3-Co-educational,Rural,Operational,193121,34.2084,74.5118,2026-09-02T17:02:56,1004280,0,Operational,,,2,50,0,0,50,0,1,5,1,5,Private Unaided (Recognized) ,Private Unaided (Recognized),3,5,3,3-Co-educational,1,HAMRAY PATTAN BARAMULLA,alamdarhamray[at]gmail[dot]com,010213027,1008792,0102130009,1000961,1,27,Pattan,241874,2319,Hamrey,Hamray,,,,,2026-27,13,2026-01-25 13:02:24.018,,101,1002,10177,kys_by_year,2026-09-04T23:13:45+00:00
01021702006,ALAMDAR MISSION SCHOOL,01,JAMMU & KASHMIR,0102,BARAMULLA,010217,SINGHPORA PATTAN,MIRGUND,GMS CR KHAN,Primary with Upper Primary,Private Unaided (Recognized) ,3-Co-educational,Rural,Operational,193121,34.133762,74.667324,2026-09-02T17:02:56,1004616,0,Operational,,,2,50,0,0,50,0,1,8,2,5,Private Unaided (Recognized) ,Private Unaided (Recognized),3,5,3,3-Co-educational,1,MIRGUND SINGHPORA PATTAN 193121,ALAMDARMISSIONSCHOOL48[at]GMAIL[dot]COM,010217020,1008047,0102170001,1001010,1,30,Singhpora,288821,2363,Mirgund,Mirgund B,,,,,2026-27,13,2026-01-25 20:16:35.096,,101,1002,10180,kys_by_year,2026-09-04T23:13:46+00:00
01021106702,ALAMDAR MODEL SCHOOL,01,JAMMU & KASHMIR,0102,BARAMULLA,010211,KUNZAR,TARHAMA,MS Mongloora,Primary with Upper Primary,Private Unaided (Recognized) ,3-Co-educational,Rural,Operational,193404,34.0791,74.4917,2026-09-02T17:02:56,1004012,0,Operational,,,2,50,0,0,50,0,1,8,2,5,Private Unaided (Recognized) ,Private Unaided (Recognized),3,5,3,3-Co-educational,1,Tarhama Kunzer Baramulla,alamdarmodelschooltarahama[at]gmail[dot]com,010211067,1008486,0102110008,1001130,1,7008,Hardaboora,241816,2406,Tarhama,Tarahama,,,,,2026-27,13,2026-01-25 22:16:41.762,,101,1002,10175,kys_by_year,2026-09-04T23:13:46+00:00
01021800211,ALAMDAR PUBLIC HIGH SCHOOL SEER ROAD SOPORE,01,JAMMU & KASHMIR,0102,BARAMULLA,010218,SOPORE,SEER JAGIR,MS PETH SEER,Pr. Up Pr. and Secondary Only,Private Unaided (Recognized) ,3-Co-educational,Rural,Operational,193122,34.2663,74.4517,2026-09-02T17:02:56,1004718,0,Operational,,,2,50,0,0,50,0,1,10,6,5,Private Unaided (Recognized) ,Private Unaided (Recognized),3,5,3,3-Co-educational,1,SEER JAGIR SOPORE BARAMULLA KASHMIR,alamdarschool6[at]gmail[dot]com,010218002,1008520,0102180005,1001104,1,7016,Sangrama,241954,2214,Seer Jagir,Manzseer,,,,,2026-27,13,2025-03-02 23:34:12.99,,101,1002,10181,kys_by_year,2026-09-04T23:13:46+00:00
01021803022,ALAMDAR PUBLIC SCHOOL GULABAD ARAMPORA,01,JAMMU & KASHMIR,0102,BARAMULLA,010218,SOPORE,SOPORE,MS CHINKIPORA C1,Primary with Upper Primary,Private Unaided (Recognized) ,3-Co-educational,Urban,Operational,193201,34.2857,74.4639,2026-09-02T17:02:56,1004794,0,Operational,,,2,50,0,0,50,0,1,8,2,5,Private Unaided (Recognized) ,Private Unaided (Recognized),3,5,3,3-Co-educational,2,ARAMPORA SOPORE BARAMULLA,apsgullabad[at]gmail[dot]com,010218030,1002508,0102180001,1001100,1,0,,,,,,248149,Municipal Council Sopore-Notified Area Council,67917,Sopore (TC) - Ward No.21,2026-27,13,2025-03-03 00:05:23.525,,101,1002,10181,kys_by_year,2026-09-04T23:13:47+00:00
01022000305,AL-AQSA GRAND SCHOOL FEROZPORA,01,JAMMU & KASHMIR,0102,BARAMULLA,010220,TANGMARG,FEROZPORA,GMS FEROZPORA,Primary with Upper Primary,Private Unaided (Recognized) ,3-Co-educational,Rural,Operational,193402,34.054277,74.432087,2026-09-02T17:02:56,1004876,0,Operational,,,2,50,0,0,50,0,1,8,2,5,Private Unaided (Recognized) ,Private Unaided (Recognized),3,5,3,3-Co-educational,1,FEROZPORA TANGMARG BLA,agsf305[at]gmail[dot]com,010220003,1007248,0102200001,1001018,1,33,Tangmarag,241964,2672,Feroz Pora,Ferozpora -A,,,,,2026-27,13,2026-01-30 20:01:11.986,,101,1002,10182,kys_by_year,2026-09-04T23:13:47+00:00
01020502703,ALAZHAR SCHOOL OF EDUCATION LATHISHAT,01,JAMMU & KASHMIR,0102,BARAMULLA,010205,DANGERPORA,LATISHAT,C5 GMS TUJAR,Primary with Upper Primary,Private Unaided (Recognized) ,3-Co-educational,Rural,Operational,193201,34.3681,74.5164,2026-09-02T17:02:56,1003483,0,Operational,,,2,50,0,0,50,0,1,8,2,5,Private Unaided (Recognized) ,Private Unaided (Recognized),3,5,3,3-Co-educational,1,Lattishat Zainagair Bomai,alazharschoolofedu[at]gmail[dot]com,010205027,1008307,0102050005,1001068,1,7018,Tujjar Sharief,242022,2178,Lathishort,Nowpora,,,,,2026-27,13,2025-03-03 11:48:31.385,,101,1002,10171,kys_by_year,2026-09-04T23:13:47+00:00
01022000205,AL-HADEED INTERNATIONAL SCHOOL MAHYAN Tangmarg,01,JAMMU & KASHMIR,0102,BARAMULLA,010220,TANGMARG,MOHAYAN,GMS FEROZPORA,Primary with Upper Primary,Private Unaided (Recognized) ,3-Co-educational,Rural,Operational,193402,34.057186,74.424,2026-09-02T17:02:56,1004871,0,Operational,,,2,50,0,0,50,0,1,8,2,5,Private Unaided (Recognized) ,Private Unaided (Recognized),3,5,3,3-Co-educational,1,MOHYAN FEROZPORA TANGMARG,ALHADEEDTANGMARG[at]GMAIL[dot]COM,010220002,1007247,0102200001,1001018,1,33,Tangmarag,241966,2672,Feroz Pora,Mohiyen,,,,,2026-27,13,2026-01-30 19:55:59.276,,101,1002,10182,kys_by_year,2026-09-04T23:13:48+00:00
01021000805,AL HARAM INSTITUTE OF EDUCATION,01,JAMMU & KASHMIR,0102,BARAMULLA,010210,JHULLA,BUSGRAN,C3 MS BUSGRAN,Primary,Private Unaided (Recognized) ,3-Co-educational,Rural,Operational,193123,34.1149,74.0036,2026-09-02T17:02:56,1003820,0,Operational,,,2,50,0,0,50,0,1,5,1,5,Private Unaided (Recognized) ,Private Unaided (Recognized),3,5,3,3-Co-educational,1,"BUSGRAN, URI, BARAMULLA",alharam.inst[at]gmail[dot]com,010210008,1008408,0102100003,1001093,1,7015,Paranpeela,242007,2510,Busgran,Dachi,,,,,2026-27,13,2026-08-01 13:32:18.555,,101,1002,10174,kys_by_year,2026-09-04T23:13:48+00:00
01020200605,ALHUDA PUB. SCHOOL BINNER,01,JAMMU & KASHMIR,0102,BARAMULLA,010202,BARAMULLA,BINNER,CHAKLOO BLA,Primary with Upper Primary,Private Unaided (Recognized) ,3-Co-educational,Rural,Operational,193301,34.1854,74.3469,2026-09-02T17:02:56,1003018,0,Operational,,,2,50,0,0,50,0,1,8,2,5,Private Unaided (Recognized) ,Private Unaided (Recognized),3,5,3,3-Co-educational,1,Binner Baramulla Kmr,alhudapublicschoolbinner[at]gmail[dot]com,010202006,1008594,0102020001,1001109,1,7012,Nadihal,241202,936667,Sheerwaniabad,Binner A,,,,,2026-27,13,2025-12-30 13:39:02.597,,101,1002,10168,kys_by_year,2026-09-04T23:13:48+00:00
01021301313,AL-HUDA SCHOOL PATTAN,01,JAMMU & KASHMIR,0102,BARAMULLA,010213,PATTAN,PATTAN,BMS PATTAN,Pr. Up Pr. and Secondary Only,Private Unaided (Recognized) ,3-Co-educational,Urban,Operational,193121,34.1555,74.5626,2026-09-02T17:02:56,1004219,0,Operational,,,2,50,0,0,50,0,1,10,6,5,Private Unaided (Recognized) ,Private Unaided (Recognized),3,5,3,3-Co-educational,2,PAR MOHALLAH PATTAN BARAMULLA,alhudapattan6[at]gmail[dot]com,010213013,1007993,0102130004,1000956,1,0,,,,,,248150,Municipal Committee Pattan-Municipality,10028,Pattan (NAC) - Ward No.4,2026-27,13,2026-01-25 12:55:31.593,,101,1002,10177,kys_by_year,2026-09-04T23:13:49+00:00
01021302808,ALIF INTERNATIONAL SCHOOL (RENJI BARAMULLA),01,JAMMU & KASHMIR,0102,BARAMULLA,010213,PATTAN,BUCHOO,HAMRAY,Primary,Private Unaided (Recognized) ,3-Co-educational,Rural,Operational,193121,34.221321,74.503357,2026-09-02T17:02:56,1030908,0,Operational,,,2,50,50,50,50,50,1,5,1,5,Private Unaided (Recognized) ,Private Unaided (Recognized),3,5,3,3-Co-educational,1,RENJI PATTAN BARAMULLA ,aliffinternationalschool[at]gmail[dot]com,010213028,1006884,0102130009,1000961,1,27,Pattan,242890,2313,Bochoo,Buchoo,,,,,2026-27,13,2026-01-25 13:03:36.948,,101,1002,10177,kys_by_year,2026-09-04T23:13:49+00:00
01022006702,ALI PUBLIC SCHOOL VAHIPORA,01,JAMMU & KASHMIR,0102,BARAMULLA,010220,TANGMARG,VAHIPORA,M/S SHRAIE,Primary with Upper Primary,Private Unaided (Recognized) ,3-Co-educational,Rural,Operational,193402,34.069882,74.457803,2026-09-02T17:02:56,1005013,0,Operational,,,2,50,0,0,50,0,1,8,2,5,Private Unaided (Recognized) ,Private Unaided (Recognized),3,5,3,3-Co-educational,1,VAHIPORA TANGMARG BLA,Apswahipora[at]gmail[dot]com,010220067,1007236,0102200003,1001020,1,33,Tangmarag,241962,2678,Wahipora,Chandiloora,,,,,2026-27,13,2026-08-07 11:36:25.906,,101,1002,10182,kys_by_year,2026-09-04T23:13:49+00:00
01020201303,AL IRSHAD EDUCATIONAL TRUST,01,JAMMU & KASHMIR,0102,BARAMULLA,010202,BARAMULLA,SHUTLOO,VOHULITRA,Primary with Upper Primary,Private Unaided (Recognized) ,3-Co-educational,Rural,Operational,193101,34.2574,74.3168,2026-09-02T17:02:56,1003038,0,Operational,,,2,50,0,0,50,0,1,8,2,5,Private Unaided (Recognized) ,Private Unaided (Recognized),3,5,3,3-Co-educational,1,Shutloo Rafiabad Nadihal Baramulla,alirshadshutloo[at]gmail[dot]com,010202013,1008601,0102020003,1001111,1,29,Rohama,241197,2408,Shutloo,Shutloo,,,,,2026-27,13,2026-01-24 12:40:09.629,,101,1002,10168,kys_by_year,2026-09-04T23:13:50+00:00
01021303503,ALLAMA IQBAL SCHOOL OF EXCELLENCE MAGRAYPORA,01,JAMMU & KASHMIR,0102,BARAMULLA,010213,PATTAN,MAGRAYPORA,GOSHBUGH,Primary,Private Unaided (Recognized) ,3-Co-educational,Rural,Operational,193121,34.13552,74.33319,2026-09-02T17:02:56,1029864,0,Operational,,,2,50,0,0,50,0,1,5,1,5,Private Unaided (Recognized) ,Private Unaided (Recognized),3,5,3,3-Co-educational,1,MAGRAYPORA PATTAN BARAMULLA,allamaiqbalsachool32[at]gmail[dot]com,010213035,1006891,0102130011,1000975,1,27,Pattan,241870,2324,Sultanpora Khoie,Sultanpora A,,,,,2026-27,13,2026-01-25 13:13:00.568,,101,1002,10177,kys_by_year,2026-09-04T23:13:50+00:00
01021107106,ALLIYAH PUBLIC SCHOOL,01,JAMMU & KASHMIR,0102,BARAMULLA,010211,KUNZAR,CHICHELORA,MS CHICHILORA,Primary with Upper Primary,Private Unaided (Recognized) ,3-Co-educational,Rural,Operational,193401,34.0778,74.4835,2026-09-02T17:02:56,1004026,0,Operational,,,2,50,0,0,50,0,1,8,2,5,Private Unaided (Recognized) ,Private Unaided (Recognized),3,5,3,3-Co-educational,1,chichilora krwarhama baramulla,www.alliyahpublicschool[at]gmail[dot]com,010211071,1008490,0102110009,1001131,1,7011,Lalpora,241812,2399,Chichilora,Chichilora,,,,,2026-27,13,2026-01-25 22:21:45.676,,101,1002,10175,kys_by_year,2026-09-04T23:13:50+00:00
01021700810,AL MUSTAFA EDU INSTITUTE SINGHPORA,01,JAMMU & KASHMIR,0102,BARAMULLA,010217,SINGHPORA PATTAN,SINGHPORA,HS T K BALA,Primary with Upper Primary,Private Unaided (Recognized) ,3-Co-educational,Rural,Operational,193121,34.169845,74.585384,2026-09-02T17:02:56,1004584,0,Operational,,,2,50,0,0,50,0,1,8,2,5,Private Unaided (Recognized) ,Private Unaided (Recognized),3,5,3,3-Co-educational,1,TRIKOLBAL SINGHPORA PATTAN 193121,almustafaedu75[at]gmail[dot]com,010217008,1007210,0102170006,1001015,1,30,Singhpora,288837,2374,Hanjiwara,Hanjiwera B,,,,,2026-27,13,2026-01-25 20:06:16.418,,101,1002,10180,kys_by_year,2026-09-04T23:13:51+00:00
01021205007,ALNOOR EDUCATIONAL TRUST,01,JAMMU & KASHMIR,0102,BARAMULLA,010212,NEHALPORA,WANIGAM BALA,MS WANIGAM,Primary,Private Unaided (Recognized) ,3-Co-educational,Rural,Operational,193121,34.167735,74.505977,2026-09-02T17:02:56,1030765,0,Operational,,,2,50,50,50,50,50,1,5,1,5,Private Unaided (Recognized) ,Private Unaided (Recognized),3,5,3,3-Co-educational,1,Malikpora Wanigam Bala,alnooredu74[at]gmail[dot]com,010212050,1008762,0102120003,1000964,1,27,Pattan,241851,2315,Wanigam Bala,Wanigam Bala,,,,,2026-27,13,2026-01-28 14:24:04.329,,101,1002,10176,kys_by_year,2026-09-04T23:13:51+00:00
01021301426,AL-NOOR EDUCATIONAL  TRUST PALHALLAN,01,JAMMU & KASHMIR,0102,BARAMULLA,010213,PATTAN,PALHALLAN,GMS PALHALLAN,Pr. Up Pr. and Secondary Only,Private Unaided (Recognized) ,3-Co-educational,Rural,Operational,193121,34.1848,74.5474,2026-09-02T17:02:56,1004239,0,Operational,,,2,50,0,0,50,0,1,10,6,5,Private Unaided (Recognized) ,Private Unaided (Recognized),3,5,3,3-Co-educational,1,PALHALLAN PATTAN BARAMULLA,alnet987palhallan[at]gmail[dot]com,010213014,1008784,0102130005,1000957,1,27,Pattan,288808,2329,Palhallan,Palhallan H,,,,,2026-27,13,2026-01-25 12:57:05.037,,101,1002,10177,kys_by_year,2026-09-04T23:13:51+00:00
01021100503,ALNOOR ENGLISH MEDIUM MODEL SCHOOL,01,JAMMU & KASHMIR,0102,BARAMULLA,010211,KUNZAR,TURKA BATPORA,MS Hard Shoora,Pr. Up Pr. and Secondary Only,Private Unaided (Recognized) ,3-Co-educational,Rural,Operational,193401,34.121368,74.455677,2026-09-02T17:02:56,1003894,0,Operational,,,2,50,0,0,50,0,1,10,6,5,Private Unaided (Recognized) ,Private Unaided (Recognized),3,5,3,3-Co-educational,1,TURK BAT PORA TANGMARG ,alnooremms5[at]gmail[dot]com,010211005,1008433,0102110001,1001123,1,7019,Wailoo,241840,2618,Turkbatpora,Turk Batpora,,,,,2026-27,13,2026-01-25 21:34:26.257,,101,1002,10175,kys_by_year,2026-09-04T23:13:52+00:00
01021105404,AL NOOR MODEL,01,JAMMU & KASHMIR,0102,BARAMULLA,010211,KUNZAR,DOBIWAN,MS Mongloora,Pr. Up Pr. and Secondary Only,Private Unaided (Recognized) ,3-Co-educational,Rural,Operational,193404,34.0791,74.4917,2026-09-02T17:02:56,1003987,0,Operational,,,2,50,0,0,50,0,1,10,6,5,Private Unaided (Recognized) ,Private Unaided (Recognized),3,5,3,3-Co-educational,1,"DHOBIWAN, TANGMARG, NEAR GOVT HIGH SCHOOL DHOBIWAN",alnoorcet2014[at]gmail[dot]com,010211054,1008475,0102110008,1001130,1,7011,Lalpora,288835,2698,Dohobiwan,Dhobiwan,,,,,2026-27,13,2026-01-25 21:33:55.022,,101,1002,10175,kys_by_year,2026-09-04T23:13:52+00:00
01022203020,AL NOOR MODEL SCHOOL KREERI,01,JAMMU & KASHMIR,0102,BARAMULLA,010222,WAGOORA,KREERI,KREERI,Primary,Private Unaided (Recognized) ,3-Co-educational,Rural,Operational,193108,34.170535,74.462813,2026-09-02T17:02:56,1030630,0,Operational,,,2,50,50,50,50,50,1,5,1,5,Private Unaided (Recognized) ,Private Unaided (Recognized),3,5,3,3-Co-educational,1,Eidgah Colony Kreeri,alnoorkreeri[at]gmail[dot]com,010222030,1008238,0102220011,1001045,1,35,Wagoora,242450,2458,Kreeri,Kreeri-A,,,,,2026-27,13,2026-01-22 20:49:24.525,,101,1002,10184,kys_by_year,2026-09-04T23:13:52+00:00
01020400410,AL NOOR PUBLIC SCHOOL,01,JAMMU & KASHMIR,0102,BARAMULLA,010204,CHANDANWARI,SALAMABAD DACHINA,GPS SALAM ABAD,Primary with Upper Primary,Private Unaided (Recognized) ,3-Co-educational,Rural,Operational,193122,34.169484,74.130606,2026-09-02T17:02:56,1003261,0,Operational,,,2,50,0,0,50,0,1,8,2,5,Private Unaided (Recognized) ,Private Unaided (Recognized),3,5,3,3-Co-educational,1,salamabad dechina boniyar,Alnoorpublicschool0[at]gmail[dot]com,010204004,1008686,0102040009,1001062,1,7006,Bijhama,241788,2559,Salamabad Dachhna,Salamabad Dachina A,,,,,2026-27,13,2026-01-28 12:50:01.345,,101,1002,10170,kys_by_year,2026-09-04T23:13:53+00:00
01021803039,ALNOOR PUBLIC SCHOOL,01,JAMMU & KASHMIR,0102,BARAMULLA,010218,SOPORE,SOPORE,NOWPORA,Primary with Upper Primary,Private Unaided (Recognized) ,3-Co-educational,Urban,Operational,193201,34.2909,74.4771,2026-09-02T17:02:56,1004801,0,Operational,,,2,50,0,0,50,0,1,8,2,5,Private Unaided (Recognized) ,Private Unaided (Recognized),3,5,3,3-Co-educational,2,NOOR BAGH SOPORE BARAMULLA,apssopore123[at]gmail[dot]com,010218030,1002508,0102180004,1001103,1,0,,,,,,248149,Municipal Council Sopore-Notified Area Council,67905,Sopore (TC) - Ward No.9,2026-27,13,2026-01-30 16:46:55.567,,101,1002,10181,kys_by_year,2026-09-04T23:13:53+00:00
01020602107,AMIN MEM EDU INST. DANGIWACHA,01,JAMMU & KASHMIR,0102,BARAMULLA,010206,DANGIWACHA,DANGIWACHA,DANGIWACHA C4,Pr. Up Pr. and Secondary Only,Private Unaided (Recognized) ,3-Co-educational,Rural,Operational,193303,34.3186,74.3467,2026-09-02T17:02:56,1003627,0,Operational,,,2,50,0,0,50,0,1,10,6,5,Private Unaided (Recognized) ,Private Unaided (Recognized),3,5,3,3-Co-educational,1,DANGIWACHA RAFIABAD BARAMULLA,azharnazir595[at]gmail[dot]com,010206021,1008356,0102060004,1001075,1,28,Rafiabad,242424,2251,Danghiwacha,Dangiwacha,,,,,2026-27,13,2026-02-01 22:25:08.96,,101,1002,10172,kys_by_year,2026-09-04T23:13:53+00:00
01020500804,AMZET HALL PUBLIC SCHOOL MALMAPANPORA,01,JAMMU & KASHMIR,0102,BARAMULLA,010205,DANGERPORA,MAL MAPANPORA,C1 BMS WATLAB,Primary with Upper Primary,Private Unaided (Recognized) ,3-Co-educational,Rural,Operational,193201,34.3681,74.5164,2026-09-02T17:02:56,1003383,0,Operational,,,2,50,0,0,50,0,1,8,2,5,Private Unaided (Recognized) ,Private Unaided (Recognized),3,5,3,3-Co-educational,1,AMZET COLONY MALAMPANPORA,amzetpublicschool[at]gmail[dot]com,010205008,1008288,0102050001,1001054,1,36,Zaingeer,242026,2194,Mulmapanpora,Malmapanpora,,,,,2026-27,13,2026-08-07 11:37:12.188,,101,1002,10171,kys_by_year,2026-09-04T23:13:54+00:00
01021503708,ANWARIA EDUCATIONAL TRUST REBAN,01,JAMMU & KASHMIR,0102,BARAMULLA,010215,ROHAMA,REBAN,GMS HADIPORA,Pr. Up Pr. and Secondary Only,Private Unaided (Recognized) ,3-Co-educational,Rural,Operational,193301,34.301,74.4131,2026-09-02T17:02:56,1004443,0,Operational,,,2,50,0,0,50,0,1,10,6,5,Private Unaided (Recognized) ,Private Unaided (Recognized),3,5,3,3-Co-educational,1,Reban Rafiabad Baramulla,anwariaedutrust33[at]gmail[dot]com,010215037,1007159,0102150013,1000989,1,29,Rohama,241890,936678,Reban,Reban A,,,,,2026-27,13,2026-01-22 20:17:38.553,,101,1002,10178,kys_by_year,2026-09-04T23:13:54+00:00
01021504208,APEX PUBLIC SCHOOL,01,JAMMU & KASHMIR,0102,BARAMULLA,010215,ROHAMA,MAZBUGH,ACHABAL,Pr. Up Pr. and Secondary Only,Private Unaided (Recognized) ,3-Co-educational,Rural,Operational,193201,34.2803,74.4329,2026-09-02T17:02:56,1004458,0,Operational,,,2,50,0,0,50,0,1,10,6,5,Private Unaided (Recognized) ,Private Unaided (Recognized),3,5,3,3-Co-educational,1,Mazbugh Sopore Baramulla,apexkashmir[at]gmail[dot]com,010215042,1007164,0102150011,1000987,1,31,Sopore,241941,2213,Mazbug,Mazbugh,,,,,2026-27,13,2025-03-03 11:51:45.371,,101,1002,10178,kys_by_year,2026-09-04T23:13:54+00:00
01020504906,APNA PUB HIGH SCH WADURA,01,JAMMU & KASHMIR,0102,BARAMULLA,010205,DANGERPORA,WADOORA PAYEEN,C4,Pr. Up Pr. and Secondary Only,Private Unaided (Recognized) ,3-Co-educational,Rural,Operational,193201,34.345933,74.406171,2026-09-02T17:02:56,1003552,0,Operational,,,2,50,0,0,50,0,1,10,6,5,Private Unaided (Recognized) ,Private Unaided (Recognized),3,5,3,3-Co-educational,1,APNA PUBLIC HIGH SCHOOL WADURA,waduraaphs[at]gmail[dot]com,010205049,1008326,0102050004,1001067,1,7018,Tujjar Sharief,242051,2199,Wadoora,Wadoora,,,,,2026-27,13,2025-03-03 12:27:20.556,,101,1002,10171,kys_by_year,2026-09-04T23:13:55+00:00
01021600512,APPLE CHEEKS,01,JAMMU & KASHMIR,0102,BARAMULLA,010216,SINGHPORA (KALAN),KANISPORA,KANISPORA (A),Primary,Private Unaided (Recognized) ,3-Co-educational,Rural,Operational,193103,34.215537,74.396751,2026-09-02T17:02:56,1030824,0,Operational,,,2,50,50,50,50,50,1,3,1,5,Private Unaided (Recognized) ,Private Unaided (Recognized),3,5,3,3-Co-educational,1,Tawhid colony kanispora baramulla,applecheeksjk[at]gmail[dot]com,010216005,1007186,0102160002,1000997,1,22,Baramulla,241186,2450,Kanispora,Kanispora A,,,,,2026-27,13,2025-03-03 11:40:33.654,,101,1002,10179,kys_by_year,2026-09-04T23:13:55+00:00
01024100043,AQSA PRESENTATION SCHOOL,01,JAMMU & KASHMIR,0102,BARAMULLA,010211,KUNZAR,KRESHHAMA,MS Mongloora,Primary,Private Unaided (Recognized) ,3-Co-educational,,Operational,193121,34.110597,74.5151,2026-09-02T17:02:56,1030987,0,Operational,,,1,50,50,50,50,50,1,5,1,5,Private Unaided (Recognized) ,Private Unaided (Recognized),3,5,3,3-Co-educational,9,"Krishama, Mugahama Kunzer Baramulla",apskjn2019[at]gmail[dot]com,010211072,1008491,0102110008,1001130,0,,,-1,,,,,,,,2026-27,13,2026-07-27 10:00:50.276428,,101,1002,10175,kys_by_year,2026-09-04T23:13:55+00:00
01022004502,ARMY GOODWILL H/S ZIRAN,01,JAMMU & KASHMIR,0102,BARAMULLA,010220,TANGMARG,ZIRAN,MS HAJI BAL,Pr. Up Pr. and Secondary Only,Private Unaided (Recognized) ,3-Co-educational,Rural,Operational,193402,34.084979,74.426205,2026-09-02T17:02:56,1004982,0,Operational,,,2,50,0,0,50,0,1,10,6,5,Private Unaided (Recognized) ,Private Unaided (Recognized),3,5,3,3-Co-educational,1,ZEARAN TANGMARG KASHMIR,AGSZIRAN[at]GMAIL[dot]COM,010220045,1007288,0102200007,1001024,1,33,Tangmarag,241960,2670,Zeran,Warapora,,,,,2026-27,13,2026-01-30 21:50:44.279,,101,1002,10182,kys_by_year,2026-09-04T23:13:56+00:00
01022102319,ARMY GOODWILL SCHOOL,01,JAMMU & KASHMIR,0102,BARAMULLA,010221,URI,URI TOWN,BMS URI,Pr. with Up.Pr. Sec. and H.Sec.,Private Unaided (Recognized) ,3-Co-educational,Urban,Operational,193123,34.0816,74.0517,2026-09-02T17:02:56,1005126,0,Operational,,,2,50,0,0,50,0,1,12,3,5,Private Unaided (Recognized) ,Private Unaided (Recognized),3,5,3,3-Co-educational,2,Uri bargade uri Baramulla,Uriarmygoodwillschool[at]gmail[dot]com,010221023,1008233,0102210003,1001030,1,0,,,,,,248152,Municipal Committee Uri-Municipality,10040,Uri (NAC) - Ward No.3,2026-27,13,2026-01-30 12:29:46.219,,101,1002,10183,kys_by_year,2026-09-04T23:13:56+00:00
01021504203,ARMY GOOD WILL SCHOOL MAZBUGH,01,JAMMU & KASHMIR,0102,BARAMULLA,010215,ROHAMA,MAZBUGH,ACHABAL,Pr. Up Pr. and Secondary Only,Private Unaided (Recognized) ,3-Co-educational,Rural,Operational,193201,34.2741,74.4232,2026-09-02T17:02:56,1004454,0,Operational,,,2,50,0,0,50,0,1,10,6,5,Private Unaided (Recognized) ,Private Unaided (Recognized),3,5,3,3-Co-educational,1,Mazbugh Sopore Baramulla,goodwillsopore[at]gmail[dot]com,010215042,1007164,0102150011,1000987,1,31,Sopore,241941,2213,Mazbug,Mazbugh,,,,,2026-27,13,2025-03-03 11:50:42.994,,101,1002,10178,kys_by_year,2026-09-04T23:13:56+00:00
01021802601,ARQUM INSTITUTE OF EDUCATION SOPORE,01,JAMMU & KASHMIR,0102,BARAMULLA,010218,SOPORE,CHINKIPORA,MS CHINKIPORA C1,Primary with Upper Primary,Private Unaided (Recognized) ,3-Co-educational,Urban,Operational,193201,34.2857,74.4639,2026-09-02T17:02:56,1004784,0,Operational,,,2,50,0,0,50,0,1,8,2,5,Private Unaided (Recognized) ,Private Unaided (Recognized),3,5,3,3-Co-educational,2,ARQUMABAD GOUSABAD ROAD CHINKIPORA SOPORE BARAMULLA,arquminstitute[at]gmail[dot]com,010218031,1008009,0102180001,1001100,1,0,,,,,,248149,Municipal Council Sopore-Notified Area Council,67915,Sopore (TC) - Ward No.19,2026-27,13,2025-03-02 23:46:20.025,,101,1002,10181,kys_by_year,2026-09-04T23:13:57+00:00
01020302110,ASAD SHAH MEMORIAL SCHOOL ZEHANPORA ,01,JAMMU & KASHMIR,0102,BARAMULLA,010203,BONIYAR,ZEHAMPORA,(C7) ZEHAMPORA,Primary,Private Unaided (Recognized) ,3-Co-educational,Rural,Operational,193122,34.183359,74.259016,2026-09-02T17:02:56,1030800,0,Operational,,,2,50,50,50,50,50,1,5,1,5,Private Unaided (Recognized) ,Private Unaided (Recognized),3,5,3,3-Co-educational,1,Zehampora Tehsil Boniyar,asmszbb.in[at]gmail[dot]com,010203021,1008567,0102030007,1001138,1,7014,Noorkah,241799,2567,Zehem Pora,Zehanpora,,,,,2026-27,13,2025-03-25 18:12:17.173,,101,1002,10169,kys_by_year,2026-09-04T23:13:57+00:00
01021201508,ASPIRE SCHOOL OF EDUCATION,01,JAMMU & KASHMIR,0102,BARAMULLA,010212,NEHALPORA,CHOKAR,BMS Behrampora Chukar ,Primary,Private Unaided (Recognized) ,3-Co-educational,Rural,Operational,193121,34.1205,74.4947,2026-09-02T17:02:56,1030540,0,Operational,,,2,50,50,50,50,0,1,5,1,5,Private Unaided (Recognized) ,Private Unaided (Recognized),3,5,3,3-Co-educational,1,Choker Kunzer Baramulla,aspireschoolofeducation[at]gmail[dot]com,010212015,1008734,0102120004,1000965,1,7019,Wailoo,241836,2380,Chukar,Chukar-A,,,,,2026-27,13,2025-03-05 12:37:01.64,,101,1002,10176,kys_by_year,2026-09-04T23:13:57+00:00
01020401402,BABA GUFFOR PUBLIC SCHOOL,01,JAMMU & KASHMIR,0102,BARAMULLA,010204,CHANDANWARI,MUQAM PEERAN,MS MUQAM PEERAN,Primary,Private Unaided (Recognized) ,3-Co-educational,Rural,Operational,193122,34.169,74.0663,2026-09-02T17:02:56,1003299,0,Operational,,,2,50,0,0,50,0,1,5,1,5,Private Unaided (Recognized) ,Private Unaided (Recognized),3,5,3,3-Co-educational,1,Muqampiran Tehsil Uri,bgemsmuqampiran[at]gmail[dot]com,010204014,1008694,0102040006,1001059,1,7006,Bijhama,241786,2554,Muqam Peran,Muqamprina,,,,,2026-27,13,2026-01-28 13:38:43.807,,101,1002,10170,kys_by_year,2026-09-04T23:13:58+00:00
01020502206,BABA NADIR SHAH PUBLIC SCHOOL,01,JAMMU & KASHMIR,0102,BARAMULLA,010205,DANGERPORA,NATHIPORA,C5 GMS TUJAR,Primary with Upper Primary,Private Unaided (Recognized) ,3-Co-educational,Rural,Operational,193201,34.3681,74.5164,2026-09-02T17:02:56,1003457,0,Operational,,,2,50,0,0,50,0,1,8,2,5,Private Unaided (Recognized) ,Private Unaided (Recognized),3,5,3,3-Co-educational,1,Baba Nadir Shah Public school Nathipora,pbnipsnathipora[at]gmail[dot]com,010205022,1008302,0102050005,1001068,1,7018,Tujjar Sharief,242043,2202,Nathi Pora,Nathipora,,,,,2026-27,13,2025-03-03 11:36:07.633,,101,1002,10171,kys_by_year,2026-09-04T23:13:58+00:00
01022001606,Baba Payam Ud Din Memorial Educational Institute Check Razak Khan Mirgund,01,JAMMU & KASHMIR,0102,BARAMULLA,010217,SINGHPORA PATTAN,,GMS CR KHAN,Primary,Private Unaided (Recognized) ,3-Co-educational,Rural,Operational,193121,34.040751,74.453807,2026-09-02T17:02:56,1000027,0,Operational,,,2,50,0,0,50,0,1,5,1,5,Private Unaided (Recognized) ,Private Unaided (Recognized),3,5,3,3-Co-educational,1,C R Khan Mirchimer Singhpora Pattan,babapayamuddin64[at]gmail[dot]com,         ,,0102170001,1001010,1,30,Singhpora,241925,2364,Mirchmar,Merchimar,,,,,2026-27,13,2026-01-25 20:31:17.591,,101,1002,10180,kys_by_year,2026-09-04T23:13:58+00:00
01022204707,BABA PAYAM-U-DIN EDU. INSTITUTE,01,JAMMU & KASHMIR,0102,BARAMULLA,010222,WAGOORA,KAKOWTHAL,KAKOTHAL,Primary with Upper Primary,Private Unaided (Recognized) ,3-Co-educational,Rural,Operational,193108,34.1314,74.4218,2026-09-02T17:02:56,1005264,0,Operational,,,2,50,0,0,50,0,1,8,2,5,Private Unaided (Recognized) ,Private Unaided (Recognized),3,5,3,3-Co-educational,1,Kakothal Kreeri Baramulla,babapayamkakowthal[at]gmail[dot]com,010222047,1008526,0102220012,1001046,1,35,Wagoora,242445,2491,Kakothal,Kakovthal A,,,,,2026-27,13,2026-07-22 16:01:16.802,,101,1002,10184,kys_by_year,2026-09-04T23:13:59+00:00
01020500105,BABA SHUKR DIN H/S,01,JAMMU & KASHMIR,0102,BARAMULLA,010205,DANGERPORA,WATLAB,C1 BMS WATLAB,Pr. Up Pr. and Secondary Only,Private Unaided (Recognized) ,3-Co-educational,Rural,Operational,193201,34.3681,74.5164,2026-09-02T17:02:56,1003360,0,Operational,,,2,50,0,0,50,0,1,10,6,5,Private Unaided (Recognized) ,Private Unaided (Recognized),3,5,3,3-Co-educational,1,WATLAB DANGERPORA SOPORE,BSMWSS1[at]gmail[dot]com,010205001,1008282,0102050001,1001054,1,36,Zaingeer,242034,2189,Watlab,Watlab,,,,,2026-27,13,2026-01-25 17:15:05.955,,101,1002,10171,kys_by_year,2026-09-04T23:13:59+00:00
01021601004,BABA USMANI GANI PUBLIC SCHOOL,01,JAMMU & KASHMIR,0102,BARAMULLA,010216,SINGHPORA (KALAN),JAHAMA,KANISPORA (A),Primary with Upper Primary,Private Unaided (Recognized) ,3-Co-educational,Rural,Operational,193103,34.251,74.3904,2026-09-02T17:02:56,1004495,0,Operational,,,2,50,0,0,50,0,1,8,2,5,Private Unaided (Recognized) ,Private Unaided (Recognized),3,5,3,3-Co-educational,1,JAHAMA SINGHPORA KALAN BARAMULLA-193103,bugps541[at]gmail[dot]com,010216010,1008146,0102160002,1000997,1,22,Baramulla,241187,2416,Johama,Johama,,,,,2026-27,13,2026-01-27 19:48:09.185,,101,1002,10179,kys_by_year,2026-09-04T23:13:59+00:00
01021106901,BANGIL EDU. INST. UTIKOO,01,JAMMU & KASHMIR,0102,BARAMULLA,010211,KUNZAR,UTIKOO,MS Mongloora,Pr. Up Pr. and Secondary Only,Private Unaided (Recognized) ,3-Co-educational,Rural,Operational,193401,34.0791,74.4917,2026-09-02T17:02:56,1004018,0,Operational,,,2,50,0,0,50,0,1,10,6,5,Private Unaided (Recognized) ,Private Unaided (Recognized),3,5,3,3-Co-educational,1,"Utikoo Bangil, Utikoo ",bangilschool2019[at]gmail[dot]com,010211069,1008488,0102110008,1001130,1,7008,Hardaboora,241817,2395,Utikoo,Utikoo,,,,,2026-27,13,2026-01-25 22:14:51.39,,101,1002,10175,kys_by_year,2026-09-04T23:14:00+00:00
01020202401,BARAMULLA PUB. SCHOOL,01,JAMMU & KASHMIR,0102,BARAMULLA,010202,BARAMULLA,JADEED BLA,GMS KHANPORA,Pr. with Up.Pr. Sec. and H.Sec.,Private Unaided (Recognized) ,3-Co-educational,Urban,Operational,193101,34.1955,74.3441,2026-09-02T17:02:56,1003055,0,Operational,,,2,50,0,0,50,0,1,12,3,5,Private Unaided (Recognized) ,Private Unaided (Recognized),3,5,3,3-Co-educational,2,Eidgah Jadeed Baramulla Jammua and Kashmir 193101,baramullapublicschool[at]gmail[dot]com,010202024,1008612,0102020007,1001115,1,0,,,,,,248151,Municipal Council Baramulla-Notified Area Council,67975,Baramula (TC) - Ward No.13,2026-27,13,2026-01-24 12:42:30.139,,101,1002,10168,kys_by_year,2026-09-04T23:14:00+00:00
01020204507,BEACON HOUSE USHKURA,01,JAMMU & KASHMIR,0102,BARAMULLA,010202,BARAMULLA,Ushkura WARD NO 17,MS USHKURA,Pr. Up Pr. and Secondary Only,Private Unaided (Recognized) ,3-Co-educational,Urban,Operational,193101,34.2015,74.3572,2026-09-02T17:02:56,1003115,0,Operational,,,2,50,0,0,50,0,1,10,6,5,Private Unaided (Recognized) ,Private Unaided (Recognized),3,5,3,3-Co-educational,2,USHKURA BEACON COLONY ,beaconhouse.bhb[at]gmail[dot]com,010202045,1008633,0102020009,1001117,1,0,,,,,,248151,Municipal Council Baramulla-Notified Area Council,67979,Kanis Pora (OG) - Ward No.17,2026-27,13,2026-01-24 12:49:01.343,,101,1002,10168,kys_by_year,2026-09-04T23:14:00+00:00
01020401212,Bijhama Public School,01,JAMMU & KASHMIR,0102,BARAMULLA,010204,CHANDANWARI,BIJHAMA,GMS BIJHAMA,Primary with Upper Primary,Private Unaided (Recognized) ,3-Co-educational,Rural,Operational,193122,34.163298,74.0911,2026-09-02T17:02:56,1003295,0,Operational,,,2,50,0,0,50,0,1,8,2,5,Private Unaided (Recognized) ,Private Unaided (Recognized),3,5,3,3-Co-educational,1,Bijhama Tehsil Boniyar,bijhamapublicschool1212[at]gmail[dot]com,010204012,1008692,0102040004,1001057,1,7006,Bijhama,288827,2556,Bijhama,Bijhama B,,,,,2026-27,13,2026-01-28 13:39:44.451,,101,1002,10170,kys_by_year,2026-09-04T23:14:01+00:00
01020501005,BILAL MEM PUB SCHOOL,01,JAMMU & KASHMIR,0102,BARAMULLA,010205,DANGERPORA,HATHLANGOO,C2 GMS WARPORA,Primary with Upper Primary,Private Unaided (Recognized) ,3-Co-educational,Rural,Operational,193201,34.3681,74.5164,2026-09-02T17:02:56,1003387,0,Operational,,,2,50,0,0,50,0,1,8,2,5,Private Unaided (Recognized) ,Private Unaided (Recognized),3,5,3,3-Co-educational,1,BILALABAD HATHLANGOO DANGERPORA,,010205010,1008290,0102050002,1001065,1,36,Zaingeer,242035,2191,Hathlangoo,Hathlangoo,,,,,2026-27,13,2026-01-25 18:48:34.024,,101,1002,10171,kys_by_year,2026-09-04T23:14:01+00:00
01021203306,BISMELLAH EDU.INSTT.,01,JAMMU & KASHMIR,0102,BARAMULLA,010212,NEHALPORA,WAILOO,BMS MAHMOOD PORA,Primary,Private Unaided (Recognized) ,3-Co-educational,Rural,Operational,193402,34.126,74.4746,2026-09-02T17:02:56,1004109,0,Operational,,,2,50,0,0,50,0,1,5,1,5,Private Unaided (Recognized) ,Private Unaided (Recognized),3,5,3,3-Co-educational,1,wailoo kunzer baramulla,,010212033,1008750,0102120001,1000962,1,7019,Wailoo,241833,2340,Wailoo Kralpora,Wailoo,,,,,2026-27,13,2026-01-28 14:08:19.688,,101,1002,10176,kys_by_year,2026-09-04T23:14:01+00:00
01020301506,BIZZY BEES INTERNATIONAL PUBLIC SCHOOL HILLER PEERNIA,01,JAMMU & KASHMIR,0102,BARAMULLA,010203,BONIYAR,HILLER PEERNIA,(C4) BONIYAR,Primary,Private Unaided (Recognized) ,3-Co-educational,Rural,Operational,193101,34.1222,74.1848,2026-09-02T17:02:56,1030837,0,Operational,,,2,50,50,50,50,50,1,5,1,5,Private Unaided (Recognized) ,Private Unaided (Recognized),3,5,3,3-Co-educational,1,Hiller Peernia Bela Salamabad ,,010203015,1008563,0102030004,1001135,1,23,Boniyar,241805,2588,Hiller Pernia,Bela Salamabad,,,,,2026-27,13,2025-01-03 14:47:49.767,,101,1002,10169,kys_by_year,2026-09-04T23:14:02+00:00
01021600511,BLIND SCHOOL NORTHERN FEDERATION,01,JAMMU & KASHMIR,0102,BARAMULLA,010216,SINGHPORA (KALAN),KANISPORA,KANISPORA (A),Primary with Upper Primary,Private Unaided (Recognized) ,3-Co-educational,Rural,Operational,193101,34.206001,74.353757,2026-09-02T17:02:56,1004491,0,Operational,,,2,50,0,0,50,0,1,8,2,5,Private Unaided (Recognized) ,Private Unaided (Recognized),3,5,3,3-Co-educational,1,Jetty Road BARAMULLA KASHMIR,blindschool700[at]gmail[dot]com,010216005,1007186,0102160002,1000997,1,22,Baramulla,288802,2450,Kanispora,Kanispora B,,,,,2026-27,13,2026-01-27 19:27:07.312,,101,1002,10179,kys_by_year,2026-09-04T23:14:02+00:00
01020204606,BOYS HIGHER SECONDARY SCHOOL BARAMULLA,01,JAMMU & KASHMIR,0102,BARAMULLA,010202,BARAMULLA,Dewanbagh WARD NO 13,MS USHKURA,Secondary with Higher Secondary,Department of Education,1-Boys,Urban,Operational,193101,34.207,74.347,2026-09-02T17:02:56,1003128,0,Operational,,,2,50,0,0,50,0,9,12,10,1,Department of Education,Department of Education,1,1,1,1-Boys,2,DC OFFICE ROAD DEWANBAGH BARAMULLA,bhssbla[at]gmail[dot]com,010202046,1008634,0102020009,1001117,1,0,,,,,,248151,Municipal Council Baramulla-Notified Area Council,67975,Baramula (TC) - Ward No.13,2026-27,13,2026-01-24 12:52:27.818,,101,1002,10168,kys_by_year,2026-09-04T23:14:02+00:00
01020401001,BOYS HIGHER SECONDARY SCHOOL BAZAR MOHALLA GINGAL,01,JAMMU & KASHMIR,0102,BARAMULLA,010204,CHANDANWARI,GINGAL,BMS NOORKHAH,Up. Pr. Secondary and Higher Sec,Department of Education,3-Co-educational,Rural,Operational,193122,34.1336,74.1034,2026-09-02T17:02:56,1003274,0,Operational,,,2,50,0,0,50,0,6,12,5,1,Department of Education,Department of Education,1,1,3,3-Co-educational,1,Gingal Tehsil uri 193122,ghssgingaluri[at]gmail[dot]com,010204010,1008690,0102040003,1001056,1,7015,Paranpeela,288829,2551,Gingal,Gingle B,,,,,2026-27,13,2026-01-28 13:38:03.085,,101,1002,10170,kys_by_year,2026-09-04T23:14:03+00:00
01020502912,BOYS HIGHER SECONDARY SCHOOL BOMAI,01,JAMMU & KASHMIR,0102,BARAMULLA,010205,DANGERPORA,BOMAI,C6 BOMAI,Secondary with Higher Secondary,Department of Education,3-Co-educational,Rural,Operational,193201,34.3681,74.5164,2026-09-02T17:02:56,1003491,0,Operational,,,2,50,0,0,50,0,9,12,10,1,Department of Education,Department of Education,1,1,3,3-Co-educational,1,BOMAI ZAINGAIR SOPORE,bhssbomai[at]gmail[dot]com,010205029,1008309,0102050006,1001069,1,7018,Tujjar Sharief,242040,2198,Bomai,Bomai,,,,,2026-27,13,2025-03-02 10:58:15.328,,101,1002,10171,kys_by_year,2026-09-04T23:14:03+00:00
01020603601,BOYS HIGHER SECONDARY SCHOOL CHATOOSA,01,JAMMU & KASHMIR,0102,BARAMULLA,010206,DANGIWACHA,CHATOOSA,ZETHAN,Pr. with Up.Pr. Sec. and H.Sec.,Department of Education,3-Co-educational,Rural,Operational,193303,34.2898,74.2562,2026-09-02T17:02:56,1003658,0,Operational,,,2,50,0,0,50,0,1,12,3,1,Department of Education,Department of Education,1,1,3,3-Co-educational,1,HSS Chatoosa Rafiabad,ghsschatoosa[at]gmail[dot]com,010206036,1008367,0102060007,1001078,1,7009,Kandi Rafiabad,242408,2278,Chatoosa,Chatoosa,,,,,2026-27,13,2026-02-01 22:37:26.643,,101,1002,10172,kys_by_year,2026-09-04T23:14:03+00:00
01020501522,BOYS HIGHER SECONDARY SCHOOL DANGERPORA,01,JAMMU & KASHMIR,0102,BARAMULLA,010205,DANGERPORA,DANGERPORA,C3 BHS BRAT KALAN,Secondary with Higher Secondary,Department of Education,3-Co-educational,Rural,Operational,193201,34.3681,74.5164,2026-09-02T17:02:56,1003427,0,Operational,,,2,50,0,0,50,0,9,12,10,1,Department of Education,Department of Education,1,1,3,3-Co-educational,1,GHSS SCHOOL SILIPORA DANGERPORA,ghssdangerpora[at]gmail[dot]com,010205015,1008295,0102050003,1001066,1,36,Zaingeer,242028,2205,Dangarpora,Dangerpora A,,,,,2026-27,13,2026-01-25 18:53:02.094,,101,1002,10171,kys_by_year,2026-09-04T23:14:04+00:00
01021304010,BOYS HIGHER SECONDARY SCHOOL GOSH BUGH,01,JAMMU & KASHMIR,0102,BARAMULLA,010213,PATTAN,GOSH BUGH,GOSHBUGH,Secondary with Higher Secondary,Department of Education,3-Co-educational,Rural,Operational,193121,34.217701,74.542822,2026-09-02T17:02:56,1004324,0,Operational,,,2,50,0,0,50,0,9,12,10,1,Department of Education,Department of Education,1,1,3,3-Co-educational,1,GOSHBUGH PATTAN BARAMULLA,hssgoshbugh[at]rediffmail[dot]com,010213040,1006896,0102130011,1000975,1,27,Pattan,288806,2325,Goushbugh,Goshbugh B,,,,,2026-27,13,2026-01-25 13:20:55.917,,101,1002,10177,kys_by_year,2026-09-04T23:14:04+00:00
01021701401,BOYS HIGHER SECONDARY SCHOOL GUND KHAWAJA QASIM,01,JAMMU & KASHMIR,0102,BARAMULLA,010217,SINGHPORA PATTAN,GUND-KH-QASIM,BMS ARAMPORA,Up. Pr. Secondary and Higher Sec,Department of Education,3-Co-educational,Rural,Operational,193401,34.1659,74.605,2026-09-02T17:02:56,1004606,0,Operational,,,2,50,0,0,50,0,6,12,5,1,Department of Education,Department of Education,1,1,3,3-Co-educational,1,GUND KH. QASIM SINGHPORA PATTAN ,govtbhsgkqasim[at]gmail[dot]com,010217014,1007216,0102170005,1001014,1,7017,Sherabad Khore,241911,2370,Gund Khawaja Qasim,Gk Qasim,,,,,2026-27,13,2026-01-25 20:15:24.647,,101,1002,10180,kys_by_year,2026-09-04T23:14:04+00:00
01021603202,BOYS HIGHER SECONDARY SCHOOL KHAITANGAN,01,JAMMU & KASHMIR,0102,BARAMULLA,010216,SINGHPORA (KALAN),KHAITAINGAN,HSS KHAITANGAN,Secondary with Higher Secondary,Department of Education,3-Co-educational,Rural,Operational,193103,34.1859,74.4076,2026-09-02T17:02:56,1004539,0,Operational,,,2,50,0,0,50,0,9,12,10,1,Department of Education,Department of Education,1,1,3,3-Co-educational,1,CHECK KHAITANGAN SINGHPORA KALAN BARAMULLA,HSSKHAITANGAN18[at]GMAIL[dot]COM,010216032,1008511,0102160010,1001005,1,22,Baramulla,242438,2421,Khaitangan,Khaitangan,,,,,2026-27,13,2026-01-27 19:53:25.847,,101,1002,10179,kys_by_year,2026-09-04T23:14:05+00:00
01021704311,BOYS HIGHER SECONDARY SCHOOL LT. MOHD MAQBOOL GANIE SHERABAD,01,JAMMU & KASHMIR,0102,BARAMULLA,010217,SINGHPORA PATTAN,SHERABAD,BMS KONGAM DARA,Secondary with Higher Secondary,Department of Education,3-Co-educational,Rural,Operational,193121,34.1303,74.5748,2026-09-02T17:02:56,1004676,0,Operational,,,2,50,0,0,50,0,9,12,10,1,Department of Education,Department of Education,1,1,3,3-Co-educational,1,Sherabad khore Pattan,ghssskhore[at]gmail[dot]com,010217043,1008199,0102170003,1001012,1,7017,Sherabad Khore,241932,2375,Sheerabad Khoor,Khore,,,,,2026-27,13,2025-03-03 11:37:10.294,,101,1002,10180,kys_by_year,2026-09-04T23:14:05+00:00
01021204319,BOYS HIGHER SECONDARY SCHOOL NEHALPORA,01,JAMMU & KASHMIR,0102,BARAMULLA,010212,NEHALPORA,NEHALPORA,BMS NEHALPORA,Secondary with Higher Secondary,Department of Education,3-Co-educational,Rural,Operational,193121,34.1496,74.5269,2026-09-02T17:02:56,1004148,0,Operational,,,2,50,0,0,50,0,9,12,10,1,Department of Education,Department of Education,1,1,3,3-Co-educational,1,nehalpora pattan baramulla,hssnehalpora123[at]gmail[dot]com,010212043,1008759,0102120005,1000966,1,27,Pattan,241856,2348,Nehalpora,Nihalpora-B,,,,,2026-27,13,2026-01-28 14:17:13.937,,101,1002,10176,kys_by_year,2026-09-04T23:14:05+00:00
01021301429,BOYS HIGHER SECONDARY SCHOOL PALHALLAN,01,JAMMU & KASHMIR,0102,BARAMULLA,010213,PATTAN,PALHALLAN,GMS PALHALLAN,Secondary with Higher Secondary,Department of Education,3-Co-educational,Rural,Operational,193121,34.182601,74.544027,2026-09-02T17:02:56,1004242,0,Operational,,,2,50,0,0,50,0,9,12,10,1,Department of Education,Department of Education,1,1,3,3-Co-educational,1,PALHALLAN PATTAN BARAMULLA,pribhsspln[at]gmail[dot]com,010213014,1008784,0102130005,1000957,1,27,Pattan,241877,2329,Palhallan,Palhalan-B,,,,,2026-27,13,2026-01-25 12:57:17.081,,101,1002,10177,kys_by_year,2026-09-04T23:14:06+00:00
01021301319,BOYS HIGHER SECONDARY SCHOOL PATTAN,01,JAMMU & KASHMIR,0102,BARAMULLA,010213,PATTAN,PATTAN,BMS PATTAN,Secondary with Higher Secondary,Department of Education,3-Co-educational,Urban,Operational,193121,34.1549,74.563,2026-09-02T17:02:56,1004224,0,Operational,,,2,50,0,0,50,0,9,12,10,1,Department of Education,Department of Education,1,1,3,3-Co-educational,2,PATTAN BARAMULLA KASHMIR,hsspattan50[at]gmail[dot]com,010213013,1007993,0102130004,1000956,1,0,,,,,,248150,Municipal Committee Pattan-Municipality,10026,Pattan (NAC) - Ward No.2,2026-27,13,2026-01-25 12:55:55.753,,101,1002,10177,kys_by_year,2026-09-04T23:14:06+00:00
01020201301,BOYS HIGHER SECONDARY SCHOOL SHUTLOO,01,JAMMU & KASHMIR,0102,BARAMULLA,010202,BARAMULLA,SHUTLOO,VOHULITRA,Pr. with Up.Pr. Sec. and H.Sec.,Department of Education,3-Co-educational,Rural,Operational,193301,34.2567,74.3163,2026-09-02T17:02:56,1003036,0,Operational,,,2,50,0,0,50,0,1,12,3,1,Department of Education,Department of Education,1,1,3,3-Co-educational,1,Shutloo Rafiabad Baramulla,Highersecondaryshutloo022[at]gmail[dot]com,010202013,1008601,0102020003,1001111,1,29,Rohama,241197,2408,Shutloo,Shutloo,,,,,2026-27,13,2026-01-24 12:39:41.54,,101,1002,10168,kys_by_year,2026-09-04T23:14:06+00:00
01021803111,BOYS HIGHER SECONDARY SCHOOL SOPORE,01,JAMMU & KASHMIR,0102,BARAMULLA,010218,SOPORE,CHINKIPORA,GMS BABAYOUSUF,Secondary with Higher Secondary,Department of Education,1-Boys,Urban,Operational,193201,34.2857,74.4639,2026-09-02T17:02:56,1004849,0,Operational,,,2,50,0,0,50,0,9,12,10,1,Department of Education,Department of Education,1,1,1,1-Boys,2,IQBAL MARKET SOPORE BARAMULLA,bhsssopur[at]gmail[dot]com,010218031,1008009,0102180002,1001101,1,0,,,,,,248149,Municipal Council Sopore-Notified Area Council,67910,Sopore (TC) - Ward No.14,2026-27,13,2025-03-03 00:18:33.36,,101,1002,10181,kys_by_year,2026-09-04T23:14:07+00:00
01021303801,BOYS HIGHER SECONDARY SCHOOL SULTANPORA,01,JAMMU & KASHMIR,0102,BARAMULLA,010213,PATTAN,SULTANPORA,GOSHBUGH,Pr. with Up.Pr. Sec. and H.Sec.,Department of Education,3-Co-educational,Rural,Operational,193121,34.2059,74.5393,2026-09-02T17:02:56,1004308,0,Operational,,,2,50,0,0,50,0,1,12,3,1,Department of Education,Department of Education,1,1,3,3-Co-educational,1,SULTANPORA PATTAN BARAMULLA,bhs.sultanpora1[at]gmail[dot]com,010213038,1006894,0102130011,1000975,1,27,Pattan,241871,2324,Sultanpora Khoie,Sultanpora B,,,,,2026-27,13,2026-01-25 13:17:09.959,,101,1002,10177,kys_by_year,2026-09-04T23:14:07+00:00
01020401210,BOYS HIGHER SECONDARY SCHOOL TOWHEED MOHALLA BIJHAMA,01,JAMMU & KASHMIR,0102,BARAMULLA,010204,CHANDANWARI,BIJHAMA,GMS BIJHAMA,Secondary with Higher Secondary,Department of Education,3-Co-educational,Rural,Operational,193122,34.1634,74.0902,2026-09-02T17:02:56,1003293,0,Operational,,,2,50,0,0,50,0,9,12,10,1,Department of Education,Department of Education,1,1,3,3-Co-educational,1,Bijhama Tehsil Boniyar,govt.hss.bijhama[at]gmail[dot]com,010204012,1008692,0102040004,1001057,1,7006,Bijhama,288827,2556,Bijhama,Bijhama B,,,,,2026-27,13,2026-01-28 13:40:01.156,,101,1002,10170,kys_by_year,2026-09-04T23:14:07+00:00
01020605502,BOYS HIGHER SECONDARY SCHOOL ZETHAN,01,JAMMU & KASHMIR,0102,BARAMULLA,010206,DANGIWACHA,ZETHAN,ZETHAN,Pr. with Up.Pr. Sec. and H.Sec.,Department of Education,3-Co-educational,Rural,Operational,193303,34.3034,74.2668,2026-09-02T17:02:56,1003683,0,Operational,,,2,50,0,0,50,0,1,12,3,1,Department of Education,Department of Education,1,1,3,3-Co-educational,1,Zethan Rafiabad Dist Baramulla J and K,bhsszethan[at]gmail[dot]com,010206055,1008383,0102060007,1001078,1,7009,Kandi Rafiabad,242410,2263,Zethan,Zethan,,,,,2026-27,13,2026-02-01 22:48:49.617,,101,1002,10172,kys_by_year,2026-09-04T23:14:08+00:00
01020500207,BOYS HIGHER SECONDAY SCHOOL BOTINGOO,01,JAMMU & KASHMIR,0102,BARAMULLA,010205,DANGERPORA,BOTINGOO,C1 BMS WATLAB,Secondary with Higher Secondary,Department of Education,3-Co-educational,Rural,Operational,193201,34.36,74.5033,2026-09-02T17:02:56,1003366,0,Operational,,,2,50,0,0,50,0,9,12,10,1,Department of Education,Department of Education,1,1,3,3-Co-educational,1,BUNPORA BOTINGOO DANGERPORA,principalhssbotingoo[at]gmail[dot]com,010205002,1008283,0102050001,1001054,1,36,Zaingeer,242049,2192,Botingoo,Botingoo B,,,,,2026-27,13,2026-01-25 17:19:07.535,,101,1002,10171,kys_by_year,2026-09-04T23:14:08+00:00
01020501302,BOYS HIGH SCHOOL AADIPORA,01,JAMMU & KASHMIR,0102,BARAMULLA,010205,DANGERPORA,AADIPORA,C2 GMS WARPORA,Pr. Up Pr. and Secondary Only,Department of Education,3-Co-educational,Rural,Operational,193201,34.3681,74.5164,2026-09-02T17:02:56,1003405,0,Operational,,,2,50,0,0,50,0,1,10,6,1,Department of Education,Department of Education,1,1,3,3-Co-educational,1,GOVT BOYS HIGH SCHOOL ADIPORE SOPORE ,hsadiporaspr[at]gmail[dot]com,010205013,1008293,0102050002,1001065,1,31,Sopore,241935,2209,Adipora,Aadipora,,,,,2026-27,13,2026-01-25 18:50:48.834,,101,1002,10171,kys_by_year,2026-09-04T23:14:08+00:00
01021701201,BOYS HIGH SCHOOL ARAMPORA,01,JAMMU & KASHMIR,0102,BARAMULLA,010217,SINGHPORA PATTAN,ARMPORA,BMS ARAMPORA,Pr. Up Pr. and Secondary Only,Department of Education,3-Co-educational,Rural,Operational,193401,34.131865,74.625466,2026-09-02T17:02:56,1004598,0,Operational,,,2,50,0,0,50,0,1,10,6,1,Department of Education,Department of Education,1,1,3,3-Co-educational,1,ARAMPORA SINGHPORA PATTAN 193121,headmasterbhsarampora111[at]gmail[dot]com,010217012,1007214,0102170005,1001014,1,30,Singhpora,288822,2365,Arampora,Bonichakul B (Arampora),,,,,2026-27,13,2026-01-25 20:10:15.06,,101,1002,10180,kys_by_year,2026-09-04T23:14:09+00:00
01021704202,BOYS HIGH SCHOOL ARCHANDERHAMA,01,JAMMU & KASHMIR,0102,BARAMULLA,010217,SINGHPORA PATTAN,ARCHANDERHAMA,HS ARCHANDARHAMA,Pr. Up Pr. and Secondary Only,Department of Education,3-Co-educational,Rural,Operational,193401,34.107061,74.612763,2026-09-02T17:02:56,1004668,0,Operational,,,2,50,0,0,50,0,1,10,6,1,Department of Education,Department of Education,1,1,3,3-Co-educational,1,ARCHANDERHAMA SINGHPORA PATTAN 193121,govthsarchanderhama[at]gmail[dot]com,010217042,1008198,0102170007,1001016,1,7017,Sherabad Khore,241913,2368,Archander Hama,Archanderhama,,,,,2026-27,13,2026-01-25 20:26:35.391,,101,1002,10180,kys_by_year,2026-09-04T23:14:09+00:00
01021803083,BOYS HIGH SCHOOL BABAYOUSUF,01,JAMMU & KASHMIR,0102,BARAMULLA,010218,SOPORE,SOPORE,NOWPORA,Upper Pr. and Secondary,Department of Education,3-Co-educational,Urban,Operational,193201,34.2876,74.449,2026-09-02T17:02:56,1004827,0,Operational,,,2,50,0,0,50,0,6,10,7,1,Department of Education,Department of Education,1,1,3,3-Co-educational,2, BAGH I REHMAT IQBAL NAGAR SOPORE BARAMULLA,bhsbabayousufschoolsopore[at]gmail[dot]com,010218030,1002508,0102180004,1001103,1,0,,,,,,248149,Municipal Council Sopore-Notified Area Council,67906,Sopore (TC) - Ward No.10,2026-27,13,2025-03-03 00:08:38.64,,101,1002,10181,kys_by_year,2026-09-04T23:14:09+00:00
01020200603,BOYS HIGH SCHOOL BINNER,01,JAMMU & KASHMIR,0102,BARAMULLA,010202,BARAMULLA,BINNER,CHAKLOO BLA,Pr. Up Pr. and Secondary Only,Department of Education,3-Co-educational,Rural,Operational,193301,34.2377,74.3508,2026-09-02T17:02:56,1003016,0,Operational,,,2,50,0,0,50,0,1,10,6,1,Department of Education,Department of Education,1,1,3,3-Co-educational,1,Binner Baramulla Kmr,bhsbinner[at]gmail[dot]com,010202006,1008594,0102020001,1001109,1,7012,Nadihal,241202,936667,Sheerwaniabad,Binner A,,,,,2026-27,13,2025-03-03 13:15:21.118,,101,1002,10168,kys_by_year,2026-09-04T23:14:10+00:00
01020501401,BOYS HIGH SCHOOL BRAT KALAN,01,JAMMU & KASHMIR,0102,BARAMULLA,010205,DANGERPORA,BRAT KALAN,C3 BHS BRAT KALAN,Pr. Up Pr. and Secondary Only,Department of Education,3-Co-educational,Rural,Operational,193201,34.3233,74.4601,2026-09-02T17:02:56,1003412,0,Operational,,,2,50,0,0,50,0,1,10,6,1,Department of Education,Department of Education,1,1,3,3-Co-educational,1,Gund Mohalla Brath Kalan,highschbrathkalan[at]gmail[dot]com,010205014,1008294,0102050003,1001066,1,36,Zaingeer,288834,2211,Brath,Brath Kalan New,,,,,2026-27,13,2025-03-03 12:31:58.922,,101,1002,10171,kys_by_year,2026-09-04T23:14:10+00:00
01020200101,BOYS HIGH SCHOOL CHAKLOO,01,JAMMU & KASHMIR,0102,BARAMULLA,010202,BARAMULLA,CHAKLOO,CHAKLOO BLA,Pr. Up Pr. and Secondary Only,Department of Education,3-Co-educational,Rural,Operational,193301,34.2379,74.3835,2026-09-02T17:02:56,1002999,0,Operational,,,2,50,0,0,50,0,1,10,6,1,Department of Education,Department of Education,1,1,3,3-Co-educational,1,CHAKLOO BARAMULLA KASHMIR,bhschakloo[at]gmail[dot]com,010202001,1008006,0102020001,1001109,1,7012,Nadihal,241218,2414,Chakloo,Chakla,,,,,2026-27,13,2025-03-03 12:31:15.514,,101,1002,10168,kys_by_year,2026-09-04T23:14:10+00:00
01021803069,BOYS HIGH SCHOOL CHANKHAN,01,JAMMU & KASHMIR,0102,BARAMULLA,010218,SOPORE,SOPORE,CHANKHAN,Pr. Up Pr. and Secondary Only,Department of Education,3-Co-educational,Urban,Operational,193201,34.2719,74.4682,2026-09-02T17:02:56,1004815,0,Operational,,,2,50,0,0,50,0,1,10,6,1,Department of Education,Department of Education,1,1,3,3-Co-educational,2,CHANKHAN SOPORE BARAMULLA,bhschankhan2022[at]gmail[dot]com,010218030,1002508,0102180009,1001108,1,0,,,,,,248149,Municipal Council Sopore-Notified Area Council,67900,Sopore (TC) - Ward No.3,2026-27,13,2025-03-03 00:10:10.729,,101,1002,10181,kys_by_year,2026-09-04T23:14:11+00:00
01021201501,BOYS HIGH SCHOOL CHOKER,01,JAMMU & KASHMIR,0102,BARAMULLA,010212,NEHALPORA,CHOKAR,BMS Behrampora Chukar ,Upper Pr. and Secondary,Department of Education,3-Co-educational,Rural,Operational,193121,34.1204,74.4946,2026-09-02T17:02:56,1004063,0,Operational,,,2,50,0,0,50,0,6,10,7,1,Department of Education,Department of Education,1,1,3,3-Co-educational,1,CHOKER PATTAN BARAMULLA,HIGHSCHOOLCHUKER[at]GMAIL[dot]COM,010212015,1008734,0102120004,1000965,1,7019,Wailoo,241837,2380,Chukar,Chukar-B,,,,,2026-27,13,2025-03-05 12:36:23.319,,101,1002,10176,kys_by_year,2026-09-04T23:14:11+00:00
01020204605,BOYS HIGH SCHOOL DEWANBAGH,01,JAMMU & KASHMIR,0102,BARAMULLA,010202,BARAMULLA,Dewanbagh WARD NO 13,MS USHKURA,Upper Pr. and Secondary,Department of Education,3-Co-educational,Urban,Operational,193101,34.206,74.35,2026-09-02T17:02:56,1003127,0,Operational,,,2,50,0,0,50,0,6,10,7,1,Department of Education,Department of Education,1,1,3,3-Co-educational,2,Dewan bagh Baramulla,bhsdewanbagh[at]gmail[dot]com,010202046,1008634,0102020009,1001117,1,0,,,,,,248151,Municipal Council Baramulla-Notified Area Council,67975,Baramula (TC) - Ward No.13,2026-27,13,2026-01-24 12:52:43.448,,101,1002,10168,kys_by_year,2026-09-04T23:14:11+00:00
01021700201,BOYS HIGH SCHOOL DIVER,01,JAMMU & KASHMIR,0102,BARAMULLA,010217,SINGHPORA PATTAN,DIVER YAKMANPORA,MS CHAINA BAL,Upper Pr. and Secondary,Department of Education,3-Co-educational,Rural,Operational,193121,34.152531,74.645773,2026-09-02T17:02:56,1004563,0,Operational,,,2,50,0,0,50,0,6,10,7,1,Department of Education,Department of Education,1,1,3,3-Co-educational,1,DIVER PARIHASPORA PATTAN 193121,highschooldiver[at]gmail[dot]com,010217002,1007204,0102170002,1001011,1,30,Singhpora,241910,2362,Devar Yakhmanpora,Deveryaknpora,,,,,2026-27,13,2026-01-25 20:02:32.623,,101,1002,10180,kys_by_year,2026-09-04T23:14:12+00:00
01020503801,BOYS HIGH SCHOOL DUROO,01,JAMMU & KASHMIR,0102,BARAMULLA,010205,DANGERPORA,DUROO,C7 DUROO,Pr. Up Pr. and Secondary Only,Department of Education,3-Co-educational,Rural,Operational,193201,34.3502,74.4561,2026-09-02T17:02:56,1003510,0,Operational,,,2,50,0,0,50,0,1,10,6,1,Department of Education,Department of Education,1,1,3,3-Co-educational,1,DUROO DANGERPORA SOPORE,highschoolduroo[at]gmail[dot]com,010205038,1008317,0102050007,1001070,1,7018,Tujjar Sharief,242044,2197,Goripora Darpora,Goripiora,,,,,2026-27,13,2026-01-25 18:56:02.177,,101,1002,10171,kys_by_year,2026-09-04T23:14:12+00:00
01021600101,BOYS HIGH SCHOOL FATEHPORA,01,JAMMU & KASHMIR,0102,BARAMULLA,010216,SINGHPORA (KALAN),FATEHPORA,MS FATEHPORA,Upper Pr. and Secondary,Department of Education,3-Co-educational,Rural,Operational,193103,34.2072,74.379,2026-09-02T17:02:56,1004480,0,Operational,,,2,50,0,0,50,0,6,10,7,1,Department of Education,Department of Education,1,1,3,3-Co-educational,1,HIGH SCHOOL FATEHPORA BARAMULLA,bhsfatehpora[at]gmail[dot]com,010216001,1007182,0102160001,1000996,1,22,Baramulla,241208,2449,Fetehpora,Fatehpora,,,,,2026-27,13,2026-01-27 19:27:35.394,,101,1002,10179,kys_by_year,2026-09-04T23:14:12+00:00
01020201201,BOYS HIGH SCHOOL HAJIBAL,01,JAMMU & KASHMIR,0102,BARAMULLA,010202,BARAMULLA,HAJIBAL,RAJGHAT,Pr. Up Pr. and Secondary Only,Department of Education,3-Co-educational,Rural,Operational,193101,34.2171,74.2973,2026-09-02T17:02:56,1003033,0,Operational,,,2,50,0,0,50,0,1,10,6,1,Department of Education,Department of Education,1,1,3,3-Co-educational,1,HAJIBAL BARAMULLA KASHMIR,hshajibal2018[at]gmail[dot]com,010202012,1008600,0102020006,1001114,1,22,Baramulla,241190,2427,Hajibal,Takyasultan / Drangabal,,,,,2026-27,13,2026-01-24 12:39:25.972,,101,1002,10168,kys_by_year,2026-09-04T23:14:13+00:00
01020606001,BOYS HIGH SCHOOL HAMAM,01,JAMMU & KASHMIR,0102,BARAMULLA,010206,DANGIWACHA,HAMAM,KANGROOSA,Pr. Up Pr. and Secondary Only,Department of Education,3-Co-educational,Rural,Operational,193303,34.2787,74.1993,2026-09-02T17:02:56,1003691,0,Operational,,,2,50,0,0,50,0,1,10,6,1,Department of Education,Department of Education,1,1,3,3-Co-educational,1,"HAMAM,Dangiwacha, Baramulla, Jammu Kashmir",bhshamam123[at]gmail[dot]com,010206060,1008388,0102060008,1001079,1,7009,Kandi Rafiabad,288830,2271,Hamam,Pazalpora B,,,,,2026-27,13,2026-02-01 22:52:39.783,,101,1002,10172,kys_by_year,2026-09-04T23:14:13+00:00
01021701002,BOYS HIGH SCHOOL HANJIWERA BALA,01,JAMMU & KASHMIR,0102,BARAMULLA,010217,SINGHPORA PATTAN,HANJIWARA BALA,GMS HANJIWERA,Pr. Up Pr. and Secondary Only,Department of Education,3-Co-educational,Rural,Operational,193121,34.139549,74.587629,2026-09-02T17:02:56,1004592,0,Operational,,,2,50,0,0,50,0,1,10,6,1,Department of Education,Department of Education,1,1,3,3-Co-educational,1,Hanjiwara Bala Singhpora Pattan 193121,bhshanjiwera[at]gmail[dot]com,010217010,1007212,0102170008,1001017,1,30,Singhpora,288837,2374,Hanjiwara,Hanjiwera B,,,,,2026-27,13,2026-01-25 20:11:43.101,,101,1002,10180,kys_by_year,2026-09-04T23:14:13+00:00
01021700902,BOYS HIGH SCHOOL HANJIWERA PAYEEN,01,JAMMU & KASHMIR,0102,BARAMULLA,010217,SINGHPORA PATTAN,HANJIWERA PAYEEN,GMS HANJIWERA,Pr. Up Pr. and Secondary Only,Department of Education,3-Co-educational,Rural,Operational,193121,34.145766,74.59334,2026-09-02T17:02:56,1004586,0,Operational,,,2,50,0,0,50,0,1,10,6,1,Department of Education,Department of Education,1,1,3,3-Co-educational,1,HANJIWARA PAYEEN SINGHPORA PATTAN 193121,bhshanjiwerapayeen5[at]gmail[dot]com,010217009,1007211,0102170008,1001017,1,30,Singhpora,241931,2374,Hanjiwara,Hanjiwara A,,,,,2026-27,13,2026-01-25 20:13:30.522,,101,1002,10180,kys_by_year,2026-09-04T23:14:14+00:00
01020602601,BOYS HIGH SCHOOL HARDU CHANAM,01,JAMMU & KASHMIR,0102,BARAMULLA,010206,DANGIWACHA,HARDU CHANAM,BAKHIPORA,Pr. Up Pr. and Secondary Only,Department of Education,3-Co-educational,Rural,Operational,193303,34.302841,74.293799,2026-09-02T17:02:56,1003642,0,Operational,,,2,50,0,0,50,0,1,10,6,1,Department of Education,Department of Education,1,1,3,3-Co-educational,1,Naid mohalla Hardu Chanam Dangiwacha,hschanam[at]gmail[dot]com,010206026,1008360,0102060010,1001081,1,28,Rafiabad,242413,2259,Hardu Chanam,Chanum,,,,,2026-27,13,2026-02-01 22:28:40.832,,101,1002,10172,kys_by_year,2026-09-04T23:14:14+00:00
01020503909,BOYS HIGH SCHOOL HARDUSHIVA,01,JAMMU & KASHMIR,0102,BARAMULLA,010205,DANGERPORA,SHIVA,C7 DUROO,Pr. Up Pr. and Secondary Only,Department of Education,3-Co-educational,Rural,Operational,193201,34.3739,74.4504,2026-09-02T17:02:56,1003524,0,Operational,,,2,50,0,0,50,0,1,10,6,1,Department of Education,Department of Education,1,1,3,3-Co-educational,1,NEAR PAZALPORA HARDUSHIVA,ghshardushiva[at]gmail[dot]com,010205039,1008318,0102050007,1001070,1,36,Zaingeer,242046,2231,Hardushiva,Shiva B,,,,,2026-27,13,2026-01-25 18:57:04.286,,101,1002,10171,kys_by_year,2026-09-04T23:14:14+00:00
01020501001,BOYS HIGH SCHOOL HATHLANGOO,01,JAMMU & KASHMIR,0102,BARAMULLA,010205,DANGERPORA,HATHLANGOO,C2 GMS WARPORA,Pr. Up Pr. and Secondary Only,Department of Education,3-Co-educational,Rural,Operational,193201,34.3681,74.5164,2026-09-02T17:02:56,1003385,0,Operational,,,2,50,0,0,50,0,4,10,6,1,Department of Education,Department of Education,1,1,3,3-Co-educational,1,GANIE MOHALLA HATHLANGOO ,hshathlangoo[at]gmail[dot]com,010205010,1008290,0102050002,1001065,1,36,Zaingeer,242035,2191,Hathlangoo,Hathlangoo,,,,,2026-27,13,2026-01-25 18:43:39.228,,101,1002,10171,kys_by_year,2026-09-04T23:14:15+00:00
01020701101,BOYS HIGH SCHOOL HEEWAN,01,JAMMU & KASHMIR,0102,BARAMULLA,010207,FATEHGRAH,SHEERI,GHS HEEWAN,Upper Pr. and Secondary,Department of Education,3-Co-educational,Rural,Operational,193101,34.1722,74.3346,2026-09-02T17:02:56,1003729,0,Operational,,,2,50,0,0,50,0,6,10,7,1,Department of Education,Department of Education,1,1,3,3-Co-educational,1,HEEWAN NARVAW BARMULLA,boyshighschoolheewan[at]gmail[dot]com,010207011,1008653,0102070004,1001085,1,7013,Narwah,241192,2424,Heewan,Heevan B,,,,,2026-27,13,2026-01-31 11:09:00.188,,101,1002,10173,kys_by_year,2026-09-04T23:14:15+00:00
01020600501,BOYS HIGH SCHOOL HIB DANGERPORA,01,JAMMU & KASHMIR,0102,BARAMULLA,010206,DANGIWACHA,HIB DANGERPORA,HIB C2,Pr. Up Pr. and Secondary Only,Department of Education,3-Co-educational,Rural,Operational,193201,34.3213,74.4047,2026-09-02T17:02:56,1003585,0,Operational,,,2,50,0,0,50,0,1,10,6,1,Department of Education,Department of Education,1,1,3,3-Co-educational,1,HS. HiB-Dangarpora rafiabad baramulla,Gbhshib907[at]gmail[dot]com,010206005,1008341,0102060002,1001073,1,28,Rafiabad,242428,2238,Hib Danger Pora,Hib Dangerpora,,,,,2026-27,13,2026-02-01 22:17:52.508,,101,1002,10172,kys_by_year,2026-09-04T23:14:15+00:00
01021601001,BOYS HIGH SCHOOL JAHAMA,01,JAMMU & KASHMIR,0102,BARAMULLA,010216,SINGHPORA (KALAN),JAHAMA,MS DELINA (A),Pr. Up Pr. and Secondary Only,Department of Education,3-Co-educational,Rural,Operational,193101,34.2508,74.3896,2026-09-02T17:02:56,1004493,0,Operational,,,2,50,0,0,50,0,1,10,6,1,Department of Education,Department of Education,1,1,3,3-Co-educational,1,JAHAMA SINGHPORA KALAN BARAMULLA,gbhsjahama2012[at]gmail[dot]com,010216010,1008146,0102160006,1001001,1,22,Baramulla,241187,2416,Johama,Johama,,,,,2026-27,13,2026-01-27 19:47:50.308,,101,1002,10179,kys_by_year,2026-09-04T23:14:16+00:00
01021803060,BOYS HIGH SCHOOL JAMIA QADEEM,01,JAMMU & KASHMIR,0102,BARAMULLA,010218,SOPORE,SOPORE,CHANKHAN,Upper Pr. and Secondary,Department of Education,3-Co-educational,Urban,Operational,193201,34.2785,74.4714,2026-09-02T17:02:56,1004811,0,Operational,,,2,50,0,0,50,0,6,10,7,1,Department of Education,Department of Education,1,1,3,3-Co-educational,2,JAMIA QADEEM SOPORE BARAMULLA,hsjamiaqadeemict[at]gmail[dot]com,010218030,1002508,0102180009,1001108,1,0,,,,,,248149,Municipal Council Sopore-Notified Area Council,67901,Sopore (TC) - Ward No.4,2026-27,13,2025-03-03 00:08:26.123,,101,1002,10181,kys_by_year,2026-09-04T23:14:16+00:00
01020400401,BOYS HIGH SCHOOL KHAN MOHALLA SALAMABAD DACHANA,01,JAMMU & KASHMIR,0102,BARAMULLA,010204,CHANDANWARI,SALAMABAD DACHINA,GPS SALAM ABAD,Pr. Up Pr. and Secondary Only,Department of Education,3-Co-educational,Rural,Operational,193122,34.1641,74.1313,2026-09-02T17:02:56,1003253,0,Operational,,,2,50,0,0,50,0,1,10,6,1,Department of Education,Department of Education,1,1,3,3-Co-educational,1,Salamabad Dachina Boniyar,hssalamabaddachina[at]gmail[dot]com,010204004,1008686,0102040009,1001062,1,7006,Bijhama,241789,2559,Salamabad Dachhna,Salamabad Dachina B,,,,,2026-27,13,2026-01-28 12:52:47.139,,101,1002,10170,kys_by_year,2026-09-04T23:14:16+00:00
01020203503,BOYS HIGH SCHOOL KHAWAJA BAGH,01,JAMMU & KASHMIR,0102,BARAMULLA,010202,BARAMULLA,KHAWAJA BAGH BLA,GMS K-BAGH,Upper Pr. and Secondary,Department of Education,3-Co-educational,Urban,Operational,193103,34.2174,74.3721,2026-09-02T17:02:56,1003075,0,Operational,,,2,50,0,0,50,0,6,10,7,1,Department of Education,Department of Education,1,1,3,3-Co-educational,2,Khawajabagh Baramulla Kmr,hskhawajabagh[at]gmail[dot]com,010202035,1008623,0102020008,1001116,1,0,,,,,,248151,Municipal Council Baramulla-Notified Area Council,67982,Takia Sultan (OG) - Ward No.20,2026-27,13,2026-01-24 12:47:44.932,,101,1002,10168,kys_by_year,2026-09-04T23:14:17+00:00
01020402501,BOYS HIGH SCHOOL LODHI MOHALLA DHANISYDAIN,01,JAMMU & KASHMIR,0102,BARAMULLA,010204,CHANDANWARI,DHANI SAYEDIAN,PS SHUKERLARI,Upper Pr. and Secondary,Department of Education,3-Co-educational,Rural,Operational,193122,34.1365,74.0714,2026-09-02T17:02:56,1003345,0,Operational,,,2,50,0,0,50,0,6,10,7,1,Department of Education,Department of Education,1,1,3,3-Co-educational,1,HS DHANISYDAIN TEHSIL URI,hsdhani.77[at]gmail[dot]com,010204025,1008703,0102040007,1001060,1,7015,Paranpeela,242009,2505,Deni Syeedan,Dhanisydan,,,,,2026-27,13,2026-01-28 14:05:26.176,,101,1002,10170,kys_by_year,2026-09-04T23:14:17+00:00
01021700501,BOYS HIGH SCHOOL MATIPORA,01,JAMMU & KASHMIR,0102,BARAMULLA,010217,SINGHPORA PATTAN,MATIPORA,MS CHAINA BAL,Pr. Up Pr. and Secondary Only,Department of Education,3-Co-educational,Rural,Operational,193121,34.1394,74.625,2026-09-02T17:02:56,1004572,0,Operational,,,2,50,0,0,50,0,1,10,6,1,Department of Education,Department of Education,1,1,3,3-Co-educational,1,MATIPORA SINGHPORA 193121,hsmatipora[at]gmail[dot]com,010217005,1007207,0102170002,1001011,1,30,Singhpora,241916,2356,Mati Pora,Matipora,,,,,2026-27,13,2026-01-25 20:04:11.371,,101,1002,10180,kys_by_year,2026-09-04T23:14:17+00:00
01021205401,BOYS HIGH SCHOOL NILLAH,01,JAMMU & KASHMIR,0102,BARAMULLA,010212,NEHALPORA,NILHA,MS WANIGAM,Pr. Up Pr. and Secondary Only,Department of Education,3-Co-educational,Rural,Operational,193108,34.1602,74.5543,2026-09-02T17:02:56,1004172,0,Operational,,,2,50,0,0,50,0,1,10,6,1,Department of Education,Department of Education,1,1,3,3-Co-educational,1,NILLAH PATTAN BARAMULLA,Gbhhnillah[at]gmail[dot]com,010212054,1008113,0102120003,1000964,1,27,Pattan,241854,2331,Neelofar,Nillah Palpora,,,,,2026-27,13,2026-01-28 14:26:05.779,,101,1002,10176,kys_by_year,2026-09-04T23:14:18+00:00
01020303003,BOYS HIGH SCHOOL NOWSHERA,01,JAMMU & KASHMIR,0102,BARAMULLA,010203,BONIYAR,GIRDANAWA,(C8) NOWSHERA,Pr. Up Pr. and Secondary Only,Department of Education,3-Co-educational,Rural,Operational,193122,34.155,74.217,2026-09-02T17:02:56,1003227,0,Operational,,,2,50,0,0,50,0,1,10,6,1,Department of Education,Department of Education,1,1,3,3-Co-educational,1,NOWSHERA BONIYAR BARAMULLA,bhsnowshera2024[at]gmail[dot]com,010203030,1008576,0102030008,1001139,1,23,Boniyar,241802,2568,Gird Nawah,Nowshera B,,,,,2026-27,13,2026-01-27 20:04:10.916,,101,1002,10169,kys_by_year,2026-09-04T23:14:18+00:00
01021800501,BOYS HIGH SCHOOL RADAYGAM,01,JAMMU & KASHMIR,0102,BARAMULLA,010218,SOPORE,RADAYGAM,MS TARZOO,Pr. Up Pr. and Secondary Only,Department of Education,3-Co-educational,Rural,Operational,193201,34.2642,74.5419,2026-09-02T17:02:56,1004740,0,Operational,,,2,50,0,0,50,0,1,10,6,1,Department of Education,Department of Education,1,1,3,3-Co-educational,1,RADIGAM RAKH I HYGAM,hsradigam[at]gmail[dot]com,010218005,1007298,0102180006,1001105,1,31,Sopore,241944,2218,Rakh Hygam,Rakh Hygam,,,,,2026-27,13,2026-01-30 11:43:12.896,,101,1002,10181,kys_by_year,2026-09-04T23:14:18+00:00
01021503701,BOYS HIGH SCHOOL REBAN,01,JAMMU & KASHMIR,0102,BARAMULLA,010215,ROHAMA,REBAN,GMS HADIPORA,Pr. Up Pr. and Secondary Only,Department of Education,3-Co-educational,Rural,Operational,193301,34.3008,74.4187,2026-09-02T17:02:56,1004436,0,Operational,,,2,50,0,0,50,0,1,10,6,1,Department of Education,Department of Education,1,1,3,3-Co-educational,1,Reban Rafiabad Baramulla,bhsreban2015[at]gmail[dot]com,010215037,1007159,0102150013,1000989,1,29,Rohama,241890,936678,Reban,Reban A,,,,,2026-27,13,2026-01-22 20:16:28.393,,101,1002,10178,kys_by_year,2026-09-04T23:14:19+00:00
01020504701,BOYS HIGH SCHOOL SAGIPORA,01,JAMMU & KASHMIR,0102,BARAMULLA,010205,DANGERPORA,SAGIPORA,C8 SAGIPORA,Pr. Up Pr. and Secondary Only,Department of Education,3-Co-educational,Rural,Operational,193201,34.41,74.3555,2026-09-02T17:02:56,1003533,0,Operational,,,2,50,0,0,50,0,4,10,6,1,Department of Education,Department of Education,1,1,3,3-Co-educational,1,SAGIPORA ZAINAGEER BARAMULLA,ghssagipora[at]gmail[dot]com,010205047,1008521,0102050008,1001071,1,7018,Tujjar Sharief,242019,2175,Sagi Pora,Sagipora,,,,,2026-27,13,2025-03-03 12:11:52.082,,101,1002,10171,kys_by_year,2026-09-04T23:14:19+00:00
01021500102,BOYS HIGH SCHOOL SAILKOTE,01,JAMMU & KASHMIR,0102,BARAMULLA,010215,ROHAMA,SAILKOTE,SAILKOTE,Pr. Up Pr. and Secondary Only,Department of Education,3-Co-educational,Rural,Operational,193301,34.2603,74.2655,2026-09-02T17:02:56,1004339,0,Operational,,,2,50,0,0,50,0,1,10,6,1,Department of Education,Department of Education,1,1,3,3-Co-educational,1,Sailkote Rafiabad Baramulla,hssailkote2002[at]gmail[dot]com,010215001,1007128,0102150001,1000978,1,29,Rohama,241894,2288,Sail Kote,Sailikote,,,,,2026-27,13,2025-03-03 11:52:45.035,,101,1002,10178,kys_by_year,2026-09-04T23:14:19+00:00
01021800801,BOYS HIGH SCHOOL SANGRAMA,01,JAMMU & KASHMIR,0102,BARAMULLA,010218,SOPORE,SANGRAMA,HS AMARGRAH,Upper Pr. and Secondary,Department of Education,3-Co-educational,Rural,Operational,193201,34.2408,74.4512,2026-09-02T17:02:56,1004746,0,Operational,,,2,50,0,0,50,0,6,10,7,1,Department of Education,Department of Education,1,1,3,3-Co-educational,1,SANGRAMA SOPORE BARAMULLA,highschoolsangrama[at]gmail[dot]com,010218008,1007300,0102180003,1001102,1,7016,Sangrama,241936,2224,Sangrama,Sangrama,,,,,2026-27,13,2026-01-30 16:46:13.545,,101,1002,10181,kys_by_year,2026-09-04T23:14:20+00:00
01020203101,BOYS HIGH SCHOOL SANGRI BALA,01,JAMMU & KASHMIR,0102,BARAMULLA,010202,BARAMULLA,SANGRI BALA,GMS KHANPORA,Pr. Up Pr. and Secondary Only,Department of Education,3-Co-educational,Urban,Operational,193101,34.189903,74.342848,2026-09-02T17:02:56,1003069,0,Operational,,,2,50,0,0,50,0,1,10,6,1,Department of Education,Department of Education,1,1,3,3-Co-educational,2,SANGRI BALA BARAMULLA,hsssangritop[at]gmail[dot]com,010202031,1008619,0102020007,1001115,1,0,,,,,,248151,Municipal Council Baramulla-Notified Area Council,67977,Baramula (TC) - Ward No.15,2026-27,13,2026-01-24 12:44:08.758,,101,1002,10168,kys_by_year,2026-09-04T23:14:20+00:00
01021203501,BOYS HIGH SCHOOL SHOUCH PALPORA,01,JAMMU & KASHMIR,0102,BARAMULLA,010212,NEHALPORA,SHOECH,BMS MAHMOOD PORA,Pr. Up Pr. and Secondary Only,Department of Education,3-Co-educational,Rural,Operational,193121,34.135,74.501,2026-09-02T17:02:56,1004112,0,Operational,,,2,50,0,0,50,0,1,10,6,1,Department of Education,Department of Education,1,1,3,3-Co-educational,1,shouch palpora pattan,bhsshouch3501[at]gmail[dot]com,010212035,1008752,0102120001,1000962,1,7019,Wailoo,241865,2342,Sochi Palpora,Souch Palpora,,,,,2026-27,13,2026-01-28 12:53:44.129,,101,1002,10176,kys_by_year,2026-09-04T23:14:20+00:00
01021700804,BOYS HIGH SCHOOL SINGHPORA,01,JAMMU & KASHMIR,0102,BARAMULLA,010217,SINGHPORA PATTAN,SINGHPORA,GMS HANJIWERA,Upper Pr. and Secondary,Department of Education,3-Co-educational,Rural,Operational,193121,34.1491,74.6128,2026-09-02T17:02:56,1004578,0,Operational,,,2,50,0,0,50,0,6,10,7,1,Department of Education,Department of Education,1,1,3,3-Co-educational,1,SINGHPORA PATTAN 193121,bhssinghporapatn[at]gmail[dot]com,010217008,1007210,0102170008,1001017,1,30,Singhpora,241919,2357,Singh Pora,Singhpora,,,,,2026-27,13,2026-01-25 20:07:40.454,,101,1002,10180,kys_by_year,2026-09-04T23:14:21+00:00
01021601903,BOYS HIGH SCHOOL SINGHPORA K,01,JAMMU & KASHMIR,0102,BARAMULLA,010216,SINGHPORA (KALAN),SINGHPORA KALAN,GHSS SINGHPORA,Pr. Up Pr. and Secondary Only,Department of Education,3-Co-educational,Rural,Operational,193101,34.2045,74.4187,2026-09-02T17:02:56,1004522,0,Operational,,,2,50,0,0,50,0,1,10,6,1,Department of Education,Department of Education,1,1,3,3-Co-educational,1,HIGH SCHOOL SINGHPORA KALAN BARAMULLA,GOVTBHSINGHPORAKALAN[at]GMAIL[dot]COM,010216019,1007195,0102160008,1001003,1,22,Baramulla,241221,2420,Singh Pora Kalan,Singhpora,,,,,2026-27,13,2026-01-27 19:40:30.781,,101,1002,10179,kys_by_year,2026-09-04T23:14:21+00:00
01020400303,BOYS HIGH SCHOOL SOCHAN LIMBER,01,JAMMU & KASHMIR,0102,BARAMULLA,010204,CHANDANWARI,LIMBER,BPS KHARHAR,Pr. Up Pr. and Secondary Only,Department of Education,3-Co-educational,Rural,Operational,193122,34.1728,74.1693,2026-09-02T17:02:56,1003243,0,Operational,,,2,50,0,0,50,0,1,10,6,1,Department of Education,Department of Education,1,1,3,3-Co-educational,1,Village limber boniyar,hmhslimber[at]gmail[dot]com,010204003,1008685,0102040010,1001063,1,7014,Noorkah,241793,2560,Limber,Limber A,,,,,2026-27,13,2026-01-28 12:45:30.532,,101,1002,10170,kys_by_year,2026-09-04T23:14:21+00:00
01020602701,BOYS HIGH SCHOOL SOIN,01,JAMMU & KASHMIR,0102,BARAMULLA,010206,DANGIWACHA,SOIN SYEDNAR,BAKHIPORA,Pr. Up Pr. and Secondary Only,Department of Education,3-Co-educational,Rural,Operational,193303,34.2976,74.3123,2026-09-02T17:02:56,1003647,0,Operational,,,2,50,0,0,50,0,5,10,6,1,Department of Education,Department of Education,1,1,3,3-Co-educational,1,Soin Syednar Rafiabad Baramulla,bhssoinsyednar[at]gmail[dot]com,010206027,1008361,0102060010,1001081,1,28,Rafiabad,242418,2255,Sonian Saidnar,Soyan Sadnar,,,,,2026-27,13,2026-02-01 22:27:57.138,,101,1002,10172,kys_by_year,2026-09-04T23:14:22+00:00
01021803007,BOYS HIGH SCHOOL TAKIYABAL,01,JAMMU & KASHMIR,0102,BARAMULLA,010218,SOPORE,SOPORE,MS CHINKIPORA C1,Upper Pr. and Secondary,Department of Education,1-Boys,Urban,Operational,193201,34.286967,74.474422,2026-09-02T17:02:56,1004792,0,Operational,,,2,50,0,0,50,0,6,10,7,1,Department of Education,Department of Education,1,1,1,1-Boys,2,TAKIYABAL SOPORE BARAMULLA,gbhstakiyabal[at]gmail[dot]com,010218030,1002508,0102180001,1001100,1,0,,,,,,248149,Municipal Council Sopore-Notified Area Council,67913,Sopore (TC) - Ward No.17,2026-27,13,2025-03-02 23:44:55.398,,101,1002,10181,kys_by_year,2026-09-04T23:14:22+00:00
01020702801,BOYS HIGH SCHOOL TARRIPORA,01,JAMMU & KASHMIR,0102,BARAMULLA,010207,FATEHGRAH,TARIPORA,BMS DANGERPORA,Pr. Up Pr. and Secondary Only,Department of Education,3-Co-educational,Rural,Operational,193101,34.1413,74.3402,2026-09-02T17:02:56,1003751,0,Operational,,,2,50,0,0,50,0,1,10,6,1,Department of Education,Department of Education,1,1,3,3-Co-educational,1,TARIPORA SHEERI BARAMULLA,ghstaripora[at]gmail[dot]com,010207028,1008666,0102070007,1001088,1,7013,Narwah,241207,2446,Taripora Wansaran,Dangerpora,,,,,2026-27,13,2026-01-31 11:11:55.965,,101,1002,10173,kys_by_year,2026-09-04T23:14:22+00:00
01021800308,BOYS HIGH SCHOOL TARZOO (PANJIPORA),01,JAMMU & KASHMIR,0102,BARAMULLA,010218,SOPORE,TARZOO,MS TARZOO,Upper Pr. and Secondary,Department of Education,3-Co-educational,Rural,Operational,193201,34.2573,74.4826,2026-09-02T17:02:56,1004721,0,Operational,,,2,50,0,0,50,0,6,10,7,1,Department of Education,Department of Education,1,1,3,3-Co-educational,1,PANZIPORA SOPORE BARAMULLA,gbhstarzoopanjipora[at]gmail[dot]com,010218003,1008220,0102180006,1001105,1,7016,Sangrama,288836,2220,Panzipora,Panzipora,,,,,2026-27,13,2026-01-30 13:40:58.696,,101,1002,10181,kys_by_year,2026-09-04T23:14:23+00:00
01021702301,BOYS HIGH SCHOOL TRIKOLBAL,01,JAMMU & KASHMIR,0102,BARAMULLA,010217,SINGHPORA PATTAN,TRICKOLBAL,HS T K BALA,Pr. Up Pr. and Secondary Only,Department of Education,3-Co-educational,Rural,Operational,193121,34.166079,74.586553,2026-09-02T17:02:56,1004620,0,Operational,,,2,50,0,0,50,0,1,10,6,1,Department of Education,Department of Education,1,1,3,3-Co-educational,1,TRIKOLBAL ZONE SINGHPORA PATTAN,bhstkbala97555[at]gmail[dot]com,010217023,1008180,0102170006,1001015,1,30,Singhpora,288837,2374,Hanjiwara,Hanjiwera B,,,,,2026-27,13,2026-01-25 20:18:53.491,,101,1002,10180,kys_by_year,2026-09-04T23:14:23+00:00
01020502601,BOYS HIGH SCHOOL TUJAR,01,JAMMU & KASHMIR,0102,BARAMULLA,010205,DANGERPORA,TUJAR,C5 GMS TUJAR,Pr. Up Pr. and Secondary Only,Department of Education,3-Co-educational,Rural,Operational,193201,34.378,74.409,2026-09-02T17:02:56,1003470,0,Operational,,,2,50,0,0,50,0,1,10,6,1,Department of Education,Department of Education,1,1,3,3-Co-educational,1,HS Tujjar Sharief Zainagir,hstujar[at]gmail[dot]com,010205026,1008306,0102050005,1001068,1,7018,Tujjar Sharief,242055,2180,Tujar Pehlihar,Tujar A,,,,,2026-27,13,2026-01-25 18:36:37.284,,101,1002,10171,kys_by_year,2026-09-04T23:14:23+00:00
01020204501,BOYS HIGH SCHOOL USHKARA,01,JAMMU & KASHMIR,0102,BARAMULLA,010202,BARAMULLA,Ushkura WARD NO 17,MS USHKURA,Pr. Up Pr. and Secondary Only,Department of Education,3-Co-educational,Urban,Operational,193101,34.1974,74.3585,2026-09-02T17:02:56,1003112,0,Operational,,,2,50,0,0,50,0,1,10,6,1,Department of Education,Department of Education,1,1,3,3-Co-educational,2,USHKURA BARAMULLA KASHMIR,gbhsushkara18[at]gmail[dot]com,010202045,1008633,0102020009,1001117,1,0,,,,,,248151,Municipal Council Baramulla-Notified Area Council,67979,Kanis Pora (OG) - Ward No.17,2026-27,13,2026-01-24 12:49:48.345,,101,1002,10168,kys_by_year,2026-09-04T23:14:24+00:00
01020201401,BOYS HIGH SCHOOL VOHLUTRA,01,JAMMU & KASHMIR,0102,BARAMULLA,010202,BARAMULLA,VOHLUTRA,VOHULITRA,Pr. Up Pr. and Secondary Only,Department of Education,3-Co-educational,Rural,Operational,193301,34.2661,74.3078,2026-09-02T17:02:56,1003039,0,Operational,,,2,50,0,0,50,0,1,10,6,1,Department of Education,Department of Education,1,1,3,3-Co-educational,1,Vohlutra Rafiabad Baramulla,headmasterbhsvohlutra[at]gmail[dot]com,010202014,1008602,0102020003,1001111,1,29,Rohama,241197,2408,Shutloo,Shutloo,,,,,2026-27,13,2026-01-24 12:40:23.854,,101,1002,10168,kys_by_year,2026-09-04T23:14:24+00:00
01020504902,BOYS HIGH SCHOOL WADOORA PAYEEN,01,JAMMU & KASHMIR,0102,BARAMULLA,010205,DANGERPORA,WADOORA PAYEEN,C4,Pr. Up Pr. and Secondary Only,Department of Education,3-Co-educational,Rural,Operational,193201,34.345933,74.406171,2026-09-02T17:02:56,1003549,0,Operational,,,2,50,0,0,50,0,1,10,6,1,Department of Education,Department of Education,1,1,3,3-Co-educational,1,Govt. High school Wadoora,ghswadoora[at]gmail[dot]com,010205049,1008326,0102050004,1001067,1,7018,Tujjar Sharief,242051,2199,Wadoora,Wadoora,,,,,2026-27,13,2025-03-03 12:25:39.364,,101,1002,10171,kys_by_year,2026-09-04T23:14:24+00:00
01021203301,BOYS HIGH SCHOOL WAILOO,01,JAMMU & KASHMIR,0102,BARAMULLA,010212,NEHALPORA,WAILOO,BMS MAHMOOD PORA,Pr. Up Pr. and Secondary Only,Department of Education,3-Co-educational,Rural,Operational,193401,34.1239,74.4764,2026-09-02T17:02:56,1004105,0,Operational,,,2,50,0,0,50,0,5,10,6,1,Department of Education,Department of Education,1,1,3,3-Co-educational,1,wailoo kunzer baramulla,,010212033,1008750,0102120001,1000962,1,7019,Wailoo,241833,2340,Wailoo Kralpora,Wailoo,,,,,2026-27,13,2026-01-28 14:10:44.148,,101,1002,10176,kys_by_year,2026-09-04T23:14:25+00:00
01021204907,BOYS HIGH SCHOOL WANIGAM PAYEEN,01,JAMMU & KASHMIR,0102,BARAMULLA,010212,NEHALPORA,WANIGAM PAYEEN,MS WANIGAM,Upper Pr. and Secondary,Department of Education,3-Co-educational,Rural,Operational,193108,34.1742,74.5119,2026-09-02T17:02:56,1004159,0,Operational,,,2,50,0,0,50,0,7,10,7,1,Department of Education,Department of Education,1,1,3,3-Co-educational,1,WANIGAM PAYEEN PATTAN BARAMULLA 193108,wanigampayeen89[at]gmail[dot]com,010212049,1008761,0102120003,1000964,1,27,Pattan,241853,2332,Wanigam Payeen,Wanigam Payeen A,,,,,2026-27,13,2026-01-28 14:21:46.508,,101,1002,10176,kys_by_year,2026-09-04T23:14:25+00:00
01021205902,BOYS HIGH SCHOOL WARIPORA BALA,01,JAMMU & KASHMIR,0102,BARAMULLA,010212,NEHALPORA,WARIPORA BALA,GMS DARDPORA,Pr. Up Pr. and Secondary Only,Department of Education,3-Co-educational,Rural,Operational,193108,34.155,74.463,2026-09-02T17:02:56,1004181,0,Operational,,,2,50,0,0,50,0,3,10,6,1,Department of Education,Department of Education,1,1,3,3-Co-educational,1,WARIPORA BALA KREERI,govthighschoolwaripora[at]gmail[dot]com,010212059,1008770,0102120002,1000963,1,35,Wagoora,242448,2477,Waripora Bala,Waripora Bala,,,,,2026-27,13,2026-01-28 14:26:21.969,,101,1002,10176,kys_by_year,2026-09-04T23:14:25+00:00
01020501103,BOYS HIGH SCHOOL WARPORA,01,JAMMU & KASHMIR,0102,BARAMULLA,010205,DANGERPORA,WARPORA,C2 GMS WARPORA,Pr. Up Pr. and Secondary Only,Department of Education,3-Co-educational,Rural,Operational,193201,34.334,74.48,2026-09-02T17:02:56,1003393,0,Operational,,,2,50,0,0,50,0,1,10,6,1,Department of Education,Department of Education,1,1,3,3-Co-educational,1,warpora dangerpora sopore,govthswarpora88[at]gmail[dot]com,010205011,1008291,0102050002,1001065,1,36,Zaingeer,242037,2206,Warpora,Warpora B,,,,,2026-27,13,2026-01-25 18:49:37.364,,101,1002,10171,kys_by_year,2026-09-04T23:14:26+00:00
01021200901,BOYS HIGH SCHOOL YALL,01,JAMMU & KASHMIR,0102,BARAMULLA,010212,NEHALPORA,YALL,BMS Yall,Upper Pr. and Secondary,Department of Education,3-Co-educational,Rural,Operational,193121,34.1208,74.5157,2026-09-02T17:02:56,1004056,0,Operational,,,2,50,0,0,50,0,7,10,7,1,Department of Education,Department of Education,1,1,3,3-Co-educational,1,Yall kunzer baramulla,hmbhsyall17[at]gmail[dot]com,010212009,1008729,0102120010,1000970,1,7011,Lalpora,241828,2391,Yall,Yall,,,,,2026-27,13,2025-03-05 12:35:20.101,,101,1002,10176,kys_by_year,2026-09-04T23:14:26+00:00
01020402402,BOYS HIGH SCHOOL ZAMBOOR PATTAN,01,JAMMU & KASHMIR,0102,BARAMULLA,010204,CHANDANWARI,ZAMBOOR PATTAN,PS SHUKERLARI,Pr. Up Pr. and Secondary Only,Department of Education,3-Co-educational,Rural,Operational,193122,34.1493,74.0482,2026-09-02T17:02:56,1003341,0,Operational,,,2,50,0,0,50,0,1,10,6,1,Department of Education,Department of Education,1,1,3,3-Co-educational,1,zamboorpattan Tehsil Uri,bhszp786[at]gmail[dot]com,010204024,1008702,0102040007,1001060,1,7015,Paranpeela,241999,2506,Zamboor Pattan,Zamboor Pattan,,,,,2026-27,13,2026-01-28 14:07:18.583,,101,1002,10170,kys_by_year,2026-09-04T23:14:26+00:00
01022202215,BOYS HIGH SECONDARY SCHOOL WAGOORA,01,JAMMU & KASHMIR,0102,BARAMULLA,010222,WAGOORA,WAGOORA,WAGOORA,Secondary with Higher Secondary,Department of Education,3-Co-educational,Rural,Operational,193109,34.1751,74.4308,2026-09-02T17:02:56,1005177,0,Operational,,,2,50,0,0,50,0,9,12,10,1,Department of Education,Department of Education,1,1,3,3-Co-educational,1,Wagoora Baramulla Jammu and Kashmir ,govtbhsswagoora[at]gmail[dot]com,010222022,1007960,0102220004,1001038,1,35,Wagoora,242460,2467,Wagoora,Wagoora B,,,,,2026-27,13,2026-01-22 15:41:51.384,,101,1002,10184,kys_by_year,2026-09-04T23:14:27+00:00
01020500102,BOYS MDIDDLE SCHOOL WATLAB,01,JAMMU & KASHMIR,0102,BARAMULLA,010205,DANGERPORA,WATLAB,C1 BMS WATLAB,Primary with Upper Primary,Department of Education,3-Co-educational,Rural,Operational,193201,34.3637,74.5225,2026-09-02T17:02:56,1003358,0,Operational,,,2,50,0,0,50,0,1,8,2,1,Department of Education,Department of Education,1,1,3,3-Co-educational,1,WATLAB BOTINGOO SOPORE,bmswatlab2020[at]gmail[dot]com,010205001,1008282,0102050001,1001054,1,36,Zaingeer,242034,2189,Watlab,Watlab,,,,,2026-27,13,2025-03-02 10:56:42.341,,101,1002,10171,kys_by_year,2026-09-04T23:14:27+00:00
01021303301,BOYS MIDDLE SCHOOL AGLAR,01,JAMMU & KASHMIR,0102,BARAMULLA,010213,PATTAN,AGLAR,USSAN KHOIE,Primary with Upper Primary,Department of Education,3-Co-educational,Rural,Operational,193121,34.2162,74.5525,2026-09-02T17:02:56,1004297,0,Operational,,,2,50,0,0,50,0,1,8,2,1,Department of Education,Department of Education,1,1,3,3-Co-educational,1,AGLAR PATTAN BARAMULLA,govtboysmiddleschoolaglar[at]gmail[dot]com,010213033,1006889,0102130013,1000977,1,27,Pattan,288812,2326,Uglar,Wussan B,,,,,2026-27,13,2026-01-25 13:08:31.959,,101,1002,10177,kys_by_year,2026-09-04T23:14:27+00:00
01021703901,BOYS MIDDLE SCHOOL AGRIKALAN,01,JAMMU & KASHMIR,0102,BARAMULLA,010217,SINGHPORA PATTAN,AGRIKALAN,HS ARCHANDARHAMA,Primary with Upper Primary,Department of Education,3-Co-educational,Rural,Operational,193401,34.088468,74.583768,2026-09-02T17:02:56,1004657,0,Operational,,,2,50,0,0,50,0,1,8,2,1,Department of Education,Department of Education,1,1,3,3-Co-educational,1,AGRIKALAN SINGHPORA PATTAN,gbmsagrikalan[at]gmail[dot]com,010217039,1008195,0102170007,1001016,1,7017,Sherabad Khore,241909,2401,Agri Kalan,Agri Kalan,,,,,2026-27,13,2026-01-25 20:24:09.085,,101,1002,10180,kys_by_year,2026-09-04T23:14:28+00:00
01020604001,BOYS MIDDLE SCHOOL AHANGARPORA,01,JAMMU & KASHMIR,0102,BARAMULLA,010206,DANGIWACHA,AHANGARPORA,KANGROOSA,Primary with Upper Primary,Department of Education,3-Co-educational,Rural,Operational,193303,34.2968,74.2418,2026-09-02T17:02:56,1003666,0,Operational,,,2,50,0,0,50,0,1,8,2,1,Department of Education,Department of Education,1,1,3,3-Co-educational,1,Ahangerpora Block Kangroosa,,010206040,1008371,0102060008,1001079,1,7009,Kandi Rafiabad,242412,2275,Ahanger Pora,Pukwara,,,,,2026-27,13,2026-02-01 22:44:54.041,,101,1002,10172,kys_by_year,2026-09-04T23:14:28+00:00
01020400702,BOYS MIDDLE SCHOOL AHANGER MOHALLA BAGNA NOORKHAH,01,JAMMU & KASHMIR,0102,BARAMULLA,010204,CHANDANWARI,NOORKHAH,BMS NOORKHAH,Primary with Upper Primary,Department of Education,3-Co-educational,Rural,Operational,193122,34.1476,74.1176,2026-09-02T17:02:56,1003271,0,Operational,,,2,50,0,0,50,0,1,8,2,1,Department of Education,Department of Education,1,1,3,3-Co-educational,1,Village Noorkhah boniyar,Nikhetara87[at]gmail[dot]com,010204007,1008689,0102040003,1001056,1,7006,Bijhama,288826,2558,Bagna Noorkhah,Noorkhah,,,,,2026-27,13,2026-01-28 12:53:46.783,,101,1002,10170,kys_by_year,2026-09-04T23:14:28+00:00
01020601003,BOYS MIDDLE SCHOOL ANWARABAD,01,JAMMU & KASHMIR,0102,BARAMULLA,010206,DANGIWACHA,WATERGAM,WATERGAM C3,Primary with Upper Primary,Department of Education,3-Co-educational,Urban,Operational,193303,34.3159,74.3746,2026-09-02T17:02:56,1003600,0,Operational,,,2,50,0,0,50,0,1,8,2,1,Department of Education,Department of Education,1,1,3,3-Co-educational,2,Watergam Rafiabd Mohalla Anwarabad ,khazirmohammad121[at]gmail[dot]com,010206010,1008346,0102060003,1001074,1,0,,,,,,296985,Municipal Committee Watergam,2241517,Watergam (MC) - Ward No.7,2026-27,13,2026-02-01 22:21:31.711,,101,1002,10172,kys_by_year,2026-09-04T23:14:29+00:00
01021803001,BOYS MIDDLE SCHOOL ARAMPORA,01,JAMMU & KASHMIR,0102,BARAMULLA,010218,SOPORE,SOPORE,MS CHINKIPORA C1,Primary with Upper Primary,Department of Education,3-Co-educational,Urban,Operational,193201,34.2857,74.4639,2026-09-02T17:02:56,1004789,0,Operational,,,2,50,0,0,50,0,1,8,2,1,Department of Education,Department of Education,1,1,3,3-Co-educational,2,ARAMPORA SOPORE BARAMULLA,boysmiddle7[at]gmail[dot]com,010218030,1002508,0102180001,1001100,1,0,,,,,,248149,Municipal Council Sopore-Notified Area Council,67917,Sopore (TC) - Ward No.21,2026-27,13,2025-03-02 23:45:51.448,,101,1002,10181,kys_by_year,2026-09-04T23:14:29+00:00
01021203201,BOYS MIDDLE SCHOOL BABA KHAIPORA,01,JAMMU & KASHMIR,0102,BARAMULLA,010212,NEHALPORA,BKPORA,BMS MAHMOOD PORA,Primary with Upper Primary,Department of Education,3-Co-educational,Rural,Operational,193404,34.1251,74.4704,2026-09-02T17:02:56,1004103,0,Operational,,,2,50,0,0,50,0,1,8,2,1,Department of Education,Department of Education,1,1,3,3-Co-educational,1,BABAKHAIPORA KUNZER BLA,middleschool348[at]gmail[dot]com,010212032,1006902,0102120001,1000962,1,7019,Wailoo,241835,2341,Baba Khaipora,Baba Khaipora,,,,,2026-27,13,2026-01-28 14:10:08.143,,101,1002,10176,kys_by_year,2026-09-04T23:14:29+00:00
01020400502,BOYS MIDDLE SCHOOL BAGNA NOORKHAH,01,JAMMU & KASHMIR,0102,BARAMULLA,010204,CHANDANWARI,BAGNA,GPS SALAM ABAD,Primary with Upper Primary,Department of Education,3-Co-educational,Rural,Operational,193122,34.1558,74.123,2026-09-02T17:02:56,1003263,0,Operational,,,2,50,0,0,50,0,1,8,2,1,Department of Education,Department of Education,1,1,3,3-Co-educational,1,Bagna noorkhah boniyar,bmsbagana786[at]gmail[dot]com,010204005,1008687,0102040009,1001062,1,7006,Bijhama,241790,2558,Bagna Noorkhah,Bagna,,,,,2026-27,13,2026-01-28 13:09:01.032,,101,1002,10170,kys_by_year,2026-09-04T23:14:30+00:00
01020603001,BOYS MIDDLE SCHOOL BAKHIPROA,01,JAMMU & KASHMIR,0102,BARAMULLA,010206,DANGIWACHA,BAKHIPORA,BAKHIPORA,Primary with Upper Primary,Department of Education,3-Co-educational,Rural,Operational,193303,34.3005,74.2981,2026-09-02T17:02:56,1003651,0,Operational,,,2,50,0,0,50,0,1,8,2,1,Department of Education,Department of Education,1,1,3,3-Co-educational,1,Bakhipora Rafiabad Baramulla,bmsbakhipora703[at]gmail[dot]com,010206030,1008364,0102060010,1001081,1,28,Rafiabad,0,0,,,,,,,2026-27,13,2026-02-01 22:35:55.582,,101,1002,10172,kys_by_year,2026-09-04T23:14:31+00:00
01021203401,BOYS MIDDLE SCHOOL BEHRAMPORA CHOKER,01,JAMMU & KASHMIR,0102,BARAMULLA,010212,NEHALPORA,BEHRAMPORA CHOKER,BMS Behrampora Chukar ,Primary with Upper Primary,Department of Education,3-Co-educational,Rural,Operational,193404,34.1217,74.4925,2026-09-02T17:02:56,1004111,0,Operational,,,2,50,0,0,50,0,1,8,2,1,Department of Education,Department of Education,1,1,3,3-Co-educational,1,BEHRAMPORA CHUKER KUNZER,bmsb3401[at]gmail[dot]com,010212034,1008751,0102120004,1000965,1,7019,Wailoo,241836,2382,Behrampora,Chukar-A,,,,,2026-27,13,2026-01-28 14:07:55.488,,101,1002,10176,kys_by_year,2026-09-04T23:14:30+00:00
01021108901,BOYS MIDDLE SCHOOL BEYWA,01,JAMMU & KASHMIR,0102,BARAMULLA,010211,KUNZAR,BIYWA,MS MULGAM,Primary with Upper Primary,Department of Education,3-Co-educational,Rural,Operational,193401,34.160233,74.55434,2026-09-02T17:02:56,1004041,0,Operational,,,2,50,0,0,50,0,1,8,2,1,Department of Education,Department of Education,1,1,3,3-Co-educational,1,MS Beywa mulgam baramulla,bmsbiyawa[at]gmail[dot]com,010211089,1000006,0102110002,1001124,1,7019,Wailoo,241836,2380,Chukar,Chukar-A,,,,,2026-27,13,2026-01-25 22:23:58.904,,101,1002,10175,kys_by_year,2026-09-04T23:14:31+00:00
01020401502,BOYS MIDDLE SCHOOL BHAT MOHALLA MAYAN,01,JAMMU & KASHMIR,0102,BARAMULLA,010204,CHANDANWARI,MAYAN,MS MUQAM PEERAN,Primary with Upper Primary,Department of Education,3-Co-educational,Rural,Operational,193122,34.1795,74.0514,2026-09-02T17:02:56,1003300,0,Operational,,,2,50,0,0,50,0,1,8,2,1,Department of Education,Department of Education,1,1,3,3-Co-educational,1,Mayan Tehsil Boniyar,bmsnalamayan[at]gmail[dot]com,010204015,1008695,0102040006,1001059,1,7006,Bijhama,241786,2552,Mayan,Muqamprina,,,,,2026-27,13,2026-01-28 13:38:27.288,,101,1002,10170,kys_by_year,2026-09-04T23:14:31+00:00
01020502003,BOYS MIDDLE SCHOOL BOHRIPORA,01,JAMMU & KASHMIR,0102,BARAMULLA,010205,DANGERPORA,BOHRIPORA,C4,Primary with Upper Primary,Department of Education,3-Co-educational,Rural,Operational,193201,34.315,74.422,2026-09-02T17:02:56,1003449,0,Operational,,,2,50,0,0,50,0,1,8,2,1,Department of Education,Department of Education,1,1,3,3-Co-educational,1,Boys Middle School Bohripora,bmsbp2003[at]gmail[dot]com,010205020,1008300,0102050004,1001067,1,31,Sopore,242033,2212,Bohripora,Shangergund Bohripora,,,,,2026-27,13,2025-03-03 11:32:34.397,,101,1002,10171,kys_by_year,2026-09-04T23:14:31+00:00
01020502901,BOYS MIDDLE SCHOOL BOMAI,01,JAMMU & KASHMIR,0102,BARAMULLA,010205,DANGERPORA,BOMAI,C6 BOMAI,Primary with Upper Primary,Department of Education,3-Co-educational,Rural,Operational,193201,34.3681,74.5164,2026-09-02T17:02:56,1003486,0,Operational,,,2,50,0,0,50,0,1,8,2,1,Department of Education,Department of Education,1,1,3,3-Co-educational,1,Bomai Zaingair Sopore,bmsbomai5901[at]gmail[dot]com,010205029,1008309,0102050006,1001069,1,7018,Tujjar Sharief,242040,2198,Bomai,Bomai,,,,,2026-27,13,2025-03-03 11:51:17.366,,101,1002,10171,kys_by_year,2026-09-04T23:14:32+00:00
01020301102,BOYS MIDDLE SCHOOL BONIYAR,01,JAMMU & KASHMIR,0102,BARAMULLA,010203,BONIYAR,BONIYAR,(C4) BONIYAR,Primary with Upper Primary,Department of Education,1-Boys,Rural,Operational,193122,34.1446,74.1903,2026-09-02T17:02:56,1003168,0,Operational,,,2,50,0,0,50,0,1,8,2,1,Department of Education,Department of Education,1,1,1,1-Boys,1,Village and tehsil boniyar,bmsboniyar111[at]gmail[dot]com,010203011,1008542,0102030004,1001135,1,23,Boniyar,241803,2583,Boniyar,Boniyar,,,,,2026-27,13,2026-01-27 19:34:49.925,,101,1002,10169,kys_by_year,2026-09-04T23:14:32+00:00
01021200903,BOYS MIDDLE SCHOOL BONPORA YALL,01,JAMMU & KASHMIR,0102,BARAMULLA,010212,NEHALPORA,YALL,BMS Yall,Primary with Upper Primary,Department of Education,3-Co-educational,Rural,Operational,193121,34.1206,74.517,2026-09-02T17:02:56,1004058,0,Operational,,,2,50,0,0,50,0,1,8,2,1,Department of Education,Department of Education,1,1,3,3-Co-educational,1,Yall kunzer baramulla,msbonpora903[at]gmail[dot]com,010212009,1008729,0102120010,1000970,1,7011,Lalpora,241828,2391,Yall,Yall,,,,,2026-27,13,2025-03-05 12:35:44.799,,101,1002,10176,kys_by_year,2026-09-04T23:14:32+00:00
01021102901,BOYS MIDDLE SCHOOL BONSHARAN,01,JAMMU & KASHMIR,0102,BARAMULLA,010211,KUNZAR,BONSHARAN,MS Ganie Mohalla HARDU ABOORA,Primary with Upper Primary,Department of Education,3-Co-educational,Rural,Operational,193411,34.0214,74.32198,2026-09-02T17:02:56,1003932,0,Operational,,,2,50,0,0,50,0,1,8,2,1,Department of Education,Department of Education,1,1,3,3-Co-educational,1,MS Bonsharan Baramulla,bmsbonasharan15[at]gmail[dot]com,010211029,1008056,0102110005,1001127,1,7008,Hardaboora,241355,375,Bonshahran,Larkipora,,,,,2026-27,13,2026-01-25 21:40:21.015,,101,1002,10175,kys_by_year,2026-09-04T23:14:33+00:00
01022205601,BOYS MIDDLE SCHOOL BRANNAR,01,JAMMU & KASHMIR,0102,BARAMULLA,010222,WAGOORA,BRANNAR,KAKOTHAL,Primary with Upper Primary,Department of Education,3-Co-educational,Rural,Operational,193108,34.1224,74.4206,2026-09-02T17:02:56,1005278,0,Operational,,,2,50,0,0,50,0,1,8,2,1,Department of Education,Department of Education,1,1,3,3-Co-educational,1,Brannar kakothal wagoora,gbmsbrannar[at]gmail[dot]com,010222056,1008561,0102220012,1001046,1,35,Wagoora,242445,2491,Kakothal,Kakovthal A,,,,,2026-27,13,2026-01-22 21:11:15.985,,101,1002,10184,kys_by_year,2026-09-04T23:14:33+00:00
01021302801,BOYS MIDDLE SCHOOL BUCHOO,01,JAMMU & KASHMIR,0102,BARAMULLA,010213,PATTAN,BUCHOO,HAMRAY,Primary with Upper Primary,Department of Education,3-Co-educational,Rural,Operational,193121,34.213283,74.498737,2026-09-02T17:02:56,1004283,0,Operational,,,2,50,0,0,50,0,1,8,2,1,Department of Education,Department of Education,1,1,3,3-Co-educational,1,RATHER MOHALLAH BUCHOO PATTAN BARAMULLA,bmsbuchoobuchoo[at]gmail[dot]com,010213028,1006884,0102130009,1000961,1,27,Pattan,242890,2313,Bochoo,Buchoo,,,,,2026-27,13,2026-01-25 13:03:05.884,,101,1002,10177,kys_by_year,2026-09-04T23:14:33+00:00
01020700801,BOYS MIDDLE SCHOOL BUDHMULLA,01,JAMMU & KASHMIR,0102,BARAMULLA,010207,FATEHGRAH,PEHLIHARN,GHS FATEHGARH,Primary with Upper Primary,Department of Education,3-Co-educational,Rural,Operational,193101,34.1702,74.3153,2026-09-02T17:02:56,1003723,0,Operational,,,2,50,0,0,50,0,1,8,2,1,Department of Education,Department of Education,1,1,3,3-Co-educational,1,BMS BUDHMULLA NARWAV,gbms61932[at]gmail[dot]com,010207008,1008650,0102070003,1001084,1,7013,Narwah,241220,2434,Badmulla,Budmulla,,,,,2026-27,13,2026-01-29 15:09:12.619,,101,1002,10173,kys_by_year,2026-09-04T23:14:34+00:00
01021701701,BOYS MIDDLE SCHOOL BUDIBUGH,01,JAMMU & KASHMIR,0102,BARAMULLA,010217,SINGHPORA PATTAN,BUDI BUGH,BMS ARAMPORA,Primary with Upper Primary,Department of Education,3-Co-educational,Rural,Operational,193401,34.121915,74.597955,2026-09-02T17:02:56,1004611,0,Operational,,,2,50,0,0,50,0,1,8,2,1,Department of Education,Department of Education,1,1,3,3-Co-educational,1,BUDIBUGH SINGHPORA PATTAN ,bmsbudibugh1[at]gmail[dot]com,010217017,1007218,0102170005,1001014,1,7017,Sherabad Khore,241912,2367,Bodibugh,Budibugh,,,,,2026-27,13,2026-01-25 20:14:25.354,,101,1002,10180,kys_by_year,2026-09-04T23:14:34+00:00
01022204901,BOYS MIDDLE SCHOOL BURZWACHAN,01,JAMMU & KASHMIR,0102,BARAMULLA,010222,WAGOORA,BURZA WACHAN,KAKOTHAL,Primary with Upper Primary,Department of Education,3-Co-educational,Rural,Operational,193101,34.1339,74.4264,2026-09-02T17:02:56,1005267,0,Operational,,,2,50,0,0,50,0,1,8,2,1,Department of Education,Department of Education,1,1,3,3-Co-educational,1,Burzawachan Kreeri Bla,bmsburzawachan[at]gmail[dot]com,010222049,1002866,0102220012,1001046,1,35,Wagoora,288824,2479,Burzawachan,Kakovthal B,,,,,2026-27,13,2026-01-22 21:12:44.379,,101,1002,10184,kys_by_year,2026-09-04T23:14:34+00:00
01021302012,BOYS MIDDLE SCHOOL BUT CHECK,01,JAMMU & KASHMIR,0102,BARAMULLA,010213,PATTAN,TAPPER WARIPORA,TAPPER,Primary with Upper Primary,Department of Education,3-Co-educational,Rural,Operational,193121,34.1918,74.4899,2026-09-02T17:02:56,1004266,0,Operational,,,2,50,0,0,50,0,1,8,2,1,Department of Education,Department of Education,1,1,3,3-Co-educational,1,BUTCHECK KPATTAN BARAMULLA,bmsbutcheck[at]gmail[dot]com,010213020,1007992,0102130007,1000959,1,27,Pattan,241862,2314,Tapper Waripora,Tapper Waripora,,,,,2026-27,13,2026-01-25 13:01:18.54,,101,1002,10177,kys_by_year,2026-09-04T23:14:35+00:00
01022203407,BOYS MIDDLE SCHOOL CHACKI SALOOSA,01,JAMMU & KASHMIR,0102,BARAMULLA,010222,WAGOORA,SALOOSA,SALOOSA,Primary with Upper Primary,Department of Education,3-Co-educational,Rural,Operational,193108,34.1914,74.467,2026-09-02T17:02:56,1005232,0,Operational,,,2,50,0,0,50,0,1,8,2,1,Department of Education,Department of Education,1,1,3,3-Co-educational,1,Saloosa Kreeri Baramulla,bmscheckisaloosa[at]gmail[dot]com,010222034,1008241,0102220007,1001041,1,35,Wagoora,242452,2455,Saloosa,Saloosa,,,,,2026-27,13,2026-01-22 21:04:00.792,,101,1002,10184,kys_by_year,2026-09-04T23:14:35+00:00
01020401804,BOYS MIDDLE SCHOOL CHAK MOHALLA URANBOHA,01,JAMMU & KASHMIR,0102,BARAMULLA,010204,CHANDANWARI,URAN BOHA,BMS URANBOHA,Primary with Upper Primary,Department of Education,3-Co-educational,Rural,Operational,193122,34.1472,74.1415,2026-09-02T17:02:56,1003322,0,Operational,,,2,50,0,0,50,0,1,8,2,1,Department of Education,Department of Education,1,1,3,3-Co-educational,1,Uranboha Tehsil Boniyar,bmsuranbuha[at]gmail[dot]com,010204018,1008698,0102040008,1001061,1,23,Boniyar,241804,2582,Uranbowa,Uranbowa,,,,,2026-27,13,2026-01-28 13:57:53.843,,101,1002,10170,kys_by_year,2026-09-04T23:14:35+00:00
01021302105,BOYS MIDDLE SCHOOL CHANDERHAMA,01,JAMMU & KASHMIR,0102,BARAMULLA,010213,PATTAN,CHANDERHAMA,USSAN KHOIE,Primary with Upper Primary,Department of Education,3-Co-educational,Rural,Operational,193121,34.2084,74.5366,2026-09-02T17:02:56,1004271,0,Operational,,,2,50,0,0,50,0,1,8,2,1,Department of Education,Department of Education,1,1,3,3-Co-educational,1,CHANDERHAMA PATTAN BARAMULLA,bmschanderhama[at]gmail[dot]com,010213021,1007991,0102130013,1000977,1,27,Pattan,241874,2328,Chanderhama,Hamray,,,,,2026-27,13,2026-01-25 13:01:26.74,,101,1002,10177,kys_by_year,2026-09-04T23:14:36+00:00
01021202801,BOYS MIDDLE SCHOOL CHANDERSEER,01,JAMMU & KASHMIR,0102,BARAMULLA,010212,NEHALPORA,CHANDERSEER,CHANDERSEER,Primary with Upper Primary,Department of Education,3-Co-educational,Rural,Operational,193121,34.153,74.4808,2026-09-02T17:02:56,1004095,0,Operational,,,2,50,0,0,50,0,1,8,2,1,Department of Education,Department of Education,1,1,3,3-Co-educational,1,CHANDERSEER PATTAN BLA,bmschanderseer123[at]gmail[dot]com,010212028,1008747,0102120012,1000972,1,7010,Khaipora,241848,2333,Chanderseer,Chandeerseer,,,,,2026-27,13,2026-01-28 14:30:38.312,,101,1002,10176,kys_by_year,2026-09-04T23:14:36+00:00
01022203710,BOYS MIDDLE SCHOOL CHANPORA,01,JAMMU & KASHMIR,0102,BARAMULLA,010222,WAGOORA,ATHOORA,ATHOORA,Primary with Upper Primary,Department of Education,3-Co-educational,Rural,Operational,193108,34.217989,74.468499,2026-09-02T17:02:56,1005243,0,Operational,,,2,50,0,0,50,0,1,8,2,1,Department of Education,Department of Education,1,1,3,3-Co-educational,1,Chanpora athoora reshipora,bmschanpora[at]gmail[dot]com,010222037,1008244,0102220008,1001042,1,35,Wagoora,242455,2454,Reshipora,Authoora,,,,,2026-27,13,2026-01-22 20:41:13.976,,101,1002,10184,kys_by_year,2026-09-04T23:14:36+00:00
01020204512,BOYS MIDDLE SCHOOL CHARDARI,01,JAMMU & KASHMIR,0102,BARAMULLA,010202,BARAMULLA,Ushkura WARD NO 17,MS USHKURA,Primary with Upper Primary,Department of Education,3-Co-educational,Urban,Operational,193101,34.1926,74.3579,2026-09-02T17:02:56,1003116,0,Operational,,,2,50,0,0,50,0,1,8,2,1,Department of Education,Department of Education,1,1,3,3-Co-educational,2,CHARADARI BARAMULLA KASHMIR,cbj2020[at]rediffmail[dot]com,010202045,1008633,0102020009,1001117,1,0,,,,,,248151,Municipal Council Baramulla-Notified Area Council,67979,Kanis Pora (OG) - Ward No.17,2026-27,13,2026-01-24 12:48:46.618,,101,1002,10168,kys_by_year,2026-09-04T23:14:37+00:00
01020600901,BOYS MIDDLE SCHOOL CHATLOORA,01,JAMMU & KASHMIR,0102,BARAMULLA,010206,DANGIWACHA,CHATLOORA,HIB C2,Primary with Upper Primary,Department of Education,3-Co-educational,Rural,Operational,193301,34.3074,74.3987,2026-09-02T17:02:56,1003594,0,Operational,,,2,50,0,0,50,0,1,8,2,1,Department of Education,Department of Education,1,1,3,3-Co-educational,1,MATIPORA CHATLOORA RFD. ,bmschatloora[at]gmail[dot]com,010206009,1008345,0102060002,1001073,1,28,Rafiabad,242422,2239,Chatloora,Chatloora,,,,,2026-27,13,2026-02-01 22:06:55.876,,101,1002,10172,kys_by_year,2026-09-04T23:14:37+00:00
01021803051,BOYS MIDDLE SCHOOL CHECK RODAY KHAN,01,JAMMU & KASHMIR,0102,BARAMULLA,010218,SOPORE,SOPORE,GMS BABAYOUSUF,Primary with Upper Primary,Department of Education,3-Co-educational,Urban,Operational,193201,34.275,74.447,2026-09-02T17:02:56,1004803,0,Operational,,,2,50,0,0,50,0,1,8,2,1,Department of Education,Department of Education,1,1,3,3-Co-educational,2,CHECKRODAY KHAN SOPORE BARAMULLA,bmscrk517[at]gmail[dot]com,010218030,1002508,0102180002,1001101,1,0,,,,,,248149,Municipal Council Sopore-Notified Area Council,67905,Sopore (TC) - Ward No.9,2026-27,13,2025-03-03 00:07:30.634,,101,1002,10181,kys_by_year,2026-09-04T23:14:38+00:00
01021302011,BOYS MIDDLE SCHOOL CHECK TAPPER,01,JAMMU & KASHMIR,0102,BARAMULLA,010213,PATTAN,TAPPER WARIPORA,TAPPER,Primary with Upper Primary,Department of Education,3-Co-educational,Rural,Operational,193121,34.1983,74.5128,2026-09-02T17:02:56,1004265,0,Operational,,,2,50,0,0,50,0,1,8,2,1,Department of Education,Department of Education,1,1,3,3-Co-educational,1,CHECK TAPPER PATTAN BARAMULLA,mscht786[at]gmail[dot]com,010213020,1007992,0102130007,1000959,1,27,Pattan,241862,2314,Tapper Waripora,Tapper Waripora,,,,,2026-27,13,2026-01-25 13:00:58.768,,101,1002,10177,kys_by_year,2026-09-04T23:14:38+00:00
01021705201,BOYS MIDDLE SCHOOL CHEKI RAZAK KHAN,01,JAMMU & KASHMIR,0102,BARAMULLA,010217,SINGHPORA PATTAN,C R KHAN,GMS CR KHAN,Primary with Upper Primary,Department of Education,3-Co-educational,Rural,Operational,193121,34.1396,74.672,2026-09-02T17:02:56,1004690,0,Operational,,,2,50,0,0,50,0,1,8,2,1,Department of Education,Department of Education,1,1,3,3-Co-educational,1,C .R. Khan Mirchimer,bmscrkhan7[at]gmail[dot]com,010217052,1008207,0102170001,1001010,1,30,Singhpora,241925,2364,Mirchmar,Merchimar,,,,,2026-27,13,2026-01-25 20:27:53.979,,101,1002,10180,kys_by_year,2026-09-04T23:14:38+00:00
01021803003,BOYS MIDDLE SCHOOL CHINKIPORA,01,JAMMU & KASHMIR,0102,BARAMULLA,010218,SOPORE,SOPORE,MS CHINKIPORA C1,Primary with Upper Primary,Department of Education,3-Co-educational,Urban,Operational,193201,34.2908,74.4774,2026-09-02T17:02:56,1004790,0,Operational,,,2,50,0,0,50,0,1,8,2,1,Department of Education,Department of Education,1,1,3,3-Co-educational,2,CHINKIPORA SOPORE BARAMULLA,,010218030,1002508,0102180001,1001100,1,0,,,,,,248149,Municipal Council Sopore-Notified Area Council,67914,Sopore (TC) - Ward No.18,2026-27,13,2025-03-02 23:45:30.685,,101,1002,10181,kys_by_year,2026-09-04T23:14:38+00:00
01020402305,BOYS MIDDLE SCHOOL CHOOLAN KALSAN,01,JAMMU & KASHMIR,0102,BARAMULLA,010204,CHANDANWARI,CHOOLAN KALSAN,PS SHUKERLARI,Primary with Upper Primary,Department of Education,3-Co-educational,Rural,Operational,193122,34.1823,74.3058,2026-09-02T17:02:56,1003334,0,Operational,,,2,50,0,0,50,0,1,8,2,1,Department of Education,Department of Education,1,1,3,3-Co-educational,1,Choolan kalsan Tehsil uri,bmchoolankalsanuri[at]gmail[dot]com,010204023,1008701,0102040007,1001060,1,7015,Paranpeela,241998,2507,Choolan Kalsan,Choolan,,,,,2026-27,13,2026-01-28 14:01:36.539,,101,1002,10170,kys_by_year,2026-09-04T23:14:39+00:00
01020400302,BOYS MIDDLE SCHOOL CHOOLAN LIMBER,01,JAMMU & KASHMIR,0102,BARAMULLA,010204,CHANDANWARI,LIMBER,BPS KHARHAR,Primary with Upper Primary,Department of Education,3-Co-educational,Rural,Operational,193122,34.1834,74.1666,2026-09-02T17:02:56,1003242,0,Operational,,,2,50,0,0,50,0,1,8,2,1,Department of Education,Department of Education,1,1,3,3-Co-educational,1,Limber Tehsil Boniyar,mschoolan0011[at]gmail[dot]com,010204003,1008685,0102040010,1001063,1,7014,Noorkah,241794,2560,Limber,Limber B,,,,,2026-27,13,2026-01-28 12:45:16.421,,101,1002,10170,kys_by_year,2026-09-04T23:14:39+00:00
01020300202,BOYS MIDDLE SCHOOL CHOTALI,01,JAMMU & KASHMIR,0102,BARAMULLA,010203,BONIYAR,CHOTALI,(C1) MADANAN,Primary with Upper Primary,Department of Education,3-Co-educational,Rural,Operational,193122,34.052,74.1937,2026-09-02T17:02:56,1003140,0,Operational,,,2,50,0,0,50,0,1,8,2,1,Department of Education,Department of Education,1,1,3,3-Co-educational,1,MADANAN CHOTALI BONIYAR,hilalrashid298[at]gmail[dot]com,010203002,1008535,0102030001,1001132,1,23,Boniyar,241810,2602,Chootali,Madianan,,,,,2026-27,13,2026-01-27 19:15:40.575,,101,1002,10169,kys_by_year,2026-09-04T23:14:39+00:00
01021504503,BOYS MIDDLE SCHOOL CHOTIPORA,01,JAMMU & KASHMIR,0102,BARAMULLA,010215,ROHAMA,CHATIIPORA,ACHABAL,Primary with Upper Primary,Department of Education,3-Co-educational,Rural,Operational,193201,34.2821,74.4078,2026-09-02T17:02:56,1004465,0,Operational,,,2,50,0,0,50,0,1,8,2,1,Department of Education,Department of Education,1,1,3,3-Co-educational,1,Chotipora Rafiabad Baramulla,gmschotipora[at]gmail[dot]com,010215045,1007167,0102150011,1000987,1,7012,Nadihal,241904,2310,Choti Pora,Achabal-B,,,,,2026-27,13,2026-01-22 20:20:50.705,,101,1002,10178,kys_by_year,2026-09-04T23:14:40+00:00
01020601101,BOYS MIDDLE SCHOOL CHRALIGUND,01,JAMMU & KASHMIR,0102,BARAMULLA,010206,DANGIWACHA,CHARLIGUND,WATERGAM C3,Primary with Upper Primary,Department of Education,3-Co-educational,Rural,Operational,193303,34.3084,74.3623,2026-09-02T17:02:56,1003606,0,Operational,,,2,50,0,0,50,0,1,8,2,1,Department of Education,Department of Education,1,1,3,3-Co-educational,1,CHARLIGUND RAFIABAD BARAMULLA,bmschraligund[at]gmail[dot]com,010206011,1008347,0102060003,1001074,1,28,Rafiabad,242423,2247,Chraligund,Dandoosa,,,,,2026-27,13,2026-02-01 22:22:39.972,,101,1002,10172,kys_by_year,2026-09-04T23:14:40+00:00
01020605801,BOYS MIDDLE SCHOOL DALRI,01,JAMMU & KASHMIR,0102,BARAMULLA,010206,DANGIWACHA,DALRI,ZETHAN,Primary with Upper Primary,Department of Education,3-Co-educational,Rural,Operational,193303,34.317871,74.260949,2026-09-02T17:02:56,1003688,0,Operational,,,2,50,0,0,50,0,1,8,2,1,Department of Education,Department of Education,1,1,3,3-Co-educational,1,Govt Boys Middle School Dalri,shahjavid799[at]gmail[dot]com,010206058,1008386,0102060007,1001078,1,7009,Kandi Rafiabad,242410,2265,Dalri,Zethan,,,,,2026-27,13,2025-11-29 09:10:51.43,,101,1002,10172,kys_by_year,2026-09-04T23:14:41+00:00
01021204801,BOYS MIDDLE SCHOOL DANDOORA,01,JAMMU & KASHMIR,0102,BARAMULLA,010212,NEHALPORA,DANDOORA,BMS CHECK SEERI,Primary with Upper Primary,Department of Education,3-Co-educational,Rural,Operational,193121,34.1423,74.507,2026-09-02T17:02:56,1004156,0,Operational,,,2,50,0,0,50,0,1,8,2,1,Department of Education,Department of Education,1,1,3,3-Co-educational,1,DANDOORA PATTAN BARAMULLA,bmsdandoora123[at]gmail[dot]com,010212048,1008760,0102120006,1000967,1,27,Pattan,241866,2381,Dandoora,Dangerpora,,,,,2026-27,13,2026-01-28 14:20:40.917,,101,1002,10176,kys_by_year,2026-09-04T23:14:41+00:00
01021204701,BOYS MIDDLE SCHOOL DANGERPORA,01,JAMMU & KASHMIR,0102,BARAMULLA,010212,NEHALPORA,DANGERPORA,BMS CHECK SEERI,Primary with Upper Primary,Department of Education,3-Co-educational,Rural,Operational,193121,34.1602,74.5543,2026-09-02T17:02:56,1004153,0,Operational,,,2,50,0,0,50,0,1,8,2,1,Department of Education,Department of Education,1,1,3,3-Co-educational,1,DANGERPOPRA PATTAN BARAMULLA,gbmsdangarpora[at]gmail[dot]com,010212047,1007797,0102120006,1000967,1,27,Pattan,241866,2379,Sero Gowa Dangerpora,Dangerpora,,,,,2026-27,13,2026-01-28 14:20:27.296,,101,1002,10176,kys_by_year,2026-09-04T23:14:41+00:00
01020703001,BOYS MIDDLE SCHOOL DANGERPORA,01,JAMMU & KASHMIR,0102,BARAMULLA,010207,FATEHGRAH,DANGERPORA,BMS DANGERPORA,Primary with Upper Primary,Department of Education,3-Co-educational,Rural,Operational,193101,34.1339,74.3448,2026-09-02T17:02:56,1003756,0,Operational,,,2,50,0,0,50,0,1,8,2,1,Department of Education,Department of Education,1,1,3,3-Co-educational,1,Dangerpora Baramulla,gmsdangerpora098[at]gmail[dot]com,010207030,1008668,0102070007,1001088,1,7013,Narwah,241207,2447,Dangarpora,Dangerpora,,,,,2026-27,13,2026-01-31 11:13:34.736,,101,1002,10173,kys_by_year,2026-09-04T23:14:42+00:00
01020602102,BOYS MIDDLE SCHOOL DANGIWACHA,01,JAMMU & KASHMIR,0102,BARAMULLA,010206,DANGIWACHA,DANGIWACHA,DANGIWACHA C4,Primary with Upper Primary,Department of Education,3-Co-educational,Rural,Operational,193303,34.3134,74.3428,2026-09-02T17:02:56,1003624,0,Operational,,,2,50,0,0,50,0,1,8,2,1,Department of Education,Department of Education,1,1,3,3-Co-educational,1,Dangiwacha Rqfiabad Baramulla,bmsdangiwacha1959[at]gmail[dot]com,010206021,1008356,0102060004,1001075,1,28,Rafiabad,242424,2251,Danghiwacha,Dangiwacha,,,,,2026-27,13,2026-02-01 22:26:57.443,,101,1002,10172,kys_by_year,2026-09-04T23:14:42+00:00
01020402102,BOYS MIDDLE SCHOOL DARA DARAGUTTLIAN,01,JAMMU & KASHMIR,0102,BARAMULLA,010204,CHANDANWARI,DARA GUTLIAN,PS SHUKERLARI,Primary with Upper Primary,Department of Education,3-Co-educational,Rural,Operational,193122,34.2076,74.3374,2026-09-02T17:02:56,1003329,0,Operational,,,2,50,0,0,50,0,1,8,2,1,Department of Education,Department of Education,1,1,3,3-Co-educational,1,DARAGUTTLIAN TEHSIL URI,bmsdara999[at]gmail[dot]com,010204021,1008700,0102040007,1001060,1,7015,Paranpeela,242010,2504,Daragutliyan,Daragutlian,,,,,2026-27,13,2026-01-28 14:03:51.471,,101,1002,10170,kys_by_year,2026-09-04T23:14:42+00:00
01021205201,BOYS MIDDLE SCHOOL DARGAM,01,JAMMU & KASHMIR,0102,BARAMULLA,010212,NEHALPORA,DARGAM,MS WANIGAM,Primary with Upper Primary,Department of Education,3-Co-educational,Rural,Operational,193121,34.151,74.98,2026-09-02T17:02:56,1004168,0,Operational,,,2,50,0,0,50,0,1,8,2,1,Department of Education,Department of Education,1,1,3,3-Co-educational,1,DARGAM PATTAN BARAMULLA,b.m.sdargam[at]gmail[dot]com,010212052,1008764,0102120003,1000964,1,27,Pattan,241852,2345,Dargam,Dargam,,,,,2026-27,13,2026-01-28 14:19:51.272,,101,1002,10176,kys_by_year,2026-09-04T23:14:43+00:00
01021204601,BOYS MIDDLE SCHOOL DARVESHBAGH,01,JAMMU & KASHMIR,0102,BARAMULLA,010212,NEHALPORA,DAR WESH BAGH,BMS NEHALPORA,Primary with Upper Primary,Department of Education,3-Co-educational,Rural,Operational,193121,34.162,74.53,2026-09-02T17:02:56,1004149,0,Operational,,,2,50,0,0,50,0,1,8,2,1,Department of Education,Department of Education,1,1,3,3-Co-educational,1,DARVESHBAGH PATTAN BARAMULLA,,010212046,1007796,0102120005,1000966,1,27,Pattan,241855,2348,Nehalpora,Nihalpora-A,,,,,2026-27,13,2026-01-28 14:16:54.584,,101,1002,10176,kys_by_year,2026-09-04T23:14:43+00:00
01020605901,BOYS MIDDLE SCHOOL DOGRIPORA,01,JAMMU & KASHMIR,0102,BARAMULLA,010206,DANGIWACHA,DOGRIPORA,ZETHAN,Primary with Upper Primary,Department of Education,3-Co-educational,Rural,Operational,193303,34.3097,74.2807,2026-09-02T17:02:56,1003690,0,Operational,,,2,50,0,0,50,0,1,8,2,1,Department of Education,Department of Education,1,1,3,3-Co-educational,1,Dogripora Rafiabad Baramulla,bmsdogripora786[at]gmail[dot]com,010206059,1008387,0102060007,1001078,1,7009,Kandi Rafiabad,242410,2261,Dugri Pora,Zethan,,,,,2026-27,13,2026-02-01 22:52:53.943,,101,1002,10172,kys_by_year,2026-09-04T23:14:43+00:00
01021202501,BOYS MIDDLE SCHOOL DOLIPORA,01,JAMMU & KASHMIR,0102,BARAMULLA,010212,NEHALPORA,DOLEPORA,GMS DARDPORA,Primary with Upper Primary,Department of Education,3-Co-educational,Rural,Operational,193108,34.1602,74.5543,2026-09-02T17:02:56,1004085,0,Operational,,,2,50,0,0,50,0,1,8,2,1,Department of Education,Department of Education,1,1,3,3-Co-educational,1,DOOLIPORA KUNZER TANGMARG,doliporabms[at]gmail[dot]com,010212025,1008744,0102120002,1000963,1,35,Wagoora,242449,2459,Dolipora,Dolipora,,,,,2026-27,13,2026-01-28 14:06:39.568,,101,1002,10176,kys_by_year,2026-09-04T23:14:44+00:00
01020604101,BOYS MIDDLE SCHOOL DONIWARI,01,JAMMU & KASHMIR,0102,BARAMULLA,010206,DANGIWACHA,DOONIWARI,KANGROOSA,Primary with Upper Primary,Department of Education,3-Co-educational,Rural,Operational,193303,34.2777,74.2088,2026-09-02T17:02:56,1003667,0,Operational,,,2,50,0,0,50,0,1,8,2,1,Department of Education,Department of Education,1,1,3,3-Co-educational,1,BMS DONIWARI Dangiwacha Rafiabad,bmsdoniwari2020[at]gmail[dot]com,010206041,1008372,0102060008,1001079,1,7009,Kandi Rafiabad,288830,2272,Doni Wari,Pazalpora B,,,,,2026-27,13,2026-02-01 22:47:46.308,,101,1002,10172,kys_by_year,2026-09-04T23:14:44+00:00
01020300701,BOYS MIDDLE SCHOOL DUDRAN,01,JAMMU & KASHMIR,0102,BARAMULLA,010203,BONIYAR,DUDRAN,(C2) BANALI,Primary with Upper Primary,Department of Education,3-Co-educational,Rural,Operational,193122,34.0739,74.2072,2026-09-02T17:02:56,1003156,0,Operational,,,2,50,0,0,50,0,1,8,2,1,Department of Education,Department of Education,1,1,3,3-Co-educational,1,Dudran Trikanjan Boniyar,msdudran222[at]gmail[dot]com,010203007,1008538,0102030002,1001133,1,23,Boniyar,241811,2596,Dudran,Baidan,,,,,2026-27,13,2026-01-27 19:29:07.244,,101,1002,10169,kys_by_year,2026-09-04T23:14:44+00:00
01020505202,BOYS MIDDLE SCHOOL EDIPORA,01,JAMMU & KASHMIR,0102,BARAMULLA,010205,DANGERPORA,IDIPORA,C6 BOMAI,Primary with Upper Primary,Department of Education,3-Co-educational,Rural,Operational,193201,34.3681,74.5164,2026-09-02T17:02:56,1003556,0,Operational,,,2,50,0,0,50,0,1,8,2,1,Department of Education,Department of Education,1,1,3,3-Co-educational,1,Edipora Bomai Zaingair,bmsedipora94[at]gmail[dot]com,010205052,1008329,0102050006,1001069,1,7018,Tujjar Sharief,242041,2183,Edipora,Edipora A,,,,,2026-27,13,2025-03-02 11:00:45.224,,101,1002,10171,kys_by_year,2026-09-04T23:14:45+00:00
01020602801,BOYS MIDDLE SCHOOL FEDARPORA,01,JAMMU & KASHMIR,0102,BARAMULLA,010206,DANGIWACHA,FEDARPORA,BAKHIPORA,Primary with Upper Primary,Department of Education,3-Co-educational,Rural,Operational,193303,34.2982,74.3229,2026-09-02T17:02:56,1003650,0,Operational,,,2,50,0,0,50,0,1,8,2,1,Department of Education,Department of Education,1,1,3,3-Co-educational,1,Fedarpora Rafiabad District Baramulla ,bmsfidarpora123[at]gmail[dot]com,010206028,1008362,0102060010,1001081,1,28,Rafiabad,242419,2254,Fidarpora,Fiderpora,,,,,2026-27,13,2026-02-01 22:35:38.335,,101,1002,10172,kys_by_year,2026-09-04T23:14:45+00:00
01021202601,BOYS MIDDLE SCHOOL FRASTHAR,01,JAMMU & KASHMIR,0102,BARAMULLA,010212,NEHALPORA,FRASTHAR,GMS DARDPORA,Primary with Upper Primary,Department of Education,3-Co-educational,Rural,Operational,193401,34.1589,74.4753,2026-09-02T17:02:56,1004091,0,Operational,,,2,50,0,0,50,0,1,8,2,1,Department of Education,Department of Education,1,1,3,3-Co-educational,1,FRESTHAR PATTAN BARAMULLA,bmsfresthar[at]gmail[dot]com,010212026,1008745,0102120002,1000963,1,35,Wagoora,242448,2478,Frasthar Tilgam,Waripora Bala,,,,,2026-27,13,2026-01-28 14:06:06.518,,101,1002,10176,kys_by_year,2026-09-04T23:14:45+00:00
01020700102,BOYS MIDDLE SCHOOL GANTAMULLA,01,JAMMU & KASHMIR,0102,BARAMULLA,010207,FATEHGRAH,GANTAMULLA BALA,BMS KITCHAMA,Primary with Upper Primary,Department of Education,3-Co-educational,Rural,Operational,193101,34.1764,74.2516,2026-09-02T17:02:56,1003697,0,Operational,,,2,50,0,0,50,0,1,8,2,1,Department of Education,Department of Education,1,1,3,3-Co-educational,1,GANTAMULLA NARVAW BARAMULLA,Zargarshaheena2[at]gmail[dot]com,010207001,1008325,0102070001,1001082,1,7013,Narwah,241195,2433,Gantamulla Bala,Gantamulla Bala,,,,,2026-27,13,2026-01-31 11:05:48.512,,101,1002,10173,kys_by_year,2026-09-04T23:14:46+00:00
01020703702,BOYS MIDDLE SCHOOL GANTAMULLA PAYEEN,01,JAMMU & KASHMIR,0102,BARAMULLA,010207,FATEHGRAH,GANTAMULLA BALA,BMS KITCHAMA,Primary with Upper Primary,Department of Education,3-Co-educational,Rural,Operational,193101,34.1771,74.2612,2026-09-02T17:02:56,1003776,0,Operational,,,2,50,0,0,50,0,1,8,2,1,Department of Education,Department of Education,1,1,3,3-Co-educational,1,Village Gantamulla Payeen,msgantamullapayeen123[at]gmail[dot]com,010207037,1008674,0102070001,1001082,1,7013,Narwah,241196,2432,Gantamulla Payeen,Gantamulla Payeen,,,,,2026-27,13,2025-03-06 13:22:10.006,,101,1002,10173,kys_by_year,2026-09-04T23:14:46+00:00
01020401703,BOYS MIDDLE SCHOOL GAWASS LACHIPORA,01,JAMMU & KASHMIR,0102,BARAMULLA,010204,CHANDANWARI,LACHIPORA,MS GAWAS,Primary with Upper Primary,Department of Education,3-Co-educational,Rural,Operational,193122,34.1852,74.0762,2026-09-02T17:02:56,1003311,0,Operational,,,2,50,0,0,50,0,1,8,2,1,Department of Education,Department of Education,1,1,3,3-Co-educational,1,Lachipora tehsil boniyar,mushtaqlone056[at]gmail[dot]com,010204017,1008697,0102040005,1001058,1,7006,Bijhama,241785,2557,Sheer Wanipora,Lachipora B,,,,,2026-27,13,2026-01-28 13:43:30.664,,101,1002,10170,kys_by_year,2026-09-04T23:14:47+00:00
01021301434,BOYS MIDDLE SCHOOL GHAT PALHALLAN,01,JAMMU & KASHMIR,0102,BARAMULLA,010213,PATTAN,PALHALLAN,GMS PALHALLAN,Primary with Upper Primary,Department of Education,3-Co-educational,Rural,Operational,193121,34.1764,74.582,2026-09-02T17:02:56,1004247,0,Operational,,,2,50,0,0,50,0,1,8,2,1,Department of Education,Department of Education,1,1,3,3-Co-educational,1,Ghat Pallallan Pattan,bmsghat1434[at]gmail[dot]com,010213014,1008784,0102130005,1000957,1,27,Pattan,241881,2329,Palhallan,Palhalan-F,,,,,2026-27,13,2026-01-25 12:57:59.833,,101,1002,10177,kys_by_year,2026-09-04T23:14:47+00:00
01021106801,BOYS MIDDLE SCHOOL GOIGAM,01,JAMMU & KASHMIR,0102,BARAMULLA,010211,KUNZAR,GOIGAM,MS CHICHILORA,Primary with Upper Primary,Department of Education,3-Co-educational,Rural,Operational,193401,34.0791,74.4917,2026-09-02T17:02:56,1004015,0,Operational,,,2,50,0,0,50,0,1,8,2,1,Department of Education,Department of Education,1,1,3,3-Co-educational,1,goigam kwarhama baramulla,parryquyoom[at]gmail[dot]com,010211068,1008487,0102110009,1001131,1,7008,Hardaboora,241813,2402,Goigam,Goigam,,,,,2026-27,13,2026-01-25 22:15:12.009,,101,1002,10175,kys_by_year,2026-09-04T23:14:47+00:00
01020401601,BOYS MIDDLE SCHOOL GOJERPATHI KATHAL,01,JAMMU & KASHMIR,0102,BARAMULLA,010204,CHANDANWARI,KAHTHAL,MS MUQAM PEERAN,Primary with Upper Primary,Department of Education,3-Co-educational,Rural,Operational,193122,34.167887,74.061157,2026-09-02T17:02:56,1003303,0,Operational,,,2,50,0,0,50,0,1,8,2,1,Department of Education,Department of Education,1,1,3,3-Co-educational,1,Kathal hillpathribal Boniyar,bmskathal123[at]gmail[dot]com,010204016,1008696,0102040006,1001059,1,7006,Bijhama,241786,2553,Kathal Hil Pathri,Muqamprina,,,,,2026-27,13,2026-01-28 13:45:40.948,,101,1002,10170,kys_by_year,2026-09-04T23:14:48+00:00
01020401707,BOYS MIDDLE SCHOOL GOJJER NALLA LACHIPORA,01,JAMMU & KASHMIR,0102,BARAMULLA,010204,CHANDANWARI,LACHIPORA,MS GAWAS,Primary with Upper Primary,Department of Education,3-Co-educational,Rural,Operational,193122,34.1885,74.0878,2026-09-02T17:02:56,1003315,0,Operational,,,2,50,0,0,50,0,1,8,2,1,Department of Education,Department of Education,1,1,3,3-Co-educational,1,Gojjer patti lachipora,Bmsgujjarnallah[at]gmail[dot]com,010204017,1008697,0102040005,1001058,1,7006,Bijhama,241785,2557,Sheer Wanipora,Lachipora B,,,,,2026-27,13,2026-01-28 14:00:02.231,,101,1002,10170,kys_by_year,2026-09-04T23:14:48+00:00
01021300901,BOYS MIDDLE SCHOOL GOLIPORA,01,JAMMU & KASHMIR,0102,BARAMULLA,010213,PATTAN,GOLIPORA,NOWLARI,Primary with Upper Primary,Department of Education,3-Co-educational,Rural,Operational,193121,34.134783,74.573221,2026-09-02T17:02:56,1004205,0,Operational,,,2,50,0,0,50,0,1,8,2,1,Department of Education,Department of Education,1,1,3,3-Co-educational,1,GOLI PORA PATTAN BARAMULLA,gbmsgoolipora.2016[at]gmail[dot]com,010213009,1008781,0102130012,1000976,1,30,Singhpora,288837,2374,Hanjiwara,Hanjiwera B,,,,,2026-27,13,2026-02-09 22:06:33.328,,101,1002,10177,kys_by_year,2026-09-04T23:14:48+00:00
01021704802,BOYS MIDDLE SCHOOL GOOM AHAMADPORA,01,JAMMU & KASHMIR,0102,BARAMULLA,010217,SINGHPORA PATTAN,GOOM AHMAD PORA,BMS KONGAM DARA,Primary with Upper Primary,Department of Education,3-Co-educational,Rural,Operational,193401,34.105776,74.579676,2026-09-02T17:02:56,1004688,0,Operational,,,2,50,0,0,50,0,1,8,2,1,Department of Education,Department of Education,1,1,3,3-Co-educational,1,GA PORA SINGHPORA PATTAN,bmsgapora[at]gmail[dot]com,010217048,1008204,0102170003,1001012,1,7017,Sherabad Khore,241915,2397,Goom Ahmad Pora,Goom Ahmedpora,,,,,2026-27,13,2026-01-25 20:30:41.013,,101,1002,10180,kys_by_year,2026-09-04T23:14:49+00:00
01020502401,BOYS MIDDLE SCHOOL GUNDBRATH,01,JAMMU & KASHMIR,0102,BARAMULLA,010205,DANGERPORA,GUND BRAT,C4,Primary with Upper Primary,Department of Education,3-Co-educational,Rural,Operational,193201,34.336268,74.436581,2026-09-02T17:02:56,1003459,0,Operational,,,2,50,0,0,50,0,1,8,2,1,Department of Education,Department of Education,1,1,3,3-Co-educational,1,Middle school GundBrath ,msgundbrath[at]gmail[dot]com,010205024,1008304,0102050004,1001067,1,36,Zaingeer,242031,2204,Gund Brath,Gund Brath Old,,,,,2026-27,13,2025-03-03 11:38:06.271,,101,1002,10171,kys_by_year,2026-09-04T23:14:49+00:00
01021702501,BOYS MIDDLE SCHOOL GUND IBRAHIM,01,JAMMU & KASHMIR,0102,BARAMULLA,010217,SINGHPORA PATTAN,GUND IBRAHIM,HS T K BALA,Primary with Upper Primary,Department of Education,3-Co-educational,Rural,Operational,193121,34.143346,74.578748,2026-09-02T17:02:56,1004628,0,Operational,,,2,50,0,0,50,0,1,8,2,1,Department of Education,Department of Education,1,1,3,3-Co-educational,1,GUND IBRAHIM SINGHPORA PATTAN 193121,bmstkpayeen[at]gmail[dot]com,010217025,1008182,0102170006,1001015,1,30,Singhpora,241923,2353,Gund Ibrahim,Gundi Ibhraim,,,,,2026-27,13,2026-01-25 20:17:45.868,,101,1002,10180,kys_by_year,2026-09-04T23:14:49+00:00
01020601401,BOYS MIDDLE SCHOOL GUND KARIM KHAN,01,JAMMU & KASHMIR,0102,BARAMULLA,010206,DANGIWACHA,GUND KARIM KHAN,WATERGAM C3,Primary with Upper Primary,Department of Education,3-Co-educational,Urban,Operational,193303,34.3172,74.3643,2026-09-02T17:02:56,1003613,0,Operational,,,2,50,0,0,50,0,1,8,2,1,Department of Education,Department of Education,1,1,3,3-Co-educational,2,Gund karim khan Rafiabad zone Dangiwacha,rehanashu97[at]gmail[dot]com,010206014,1008350,0102060003,1001074,1,0,,,,,,296985,Municipal Committee Watergam,2241518,Watergam (MC) - Ward No.8,2026-27,13,2026-02-01 22:20:31.202,,101,1002,10172,kys_by_year,2026-09-04T23:14:49+00:00
01020600801,BOYS MIDDLE SCHOOL GUNDMULRAJ,01,JAMMU & KASHMIR,0102,BARAMULLA,010206,DANGIWACHA,GUNDMULRAJ,HIB C2,Primary with Upper Primary,Department of Education,3-Co-educational,Urban,Operational,193301,34.31131,74.391096,2026-09-02T17:02:56,1003592,0,Operational,,,2,50,0,0,50,0,1,8,2,1,Department of Education,Department of Education,1,1,3,3-Co-educational,2,Gundmulraj Rafiabad Baramulla ,gundmulraj22[at]gmail[dot]com,010206008,1008344,0102060002,1001073,1,28,Rafiabad,,,,,296985,Municipal Committee Watergam,2241521,Watergam (MC) - Ward No.11,2026-27,13,2026-02-01 22:18:13.393,,101,1002,10172,kys_by_year,2026-09-04T23:14:50+00:00
01021701301,BOYS MIDDLE SCHOOL HABAK TANGOO,01,JAMMU & KASHMIR,0102,BARAMULLA,010217,SINGHPORA PATTAN,HABAK TANGOO,BMS ARAMPORA,Primary with Upper Primary,Department of Education,3-Co-educational,Rural,Operational,193401,34.126306,74.617482,2026-09-02T17:02:56,1004602,0,Operational,,,2,50,0,0,50,0,1,8,2,1,Department of Education,Department of Education,1,1,3,3-Co-educational,1,HABAK TANGOO SINGHPORA PATTAN,bmshabaktango[at]gmail[dot]com,010217013,1007215,0102170005,1001014,1,30,Singhpora,241927,2366,Habak Tangoo,Habaktangoo,,,,,2026-27,13,2026-01-25 20:15:39.55,,101,1002,10180,kys_by_year,2026-09-04T23:14:50+00:00
01020605601,BOYS MIDDLE SCHOOL HACHAIPORA,01,JAMMU & KASHMIR,0102,BARAMULLA,010206,DANGIWACHA,HACHIPORA,ZETHAN,Primary with Upper Primary,Department of Education,3-Co-educational,Rural,Operational,193303,34.2985,74.2792,2026-09-02T17:02:56,1003686,0,Operational,,,2,50,0,0,50,0,1,8,2,1,Department of Education,Department of Education,1,1,3,3-Co-educational,1,Hachipora Rafiabad Baramulla,bmshachipora[at]gmail[dot]com,010206056,1008384,0102060007,1001078,1,7009,Kandi Rafiabad,242414,2262,Hachipora (Adilbagh),Hachipora,,,,,2026-27,13,2026-02-01 22:48:17.033,,101,1002,10172,kys_by_year,2026-09-04T23:14:51+00:00
01021800402,BOYS MIDDLE SCHOOL HAIGAM PAYEEN,01,JAMMU & KASHMIR,0102,BARAMULLA,010218,SOPORE,HAIGAM,MS TARZOO,Primary with Upper Primary,Department of Education,3-Co-educational,Rural,Operational,193201,34.2476,74.513,2026-09-02T17:02:56,1004731,0,Operational,,,2,50,0,0,50,0,1,8,2,1,Department of Education,Department of Education,1,1,3,3-Co-educational,1,HYGAM SOPORE BARAMULLA,bmshaigam[at]gmail[dot]com,010218004,1007297,0102180006,1001105,1,7016,Sangrama,241956,2219,Hygam,Hygam- B,,,,,2026-27,13,2026-01-30 13:44:31.828,,101,1002,10181,kys_by_year,2026-09-04T23:14:51+00:00
01022203502,BOYS MIDDLE SCHOOL HAIL JAGEER,01,JAMMU & KASHMIR,0102,BARAMULLA,010222,WAGOORA,HAIL,SALOOSA,Primary with Upper Primary,Department of Education,3-Co-educational,Rural,Operational,193108,34.1869,74.4596,2026-09-02T17:02:56,1005234,0,Operational,,,2,50,0,0,50,0,1,8,2,1,Department of Education,Department of Education,1,1,3,3-Co-educational,1,Hail Kreeri Baramulla,bmshail123[at]gmail[dot]com,010222035,1008242,0102220007,1001041,1,35,Wagoora,242453,2464,Hail Jagir,Hail Jagir,,,,,2026-27,13,2026-01-22 21:04:33.19,,101,1002,10184,kys_by_year,2026-09-04T23:14:51+00:00
01021703501,BOYS MIDDLE SCHOOL HARINARA,01,JAMMU & KASHMIR,0102,BARAMULLA,010217,SINGHPORA PATTAN,HARINARA,GMS KHANPETH,Primary with Upper Primary,Department of Education,3-Co-educational,Rural,Operational,193121,34.171456,74.612315,2026-09-02T17:02:56,1004653,0,Operational,,,2,50,0,0,50,0,1,8,2,1,Department of Education,Department of Education,1,1,3,3-Co-educational,1,HARINARA SINGHPORA PATTAN 193121,harinaraschool[at]gmail[dot]com,010217035,1007790,0102170004,1001013,1,30,Singhpora,241921,2360,Harinara,Harinara,,,,,2026-27,13,2026-01-25 20:25:11.402,,101,1002,10180,kys_by_year,2026-09-04T23:14:52+00:00
01022204802,BOYS MIDDLE SCHOOL HARISHNAR,01,JAMMU & KASHMIR,0102,BARAMULLA,010222,WAGOORA,HARISH NAR,KAKOTHAL,Primary with Upper Primary,Department of Education,3-Co-educational,Rural,Operational,193108,34.1405,74.4264,2026-09-02T17:02:56,1005265,0,Operational,,,2,50,0,0,50,0,1,8,2,1,Department of Education,Department of Education,1,1,3,3-Co-educational,1,HARASHNAR WAGOORA BARAMULLA,bmsharishnar[at]gmail[dot]com,010222048,1008554,0102220012,1001046,1,35,Wagoora,242445,2491,Kakothal,Kakovthal A,,,,,2026-27,13,2026-01-22 21:23:54.209,,101,1002,10184,kys_by_year,2026-09-04T23:14:52+00:00
01021803075,BOYS MIDDLE SCHOOL HATISHAH,01,JAMMU & KASHMIR,0102,BARAMULLA,010218,SOPORE,SOPORE,CHANKHAN,Primary with Upper Primary,Department of Education,3-Co-educational,Urban,Operational,193201,34.2849,74.4791,2026-09-02T17:02:56,1004821,0,Operational,,,2,50,0,0,50,0,1,8,2,1,Department of Education,Department of Education,1,1,3,3-Co-educational,2,HATHISHAH SOPORE BARAMULLA,hatishah123[at]gmail[dot]com,010218030,1002508,0102180009,1001108,1,0,,,,,,248149,Municipal Council Sopore-Notified Area Council,67901,Sopore (TC) - Ward No.4,2026-27,13,2025-03-03 00:11:18.042,,101,1002,10181,kys_by_year,2026-09-04T23:14:52+00:00
01020604902,BOYS MIDDLE SCHOOL HUNOORA,01,JAMMU & KASHMIR,0102,BARAMULLA,010206,DANGIWACHA,HUNURA,KANGROOSA,Primary with Upper Primary,Department of Education,3-Co-educational,Rural,Operational,193303,34.3003,74.2425,2026-09-02T17:02:56,1003674,0,Operational,,,2,50,0,0,50,0,1,8,2,1,Department of Education,Department of Education,1,1,3,3-Co-educational,1,"Khan Mohlla, Hunoora,Dangiwacha, Baramulla",bmshunoora[at]gmail[dot]com,010206049,1008378,0102060008,1001079,1,7009,Kandi Rafiabad,242412,2268,Hunru,Pukwara,,,,,2026-27,13,2026-02-01 22:49:41.242,,101,1002,10172,kys_by_year,2026-09-04T23:14:53+00:00
01021205101,BOYS MIDDLE SCHOOL HURHANDPORA,01,JAMMU & KASHMIR,0102,BARAMULLA,010212,NEHALPORA,HURHAND PORA,MS WANIGAM,Primary with Upper Primary,Department of Education,3-Co-educational,Rural,Operational,193121,34.1584,74.5064,2026-09-02T17:02:56,1004167,0,Operational,,,2,50,0,0,50,0,1,8,2,1,Department of Education,Department of Education,1,1,3,3-Co-educational,1,HURHANDPORA PATTAN BLA,gmshp2125101[at]gmail[dot]com,010212051,1008763,0102120003,1000964,1,27,Pattan,241852,2347,Hurhundpora,Dargam,,,,,2026-27,13,2026-01-28 14:24:23.708,,101,1002,10176,kys_by_year,2026-09-04T23:14:53+00:00
01020301801,BOYS MIDDLE SCHOOL IJARA,01,JAMMU & KASHMIR,0102,BARAMULLA,010203,BONIYAR,IJARA,(C6) PAHLIPORA,Primary with Upper Primary,Department of Education,3-Co-educational,Rural,Operational,193122,34.1116,74.1886,2026-09-02T17:02:56,1003198,0,Operational,,,2,50,0,0,50,0,1,8,2,1,Department of Education,Department of Education,1,1,3,3-Co-educational,1,Ijara Boniyar Baramulla,msijara4[at]gmail[dot]com,010203018,1008565,0102030006,1001137,1,7014,Noorkah,241796,2563,Ijara,Ijara,,,,,2026-27,13,2026-01-27 19:51:26.867,,101,1002,10169,kys_by_year,2026-09-04T23:14:53+00:00
01020501202,BOYS MIDDLE SCHOOL JANWARA,01,JAMMU & KASHMIR,0102,BARAMULLA,010205,DANGERPORA,JANWARA,C2 GMS WARPORA,Primary with Upper Primary,Department of Education,3-Co-educational,Rural,Operational,193201,34.3279,74.5102,2026-09-02T17:02:56,1003403,0,Operational,,,2,50,0,0,50,0,1,8,2,1,Department of Education,Department of Education,1,1,3,3-Co-educational,1,MIDDLE SCHOOL JANWARA,,010205012,1008292,0102050002,1001065,1,36,Zaingeer,242025,2207,Janwara,Janwari,,,,,2026-27,13,2026-01-25 18:50:39.049,,101,1002,10171,kys_by_year,2026-09-04T23:14:54+00:00
01020303201,BOYS MIDDLE SCHOOL JAVIND,01,JAMMU & KASHMIR,0102,BARAMULLA,010203,BONIYAR,JAVIND,(C8) NOWSHERA,Primary with Upper Primary,Department of Education,3-Co-educational,Rural,Operational,193122,34.1521,74.2223,2026-09-02T17:02:56,1003232,0,Operational,,,2,50,0,0,50,0,1,8,2,1,Department of Education,Department of Education,1,1,3,3-Co-educational,1,Javind nowshera boniyar,middleschooljavind[at]gmail[dot]com,010203032,1008578,0102030008,1001139,1,23,Boniyar,241802,2584,Javind,Nowshera B,,,,,2026-27,13,2026-01-27 20:14:59.173,,101,1002,10169,kys_by_year,2026-09-04T23:14:54+00:00
01022200703,BOYS MIDDLE SCHOOL KACHWA MUQAM,01,JAMMU & KASHMIR,0102,BARAMULLA,010222,WAGOORA,KACHWA,KALANTRA PAYEEN,Primary with Upper Primary,Department of Education,3-Co-educational,Rural,Operational,193101,34.1399,74.4131,2026-09-02T17:02:56,1005148,0,Operational,,,2,50,0,0,50,0,1,8,2,1,Department of Education,Department of Education,1,1,3,3-Co-educational,1,KACHWA MUQAM WAGOORA BARAMULLA,bmskachwa[at]gmail[dot]com,010222007,1008257,0102220001,1001036,1,35,Wagoora,288825,2484,Kachwa Muqam,Kachwa Muqam B,,,,,2026-27,13,2025-03-03 10:35:33.591,,101,1002,10184,kys_by_year,2026-09-04T23:14:54+00:00
01020701201,BOYS MIDDLE SCHOOL KALAYBAN,01,JAMMU & KASHMIR,0102,BARAMULLA,010207,FATEHGRAH,KALIYBAN,GHS HEEWAN,Primary with Upper Primary,Department of Education,3-Co-educational,Rural,Operational,193101,34.171037,74.348374,2026-09-02T17:02:56,1003736,0,Operational,,,2,50,0,0,50,0,1,8,2,1,Department of Education,Department of Education,1,1,3,3-Co-educational,1,Pakhtoon Mohalla Kalayban,gmsknh60[at]gmail[dot]com,010207012,1008654,0102070004,1001085,1,7013,Narwah,0,0,,,,,,,2026-27,13,2026-01-31 11:10:01.802,,101,1002,10173,kys_by_year,2026-09-04T23:14:55+00:00
01020402301,BOYS MIDDLE SCHOOL KALSAN CHOOLAN KALSAN,01,JAMMU & KASHMIR,0102,BARAMULLA,010204,CHANDANWARI,CHOOLAN KALSAN,PS SHUKERLARI,Primary with Upper Primary,Department of Education,3-Co-educational,Rural,Operational,193122,34.138,74.044,2026-09-02T17:02:56,1003332,0,Operational,,,2,50,0,0,50,0,1,8,2,1,Department of Education,Department of Education,1,1,3,3-Co-educational,1,Choolen Kalsan Tehsil Uri,Bmskalsan787[at]gmail[dot]com,010204023,1008701,0102040007,1001060,1,7015,Paranpeela,241998,2507,Choolan Kalsan,Choolan,,,,,2026-27,13,2026-01-28 14:02:52.589,,101,1002,10170,kys_by_year,2026-09-04T23:14:55+00:00
01021204309,BOYS MIDDLE SCHOOL KALSARI,01,JAMMU & KASHMIR,0102,BARAMULLA,010212,NEHALPORA,NEHALPORA,BMS NEHALPORA,Primary with Upper Primary,Department of Education,3-Co-educational,Rural,Operational,193121,34.1522,74.538,2026-09-02T17:02:56,1004139,0,Operational,,,2,50,0,0,50,0,1,8,2,1,Department of Education,Department of Education,1,1,3,3-Co-educational,1,KALASRI PATTAN BARAMULLA,bmskalsari75[at]GMAIL[dot]COM,010212043,1008759,0102120005,1000966,1,27,Pattan,241856,2348,Nehalpora,Nihalpora-B,,,,,2026-27,13,2026-01-28 14:17:24.49,,101,1002,10176,kys_by_year,2026-09-04T23:14:55+00:00
01021300701,BOYS MIDDLE SCHOOL KANLOO,01,JAMMU & KASHMIR,0102,BARAMULLA,010213,PATTAN,KANLOO,NOWLARI,Primary with Upper Primary,Department of Education,3-Co-educational,Rural,Operational,193121,34.1285,74.5373,2026-09-02T17:02:56,1004201,0,Operational,,,2,50,0,0,50,0,1,8,2,1,Department of Education,Department of Education,1,1,3,3-Co-educational,1,kanloo pattan baramulla,Naseerreshi70[at]gmail[dot]com,010213007,1008779,0102130012,1000976,1,7011,Lalpora,241861,2393,Kanloo,Mamoosa B,,,,,2026-27,13,2026-01-25 13:09:07.862,,101,1002,10177,kys_by_year,2026-09-04T23:14:56+00:00
01021701501,BOYS MIDDLE SCHOOL KANTERBUGH,01,JAMMU & KASHMIR,0102,BARAMULLA,010217,SINGHPORA PATTAN,KANTER BUGH,BMS ARAMPORA,Primary with Upper Primary,Department of Education,3-Co-educational,Rural,Operational,193401,34.124331,74.601879,2026-09-02T17:02:56,1004610,0,Operational,,,2,50,0,0,50,0,1,8,2,1,Department of Education,Department of Education,1,1,3,3-Co-educational,1,KANTERBUGH SINGHPORA PATTAN 193121,bmskaterbugh72[at]gmail[dot]com,010217015,1007217,0102170005,1001014,1,7017,Sherabad Khore,241911,2372,Kanterbugh,Gk Qasim,,,,,2026-27,13,2026-01-25 20:14:40.423,,101,1002,10180,kys_by_year,2026-09-04T23:14:56+00:00
01020605002,BOYS MIDDLE SCHOOL KARILA,01,JAMMU & KASHMIR,0102,BARAMULLA,010206,DANGIWACHA,DAZNA,KANGROOSA,Primary with Upper Primary,Department of Education,3-Co-educational,Rural,Operational,193303,34.2852,74.2246,2026-09-02T17:02:56,1003677,0,Operational,,,2,50,0,0,50,0,1,8,2,1,Department of Education,Department of Education,1,1,3,3-Co-educational,1,KARILA DAZNA DANGIWACHA,bmskarila9[at]gmail[dot]com,010206050,1008379,0102060008,1001079,1,7009,Kandi Rafiabad,242409,2274,Dazna,Pazalpora A,,,,,2026-27,13,2026-02-01 22:50:15.467,,101,1002,10172,kys_by_year,2026-09-04T23:14:56+00:00
01022205201,BOYS MIDDLE SCHOOL KAWCHECK,01,JAMMU & KASHMIR,0102,BARAMULLA,010222,WAGOORA,KAWACHECK,KAKOTHAL,Primary with Upper Primary,Department of Education,3-Co-educational,Rural,Operational,193402,34.1495,74.4507,2026-09-02T17:02:56,1005272,0,Operational,,,2,50,0,0,50,0,1,8,2,1,Department of Education,Department of Education,1,1,3,3-Co-educational,1,Harnow Kawacheck Tehsil Tangmarg,bmskawacheck[at]gmail[dot]com,010222052,1008557,0102220012,1001046,1,7010,Khaipora,241972,2604,Harnow Kawcheck,Harnow Kawcheck,,,,,2026-27,13,2026-01-23 12:04:40.959,,101,1002,10184,kys_by_year,2026-09-04T23:14:57+00:00
01021302403,BOYS MIDDLE SCHOOL KHAMBYAR,01,JAMMU & KASHMIR,0102,BARAMULLA,010213,PATTAN,KHUMBYAR,TAPPER,Primary with Upper Primary,Department of Education,3-Co-educational,Rural,Operational,193121,34.2086,74.5102,2026-09-02T17:02:56,1004274,0,Operational,,,2,50,0,0,50,0,1,8,2,1,Department of Education,Department of Education,1,1,3,3-Co-educational,1,KHAMBYAR PATTAN BARAMULLA,bmskhambyar[at]gmail[dot]com,010213024,1008790,0102130007,1000959,1,27,Pattan,288811,2317,Khamibyar,Wanigam Payeen B,,,,,2026-27,13,2026-01-25 13:01:43.798,,101,1002,10177,kys_by_year,2026-09-04T23:14:57+00:00
01021703201,BOYS MIDDLE SCHOOL KHANPETH,01,JAMMU & KASHMIR,0102,BARAMULLA,010217,SINGHPORA PATTAN,KHAN PETH,GMS KHANPETH,Primary with Upper Primary,Department of Education,3-Co-educational,Rural,Operational,193121,34.158623,74.622673,2026-09-02T17:02:56,1004643,0,Operational,,,2,50,0,0,50,0,1,8,2,1,Department of Education,Department of Education,1,1,3,3-Co-educational,1,KHANPETH SINGHPORA PATTAN 193121,,010217032,1008189,0102170004,1001013,1,30,Singhpora,241918,2359,Khanpeth,Khanapeth,,,,,2026-27,13,2026-01-25 19:19:29.661,,101,1002,10180,kys_by_year,2026-09-04T23:14:57+00:00
01020202502,BOYS MIDDLE SCHOOL KHANPORA,01,JAMMU & KASHMIR,0102,BARAMULLA,010202,BARAMULLA,Khanpora A  WARD NO 11,GMS KHANPORA,Primary with Upper Primary,Department of Education,3-Co-educational,Urban,Operational,193101,34.2085,74.3249,2026-09-02T17:02:56,1003058,0,Operational,,,2,50,0,0,50,0,1,8,2,1,Department of Education,Department of Education,1,1,3,3-Co-educational,2,Akhoon Mohalla Khanpora Baramulla,bmskhanpora22[at]gmail[dot]com,010202025,1008613,0102020007,1001115,1,0,,,,,,248151,Municipal Council Baramulla-Notified Area Council,67973,Baramula (TC) - Ward No.11,2026-27,13,2026-01-24 12:43:09.029,,101,1002,10168,kys_by_year,2026-09-04T23:14:58+00:00
01021202701,BOYS MIDDLE SCHOOL KHARGAM,01,JAMMU & KASHMIR,0102,BARAMULLA,010212,NEHALPORA,KHARGAM,CHANDERSEER,Primary with Upper Primary,Department of Education,3-Co-educational,Rural,Operational,193121,34.153,74.4808,2026-09-02T17:02:56,1004093,0,Operational,,,2,50,0,0,50,0,1,8,2,1,Department of Education,Department of Education,1,1,3,3-Co-educational,1,KHARGAM PATTAN BARAMULLA,MSKHARGAM[at]GMAIL[dot]COM,010212027,1008746,0102120012,1000972,1,7010,Khaipora,241848,2344,Khargam,Chandeerseer,,,,,2026-27,13,2026-01-28 14:29:42.156,,101,1002,10176,kys_by_year,2026-09-04T23:14:58+00:00
01021604102,BOYS MIDDLE SCHOOL K-PAYEEN,01,JAMMU & KASHMIR,0102,BARAMULLA,010216,SINGHPORA (KALAN),KANISPORA-B,KANISPORA (A),Primary with Upper Primary,Department of Education,3-Co-educational,Rural,Operational,193103,34.1997,74.3475,2026-09-02T17:02:56,1004552,0,Operational,,,2,50,0,0,50,0,1,8,2,1,Department of Education,Department of Education,1,1,3,3-Co-educational,1,KANISPORA PAYEEN SINGHPORA KALAN,gbmskanisporapayeen[at]gmail[dot]com,010216041,1008517,0102160002,1000997,1,22,Baramulla,288802,2450,Kanispora,Kanispora B,,,,,2026-27,13,2026-01-27 19:54:47.301,,101,1002,10179,kys_by_year,2026-09-04T23:14:58+00:00
01021107201,BOYS MIDDLE SCHOOL KRESHHAMA,01,JAMMU & KASHMIR,0102,BARAMULLA,010211,KUNZAR,KRESHHAMA,MS KUNZER,Primary with Upper Primary,Department of Education,3-Co-educational,Rural,Operational,193121,34.0778,74.4835,2026-09-02T17:02:56,1004027,0,Operational,,,2,50,0,0,50,0,1,8,2,1,Department of Education,Department of Education,1,1,3,3-Co-educational,1,Kreshhsma Kunzer Baramulla,tajamuli368[at]gmail[dot]com,010211072,1008491,0102110007,1001129,1,7011,Lalpora,241830,2390,Krishama,Mughama,,,,,2026-27,13,2026-01-25 22:20:56.063,,101,1002,10175,kys_by_year,2026-09-04T23:14:59+00:00
01021702802,BOYS MIDDLE SCHOOL KRIPALPORA PAYEEN,01,JAMMU & KASHMIR,0102,BARAMULLA,010217,SINGHPORA PATTAN,K.P PAYEEN,HS T K BALA,Primary with Upper Primary,Department of Education,3-Co-educational,Rural,Operational,193121,34.153772,74.59337,2026-09-02T17:02:56,1004632,0,Operational,,,2,50,0,0,50,0,1,8,2,1,Department of Education,Department of Education,1,1,3,3-Co-educational,1,KRIPALPORA PAYEEN SINGHPORA PATTAN 193121,kppayeenbms[at]gmail[dot]com,010217028,1008183,0102170006,1001015,1,30,Singhpora,288818,2356,Mati Pora,K P Payeen B,,,,,2026-27,13,2026-01-25 20:17:11.276,,101,1002,10180,kys_by_year,2026-09-04T23:14:59+00:00
01021704401,BOYS MIDDLE SCHOOL KUGAMDARA,01,JAMMU & KASHMIR,0102,BARAMULLA,010217,SINGHPORA PATTAN,KONGAMDARA,BMS KONGAM DARA,Primary with Upper Primary,Department of Education,3-Co-educational,Rural,Operational,193121,34.1179,74.5869,2026-09-02T17:02:56,1004677,0,Operational,,,2,50,0,0,50,0,1,8,2,1,Department of Education,Department of Education,1,1,3,3-Co-educational,1,Kungamdara Singhpora Pattan ,bmsk744[at]gmail[dot]com,010217044,1008200,0102170003,1001012,1,7017,Sherabad Khore,241929,2373,Mehrajpora (Kungamdara),Kungamdara,,,,,2026-27,13,2025-03-03 11:37:36.699,,101,1002,10180,kys_by_year,2026-09-04T23:14:59+00:00
01021501502,BOYS MIDDLE SCHOOL LADOORA,01,JAMMU & KASHMIR,0102,BARAMULLA,010215,ROHAMA,LADOORA,GMS TREGPORA,Primary with Upper Primary,Department of Education,3-Co-educational,Rural,Operational,193201,34.256612,74.392821,2026-09-02T17:02:56,1004370,0,Operational,,,2,50,0,0,50,0,1,8,2,1,Department of Education,Department of Education,1,1,3,3-Co-educational,1,Ladoora Rafiabad Baramulla,bmsladoora2025[at]gmail[dot]com,010215015,1007140,0102150009,1000986,1,7012,Nadihal,241892,2307,Ladoora,Ladoora,,,,,2026-27,13,2026-01-22 19:44:31.269,,101,1002,10178,kys_by_year,2026-09-04T23:15:00+00:00
01020502701,BOYS MIDDLE SCHOOL LATISHAT,01,JAMMU & KASHMIR,0102,BARAMULLA,010205,DANGERPORA,LATISHAT,C5 GMS TUJAR,Primary with Upper Primary,Department of Education,3-Co-educational,Rural,Operational,193201,34.390349,74.400502,2026-09-02T17:02:56,1003481,0,Operational,,,2,50,0,0,50,0,1,8,2,1,Department of Education,Department of Education,1,1,3,3-Co-educational,1,BMS Lattishat Zainagir,bmslatishatt[at]gmail[dot]com,010205027,1008307,0102050005,1001068,1,7018,Tujjar Sharief,242022,2178,Lathishort,Nowpora,,,,,2026-27,13,2026-01-25 18:37:52.374,,101,1002,10171,kys_by_year,2026-09-04T23:15:00+00:00
01020503101,BOYS MIDDLE SCHOOL LOGRIPORA,01,JAMMU & KASHMIR,0102,BARAMULLA,010205,DANGERPORA,LOGRIPORA,C6 BOMAI,Primary with Upper Primary,Department of Education,3-Co-educational,Rural,Operational,193201,34.3681,74.5164,2026-09-02T17:02:56,1003496,0,Operational,,,2,50,0,0,50,0,1,8,2,1,Department of Education,Department of Education,1,1,3,3-Co-educational,1,Lone Mohalla Logripora,middlemslogripora[at]gmail[dot]com,010205031,1008311,0102050006,1001069,1,7018,Tujjar Sharief,242052,2200,Logri Pora,Logripora,,,,,2026-27,13,2026-01-25 18:35:28.974,,101,1002,10171,kys_by_year,2026-09-04T23:15:00+00:00
01021302901,BOYS MIDDLE SCHOOL LOOLIPORA,01,JAMMU & KASHMIR,0102,BARAMULLA,010213,PATTAN,LOOLIPORA,GOSHBUGH,Primary with Upper Primary,Department of Education,3-Co-educational,Rural,Operational,193121,34.215591,74.535004,2026-09-02T17:02:56,1004288,0,Operational,,,2,50,0,0,50,0,1,8,2,1,Department of Education,Department of Education,1,1,3,3-Co-educational,1,BOYS MIDDLE SCHOOL LOLIPORA PATTAN,bmslolipora[at]gmail[dot]com,010213029,1006885,0102130011,1000975,1,27,Pattan,241873,2321,Lolipora,Lolipora,,,,,2026-27,13,2026-01-25 13:03:46.669,,101,1002,10177,kys_by_year,2026-09-04T23:15:01+00:00
01021602101,BOYS MIDDLE SCHOOL LT. PRITHPAL SINGH DARDPORA,01,JAMMU & KASHMIR,0102,BARAMULLA,010216,SINGHPORA (KALAN),DARDPORA,UPILNA,Primary with Upper Primary,Department of Education,3-Co-educational,Rural,Operational,193103,34.1975,74.3931,2026-09-02T17:02:56,1004527,0,Operational,,,2,50,0,0,50,0,1,8,2,1,Department of Education,Department of Education,1,1,3,3-Co-educational,1,DARDPORA BARAMULLA SINGHPORA KALAN,msdardpora[at]gmail[dot]com,010216021,1007197,0102160014,1001009,1,22,Baramulla,242438,2421,Khaitangan,Khaitangan,,,,,2026-27,13,2026-01-27 19:51:24.342,,101,1002,10179,kys_by_year,2026-09-04T23:15:01+00:00
01020505603,BOYS MIDDLE SCHOOL MACHIPORA RASHIDABAD,01,JAMMU & KASHMIR,0102,BARAMULLA,010205,DANGERPORA,RASHIDABAD,C7 DUROO,Primary with Upper Primary,Department of Education,3-Co-educational,Rural,Operational,193201,34.3539,74.4436,2026-09-02T17:02:56,1003565,0,Operational,,,2,50,0,0,50,0,1,8,2,1,Department of Education,Department of Education,1,1,3,3-Co-educational,1,MACHIPORA RASHIDABAD DANGERPORA,machiporarashidabad[at]gmail[dot]com,010205056,1008333,0102050007,1001070,1,36,Zaingeer,242047,2232,Rashidabad,Rashidabad Machipora,,,,,2026-27,13,2025-03-03 12:30:10.008,,101,1002,10171,kys_by_year,2026-09-04T23:15:01+00:00
01020300101,BOYS MIDDLE SCHOOL MADANAN,01,JAMMU & KASHMIR,0102,BARAMULLA,010203,BONIYAR,MADANAN,(C1) MADANAN,Primary with Upper Primary,Department of Education,3-Co-educational,Rural,Operational,193122,34.0282,74.1947,2026-09-02T17:02:56,1003135,0,Operational,,,2,50,0,0,50,0,1,8,2,1,Department of Education,Department of Education,1,1,3,3-Co-educational,1,BMS MADANAN TRIKANJAN BONIYAR,BMSMAIDANAN113[at]GMAIL[dot]COM,010203001,1008534,0102030001,1001132,1,23,Boniyar,241810,2597,Maidanan,Madianan,,,,,2026-27,13,2026-01-27 19:09:31.882,,101,1002,10169,kys_by_year,2026-09-04T23:15:02+00:00
01021303501,BOYS MIDDLE SCHOOL MAGRAYPORA,01,JAMMU & KASHMIR,0102,BARAMULLA,010213,PATTAN,MAGRAYPORA,GOSHBUGH,Primary with Upper Primary,Department of Education,3-Co-educational,Rural,Operational,193121,34.232328,74.559813,2026-09-02T17:02:56,1004303,0,Operational,,,2,50,0,0,50,0,1,8,2,1,Department of Education,Department of Education,1,1,3,3-Co-educational,1,MAGRAYPORA ZONE PATTAN,bmsmagraypora12345[at]gmail[dot]com,010213035,1006891,0102130011,1000975,1,27,Pattan,241870,2324,Sultanpora Khoie,Sultanpora A,,,,,2026-27,13,2026-01-25 13:12:46.949,,101,1002,10177,kys_by_year,2026-09-04T23:15:02+00:00
01021803005,BOYS MIDDLE SCHOOL MAHRAJPORA,01,JAMMU & KASHMIR,0102,BARAMULLA,010218,SOPORE,SOPORE,MS CHINKIPORA C1,Primary with Upper Primary,Department of Education,3-Co-educational,Urban,Operational,193201,34.2896,74.481,2026-09-02T17:02:56,1004791,0,Operational,,,2,50,0,0,50,0,1,8,2,1,Department of Education,Department of Education,1,1,3,3-Co-educational,2,MAHRAJPORA SOPORE BARAMULLA,bmsmehrajpora1966[at]gmail[dot]com,010218030,1002508,0102180001,1001100,1,0,,,,,,248149,Municipal Council Sopore-Notified Area Council,67913,Sopore (TC) - Ward No.17,2026-27,13,2025-03-02 23:45:08.389,,101,1002,10181,kys_by_year,2026-09-04T23:15:02+00:00
01021300201,BOYS MIDDLE SCHOOL MALBUCHAN,01,JAMMU & KASHMIR,0102,BARAMULLA,010213,PATTAN,MALBUCHA,NOWLARI,Primary with Upper Primary,Department of Education,3-Co-educational,Rural,Operational,193401,34.0983,74.5895,2026-09-02T17:02:56,1004188,0,Operational,,,2,50,0,0,50,0,1,8,2,1,Department of Education,Department of Education,1,1,3,3-Co-educational,1,malbuchan pattan baramulla ,bmsmalbuchan201[at]gmail[dot]com,010213002,1008774,0102130012,1000976,1,7017,Sherabad Khore,241908,2400,Malbushan,Malmooh,,,,,2026-27,13,2026-01-25 12:53:52.574,,101,1002,10177,kys_by_year,2026-09-04T23:15:03+00:00
01020500802,BOYS MIDDLE SCHOOL MALMAPANPORA,01,JAMMU & KASHMIR,0102,BARAMULLA,010205,DANGERPORA,MAL MAPANPORA,C1 BMS WATLAB,Primary with Upper Primary,Department of Education,3-Co-educational,Rural,Operational,193201,34.346,74.49,2026-09-02T17:02:56,1003381,0,Operational,,,2,50,0,0,50,0,1,8,2,1,Department of Education,Department of Education,1,1,3,3-Co-educational,1,MALMAPANPORA DANGERPORA,bmsmalmapanpora222[at]gmail[dot]com,010205008,1008288,0102050001,1001054,1,36,Zaingeer,242026,2194,Mulmapanpora,Malmapanpora,,,,,2026-27,13,2026-01-25 18:48:04.275,,101,1002,10171,kys_by_year,2026-09-04T23:15:03+00:00
01021103001,BOYS MIDDLE SCHOOL MALWAH,01,JAMMU & KASHMIR,0102,BARAMULLA,010211,KUNZAR,MALWAH,MS Ganie Mohalla HARDU ABOORA,Primary with Upper Primary,Department of Education,3-Co-educational,Rural,Operational,193404,34.040354,74.524549,2026-09-02T17:02:56,1003933,0,Operational,,,2,50,0,0,50,0,1,8,2,1,Department of Education,Department of Education,1,1,3,3-Co-educational,1,MS Malwah Baramulla kunzer,bmsmalwah[at]gmail[dot]com,010211030,1002506,0102110005,1001127,1,7008,Hardaboora,241354,371,Malwah,Gund Dalwash,,,,,2026-27,13,2026-01-25 21:51:40.057,,101,1002,10175,kys_by_year,2026-09-04T23:15:03+00:00
01021200702,BOYS MIDDLE SCHOOL MAMOOSA,01,JAMMU & KASHMIR,0102,BARAMULLA,010212,NEHALPORA,MAMOOSA,BMS Yall,Primary with Upper Primary,Department of Education,3-Co-educational,Rural,Operational,193121,34.1216,74.5411,2026-09-02T17:02:56,1004048,0,Operational,,,2,50,0,0,50,0,1,8,2,1,Department of Education,Department of Education,1,1,3,3-Co-educational,1,MAMOOSA PATTAN BARAMULLA,shabirtantry42[at]gmail[dot]com,010212007,1008727,0102120010,1000970,1,7011,Lalpora,241861,2394,Mamoosa,Mamoosa B,,,,,2026-27,13,2025-03-05 12:34:18.64,,101,1002,10176,kys_by_year,2026-09-04T23:15:04+00:00
01020602401,BOYS MIDDLE SCHOOL MANCHANPORA,01,JAMMU & KASHMIR,0102,BARAMULLA,010206,DANGIWACHA,MANCHANPORA,RAWOOCHA C5,Primary with Upper Primary,Department of Education,3-Co-educational,Rural,Operational,193303,34.301,74.329,2026-09-02T17:02:56,1003639,0,Operational,,,2,50,0,0,50,0,1,8,2,1,Department of Education,Department of Education,1,1,3,3-Co-educational,1,GOVT. BOYS MIDDLE SCHOOL MANCHANPOPRA ,,010206024,1008358,0102060005,1001076,1,28,Rafiabad,242419,2253,Manchan Pora,Fiderpora,,,,,2026-27,13,2026-02-01 22:33:41.514,,101,1002,10172,kys_by_year,2026-09-04T23:15:04+00:00
01020601301,BOYS MIDDLE SCHOOL MARAZIGUND,01,JAMMU & KASHMIR,0102,BARAMULLA,010206,DANGIWACHA,MARAZIGUND,WATERGAM C3,Primary with Upper Primary,Department of Education,3-Co-educational,Urban,Operational,193303,34.33,74.3845,2026-09-02T17:02:56,1003608,0,Operational,,,2,50,0,0,50,0,1,8,2,1,Department of Education,Department of Education,1,1,3,3-Co-educational,2,MARAZIGUND RAFIABAD BARAMULLA 193303,bmsmarazigund[at]gmail[dot]com,010206013,1008349,0102060003,1001074,1,0,,,,,,296985,Municipal Committee Watergam,2241522,Watergam (MC) - Ward No.12,2026-27,13,2026-02-01 22:20:48.337,,101,1002,10172,kys_by_year,2026-09-04T23:15:04+00:00
01021203101,BOYS MIDDLE SCHOOL MEHMOODPORA,01,JAMMU & KASHMIR,0102,BARAMULLA,010212,NEHALPORA,MAHMODPORA,BMS MAHMOOD PORA,Primary with Upper Primary,Department of Education,3-Co-educational,Rural,Operational,193404,34.1274,74.466,2026-09-02T17:02:56,1004100,0,Operational,,,2,50,0,0,50,0,1,8,2,1,Department of Education,Department of Education,1,1,3,3-Co-educational,1,mehmoodpora pattan baramulla,,010212031,1006901,0102120001,1000962,1,7019,Wailoo,241835,2339,Mehmoodpora,Baba Khaipora,,,,,2026-27,13,2026-01-28 14:09:07.259,,101,1002,10176,kys_by_year,2026-09-04T23:15:05+00:00
01020704001,BOYS MIDDLE SCHOOL MIRHER SHEERI,01,JAMMU & KASHMIR,0102,BARAMULLA,010207,FATEHGRAH,MIRHIR,BMS SHEERI,Primary with Upper Primary,Department of Education,3-Co-educational,Rural,Operational,193101,34.187,74.3227,2026-09-02T17:02:56,1003778,0,Operational,,,2,50,0,0,50,0,1,8,2,1,Department of Education,Department of Education,1,1,3,3-Co-educational,1,SHEERI MIRHER BARAMULLA ,,010207040,1008677,0102070002,1001083,1,7013,Narwah,241185,2436,Mirhar,Sheeri,,,,,2026-27,13,2026-01-31 11:19:05.645,,101,1002,10173,kys_by_year,2026-09-04T23:15:05+00:00
01020501602,BOYS MIDDLE SCHOOL MOHLIPORA,01,JAMMU & KASHMIR,0102,BARAMULLA,010205,DANGERPORA,SAIDPORA,C3 BHS BRAT KALAN,Primary with Upper Primary,Department of Education,3-Co-educational,Rural,Operational,193201,34.3213,74.4593,2026-09-02T17:02:56,1003432,0,Operational,,,2,50,0,0,50,0,1,8,2,1,Department of Education,Department of Education,1,1,3,3-Co-educational,1,Saidpora Sopore 193201,bmsmohlipora[at]gmail[dot]com,010205016,1008296,0102050003,1001066,1,36,Zaingeer,242027,2210,Saidpora,Sadipora,,,,,2026-27,13,2026-01-25 18:54:33.316,,101,1002,10171,kys_by_year,2026-09-04T23:15:05+00:00
01021109001,BOYS MIDDLE SCHOOL MUGHAMA,01,JAMMU & KASHMIR,0102,BARAMULLA,010211,KUNZAR,MUGHAMA,MS MULGAM,Primary with Upper Primary,Department of Education,3-Co-educational,Rural,Operational,193121,34.160234,74.55434,2026-09-02T17:02:56,1004042,0,Operational,,,2,50,0,0,50,0,1,8,2,1,Department of Education,Department of Education,1,1,3,3-Co-educational,1,Mughama Kunzer Baramulla,gbmsmughama[at]gmail[dot]com,010211090,1000011,0102110002,1001124,1,26,Kunzer,241841,2645,Mulgam,Mulgam,,,,,2026-27,13,2026-01-25 22:23:35.939,,101,1002,10175,kys_by_year,2026-09-04T23:15:06+00:00
01020500704,BOYS MIDDLE SCHOOL MUNDJI,01,JAMMU & KASHMIR,0102,BARAMULLA,010205,DANGERPORA,MUNDJI,C7 DUROO,Primary with Upper Primary,Department of Education,3-Co-educational,Rural,Operational,193201,34.3652,74.47391,2026-09-02T17:02:56,1003378,0,Operational,,,2,50,0,0,50,0,1,8,2,1,Department of Education,Department of Education,1,1,3,3-Co-educational,1,MUNDJI ZONE DANGERPORA,bmsmundji[at]gmail[dot]com,010205007,1007791,0102050007,1001070,1,36,Zaingeer,242023,2193,Mundji,Mundji,,,,,2026-27,13,2026-01-25 18:44:13.734,,101,1002,10171,kys_by_year,2026-09-04T23:15:06+00:00
01022200902,BOYS MIDDLE SCHOOL MUQAM,01,JAMMU & KASHMIR,0102,BARAMULLA,010222,WAGOORA,MUQAM,KALANTRA PAYEEN,Primary with Upper Primary,Department of Education,3-Co-educational,Rural,Operational,193101,34.1399,74.4131,2026-09-02T17:02:56,1005158,0,Operational,,,2,50,0,0,50,0,1,8,2,1,Department of Education,Department of Education,1,1,3,3-Co-educational,1,KACHWAMUQAM B WAGOORA ,bmsmuqam902[at]gmail[dot]com,010222009,1008522,0102220001,1001036,1,35,Wagoora,288825,2484,Kachwa Muqam,Kachwa Muqam B,,,,,2026-27,13,2026-01-23 12:07:10.447,,101,1002,10184,kys_by_year,2026-09-04T23:15:07+00:00
01020703101,BOYS MIDDLE SCHOOL NAMBLAN,01,JAMMU & KASHMIR,0102,BARAMULLA,010207,FATEHGRAH,NAMBLAN,BMS NUMBLAN,Primary with Upper Primary,Department of Education,3-Co-educational,Rural,Operational,193101,34.1432,74.3085,2026-09-02T17:02:56,1003760,0,Operational,,,2,50,0,0,50,0,1,8,2,1,Department of Education,Department of Education,1,1,3,3-Co-educational,1,Namblan Narwaw Baramulla,gmsn1962[at]gmail[dot]com,010207031,1008669,0102070008,1001089,1,7013,Narwah,241201,2445,Namblan,Namblan,,,,,2026-27,13,2026-01-31 11:15:24.364,,101,1002,10173,kys_by_year,2026-09-04T23:15:07+00:00
01020702901,BOYS MIDDLE SCHOOL NARADARI,01,JAMMU & KASHMIR,0102,BARAMULLA,010207,FATEHGRAH,NARIDARIE,BMS DANGERPORA,Primary with Upper Primary,Department of Education,3-Co-educational,Rural,Operational,193101,34.1429,74.3447,2026-09-02T17:02:56,1003755,0,Operational,,,2,50,0,0,50,0,1,8,2,1,Department of Education,Department of Education,1,1,3,3-Co-educational,1,Naradari Fatehgarh Baramulla,bmsnaradari[at]gmail[dot]com,010207029,1008667,0102070007,1001088,1,7013,Narwah,241207,2441,Nowrang,Dangerpora,,,,,2026-27,13,2026-01-31 11:13:22.957,,101,1002,10173,kys_by_year,2026-09-04T23:15:07+00:00
01020502201,BOYS MIDDLE SCHOOL NATHIPORA,01,JAMMU & KASHMIR,0102,BARAMULLA,010205,DANGERPORA,NATHIPORA,C5 GMS TUJAR,Primary with Upper Primary,Department of Education,3-Co-educational,Rural,Operational,193201,34.362839,74.389712,2026-09-02T17:02:56,1003453,0,Operational,,,2,50,0,0,50,0,1,8,2,1,Department of Education,Department of Education,1,1,3,3-Co-educational,1,Nathipora Zaingair Bomai,bmsnathipora[at]gmail[dot]com,010205022,1008302,0102050005,1001068,1,7018,Tujjar Sharief,242043,2202,Nathi Pora,Nathipora,,,,,2026-27,13,2025-03-03 11:35:16.182,,101,1002,10171,kys_by_year,2026-09-04T23:15:08+00:00
01021204303,BOYS MIDDLE SCHOOL NEHALPORA,01,JAMMU & KASHMIR,0102,BARAMULLA,010212,NEHALPORA,NEHALPORA,BMS NEHALPORA,Primary with Upper Primary,Department of Education,3-Co-educational,Rural,Operational,193121,34.15,74.5254,2026-09-02T17:02:56,1004133,0,Operational,,,2,50,0,0,50,0,1,8,2,1,Department of Education,Department of Education,1,1,3,3-Co-educational,1,NEHALPORA PATTAN BARAMULLA,,010212043,1008759,0102120005,1000966,1,27,Pattan,241856,2348,Nehalpora,Nihalpora-B,,,,,2026-27,13,2026-01-28 14:18:39.239,,101,1002,10176,kys_by_year,2026-09-04T23:15:08+00:00
01021304602,BOYS MIDDLE SCHOOL NOORABAD PATTAN,01,JAMMU & KASHMIR,0102,BARAMULLA,010213,PATTAN,PATTAN,BMS PATTAN,Primary with Upper Primary,Department of Education,3-Co-educational,Urban,Operational,193121,34.164826,74.553263,2026-09-02T17:02:56,1004328,0,Operational,,,2,50,0,0,50,0,1,8,2,1,Department of Education,Department of Education,1,1,3,3-Co-educational,2,NOORABAD PATTAN BARAMULLA,pattanbmsnoorabad[at]gmail[dot]com,010213046,1007121,0102130004,1000956,1,0,,,,,,248150,Municipal Committee Pattan-Municipality,10037,Pattan (NAC) - Ward No.13,2026-27,13,2026-01-25 13:21:11.516,,101,1002,10177,kys_by_year,2026-09-04T23:15:08+00:00
01021704101,BOYS MIDDLE SCHOOL NOORIPORA,01,JAMMU & KASHMIR,0102,BARAMULLA,010217,SINGHPORA PATTAN,NOORIPORA,HS ARCHANDARHAMA,Primary with Upper Primary,Department of Education,3-Co-educational,Rural,Operational,193401,34.105948,74.611235,2026-09-02T17:02:56,1004662,0,Operational,,,2,50,0,0,50,0,1,8,2,1,Department of Education,Department of Education,1,1,3,3-Co-educational,1,NOORIPORA SINGHPORA PATTAN,govtboysmiddleschoolnooripora[at]gmail[dot]com,010217041,1008197,0102170007,1001016,1,7017,Sherabad Khore,241920,2369,Malmoh,Dangerpora,,,,,2026-27,13,2026-01-25 20:23:25.662,,101,1002,10180,kys_by_year,2026-09-04T23:15:08+00:00
01020301604,BOYS MIDDLE SCHOOL PAHARAN,01,JAMMU & KASHMIR,0102,BARAMULLA,010203,BONIYAR,BIMYAR,(C5) BIMYAR,Primary with Upper Primary,Department of Education,3-Co-educational,Rural,Operational,193122,34.1548,74.2003,2026-09-02T17:02:56,1003187,0,Operational,,,2,50,0,0,50,0,1,8,2,1,Department of Education,Department of Education,1,1,3,3-Co-educational,1,Paharan Bimyar Baramulla,mspahiharan1604[at]gmail[dot]com,010203016,1008564,0102030005,1001136,1,7014,Noorkah,288805,2562,Bimyar,Bimyar A,,,,,2026-27,13,2026-01-27 19:43:06.486,,101,1002,10169,kys_by_year,2026-09-04T23:15:09+00:00
01020604701,BOYS MIDDLE SCHOOL PAKHWARA,01,JAMMU & KASHMIR,0102,BARAMULLA,010206,DANGIWACHA,PAKHWARA,KANGROOSA,Primary with Upper Primary,Department of Education,3-Co-educational,Rural,Operational,193303,34.300846,74.24959,2026-09-02T17:02:56,1003670,0,Operational,,,2,50,0,0,50,0,1,8,2,1,Department of Education,Department of Education,1,1,3,3-Co-educational,1,pakhwara teh.Dangiwacha,BMSpakhwara[at]gmail[dot]com,010206047,1008376,0102060008,1001079,1,7009,Kandi Rafiabad,242412,2267,Pakhwara,Pukwara,,,,,2026-27,13,2026-02-01 22:43:34.825,,101,1002,10172,kys_by_year,2026-09-04T23:15:09+00:00
01021205601,BOYS MIDDLE SCHOOL PAKIPORA,01,JAMMU & KASHMIR,0102,BARAMULLA,010212,NEHALPORA,PAKIPORA,MS WANIGAM,Primary with Upper Primary,Department of Education,3-Co-educational,Rural,Operational,193121,34.1602,74.5543,2026-09-02T17:02:56,1004177,0,Operational,,,2,50,0,0,50,0,1,8,2,1,Department of Education,Department of Education,1,1,3,3-Co-educational,1,PAKIPORA PATTAN BARAMULLA,bmspakipora1[at]gmail[dot]com,010212056,1008767,0102120003,1000964,1,27,Pattan,241857,2330,Pakipora,Pakipora,,,,,2026-27,13,2026-01-28 14:25:35.941,,101,1002,10176,kys_by_year,2026-09-04T23:15:09+00:00
01021205501,BOYS MIDDLE SCHOOL PALPORA,01,JAMMU & KASHMIR,0102,BARAMULLA,010212,NEHALPORA,PALPORA,MS WANIGAM,Primary with Upper Primary,Department of Education,3-Co-educational,Rural,Operational,193121,34.1602,74.5543,2026-09-02T17:02:56,1004175,0,Operational,,,2,50,0,0,50,0,1,8,2,1,Department of Education,Department of Education,1,1,3,3-Co-educational,1,PALPORA PATTAN BARAMULLA,bms.palpora[at]gmail[dot]com,010212055,1008766,0102120003,1000964,1,27,Pattan,241854,2318,Palpora,Nillah Palpora,,,,,2026-27,13,2026-01-28 14:25:21.451,,101,1002,10176,kys_by_year,2026-09-04T23:15:10+00:00
01021504602,BOYS MIDDLE SCHOOL PANZALLA,01,JAMMU & KASHMIR,0102,BARAMULLA,010215,ROHAMA,PANZALLA,PANZLLA,Primary with Upper Primary,Department of Education,3-Co-educational,Rural,Operational,193301,34.2765,74.2926,2026-09-02T17:02:56,1004466,0,Operational,,,2,50,0,0,50,0,1,8,2,1,Department of Education,Department of Education,1,1,3,3-Co-educational,1,Panzalla Rohama Rafiabad,bmspanzalla[at]gmail[dot]com,010215046,1007168,0102150003,1000980,1,29,Rohama,241883,2284,Panzulla Gund Bal,Panzalla,,,,,2026-27,13,2026-01-22 20:21:09.374,,101,1002,10178,kys_by_year,2026-09-04T23:15:10+00:00
01020300801,BOYS MIDDLE SCHOOL PASSARAN,01,JAMMU & KASHMIR,0102,BARAMULLA,010203,BONIYAR,DARAKUJAN,(C2) BANALI,Primary with Upper Primary,Department of Education,3-Co-educational,Rural,Operational,193122,34.0748,74.1963,2026-09-02T17:02:56,1003159,0,Operational,,,2,50,0,0,50,0,1,8,2,1,Department of Education,Department of Education,1,1,3,3-Co-educational,1,Passeran Trikanjan Boniyar,bmspassaranschool[at]gmail[dot]com,010203008,1008539,0102030002,1001133,1,23,Boniyar,241811,2595,Dara Kujan,Baidan,,,,,2026-27,13,2026-01-27 19:30:31.833,,101,1002,10169,kys_by_year,2026-09-04T23:15:10+00:00
01020702803,BOYS MIDDLE SCHOOL PATHAN MOHALLA TARRIPORA,01,JAMMU & KASHMIR,0102,BARAMULLA,010207,FATEHGRAH,TARIPORA,BMS DANGERPORA,Primary with Upper Primary,Department of Education,3-Co-educational,Rural,Operational,193101,34.1385,74.3402,2026-09-02T17:02:56,1003753,0,Operational,,,2,50,0,0,50,0,1,8,2,1,Department of Education,Department of Education,1,1,3,3-Co-educational,1,Taripora Baramulla kashmir,gbmspathanmohalla[at]gmail[dot]com,010207028,1008666,0102070007,1001088,1,7013,Narwah,241207,2446,Taripora Wansaran,Dangerpora,,,,,2026-27,13,2026-01-31 11:13:03.047,,101,1002,10173,kys_by_year,2026-09-04T23:15:11+00:00
01021301315,BOYS MIDDLE SCHOOL PATTAN,01,JAMMU & KASHMIR,0102,BARAMULLA,010213,PATTAN,PATTAN,BMS PATTAN,Primary with Upper Primary,Department of Education,3-Co-educational,Urban,Operational,193121,34.1549,74.563,2026-09-02T17:02:56,1004221,0,Operational,,,2,50,0,0,50,0,1,8,2,1,Department of Education,Department of Education,1,1,3,3-Co-educational,2,NEAR DEGREE COLLAGE PATTAN BARAMULLA,govtbmspattan[at]gmail[dot]com,010213013,1007993,0102130004,1000956,1,0,,,,,,248150,Municipal Committee Pattan-Municipality,10029,Pattan (NAC) - Ward No.5,2026-27,13,2026-01-25 12:55:39.547,,101,1002,10177,kys_by_year,2026-09-04T23:15:11+00:00
01020600403,BOYS MIDDLE SCHOOL PAZALPORA,01,JAMMU & KASHMIR,0102,BARAMULLA,010206,DANGIWACHA,PAZALPORA,BEHRAMPORA C1,Primary with Upper Primary,Department of Education,3-Co-educational,Rural,Operational,193303,34.3473,74.3891,2026-09-02T17:02:56,1003584,0,Operational,,,2,50,0,0,50,0,1,8,2,1,Department of Education,Department of Education,1,1,3,3-Co-educational,1,BMS pazalpora Watergam Rafiabad,bmspazalpora[at]gmail[dot]com,010206004,1008340,0102060001,1001072,1,28,Rafiabad,242429,2235,Malagonipora,Malganipora,,,,,2026-27,13,2026-02-01 22:04:34.365,,101,1002,10172,kys_by_year,2026-09-04T23:15:12+00:00
01020603901,BOYS MIDDLE SCHOOL PAZWALPORA,01,JAMMU & KASHMIR,0102,BARAMULLA,010206,DANGIWACHA,PAZWALPORA,KANGROOSA,Primary with Upper Primary,Department of Education,3-Co-educational,Rural,Operational,193303,34.2918,74.2391,2026-09-02T17:02:56,1003665,0,Operational,,,2,50,0,0,50,0,1,8,2,1,Department of Education,Department of Education,1,1,3,3-Co-educational,1,Govt.Boys Middle School Pazwalpora,BMSPAZWALPORA901[at]gmail[dot]com,010206039,1008370,0102060008,1001079,1,7009,Kandi Rafiabad,242409,2277,Pazwal Pora,Pazalpora A,,,,,2026-27,13,2026-02-01 22:44:37.171,,101,1002,10172,kys_by_year,2026-09-04T23:15:12+00:00
01020505402,BOYS MIDDLE SCHOOL PETHBUGH,01,JAMMU & KASHMIR,0102,BARAMULLA,010205,DANGERPORA,PETH BUGH,C2 GMS WARPORA,Primary with Upper Primary,Department of Education,3-Co-educational,Rural,Operational,193201,34.33343,74.48699,2026-09-02T17:02:56,1003561,0,Operational,,,2,50,0,0,50,0,1,8,2,1,Department of Education,Department of Education,1,1,3,3-Co-educational,1,PETHBUGH WARPORA SOPORE,gbmspethbugh786[at]gmail[dot]com,010205054,1008331,0102050002,1001065,1,36,Zaingeer,242025,2208,Pethbug,Janwari,,,,,2026-27,13,2026-01-25 18:34:32.244,,101,1002,10171,kys_by_year,2026-09-04T23:15:12+00:00
01021800206,BOYS MIDDLE SCHOOL PETH SEER,01,JAMMU & KASHMIR,0102,BARAMULLA,010218,SOPORE,SEER JAGIR,MS PETH SEER,Primary with Upper Primary,Department of Education,3-Co-educational,Rural,Operational,193201,34.2541,74.4452,2026-09-02T17:02:56,1004714,0,Operational,,,2,50,0,0,50,0,1,8,2,1,Department of Education,Department of Education,1,1,3,3-Co-educational,1,PETHSEER SOPOR BARAMULLLA,bmspethseer62[at]gmail[dot]com,010218002,1008520,0102180005,1001104,1,7016,Sangrama,241954,2214,Seer Jagir,Manzseer,,,,,2026-27,13,2025-03-02 23:32:41.29,,101,1002,10181,kys_by_year,2026-09-04T23:15:13+00:00
01020301301,BOYS MIDDLE SCHOOL PRANKUTRAN,01,JAMMU & KASHMIR,0102,BARAMULLA,010203,BONIYAR,PRANKUTRAN,(C3) BERNATE,Primary with Upper Primary,Department of Education,3-Co-educational,Rural,Operational,193122,34.062692,74.197265,2026-09-02T17:02:56,1003177,0,Operational,,,2,50,0,0,50,0,1,8,2,1,Department of Education,Department of Education,1,1,3,3-Co-educational,1,Prankutran Boniyar Baramulla,msprankutran1965[at]gmail[dot]com,010203013,1008544,0102030003,1001134,1,23,Boniyar,241805,2591,Prankutran,Bela Salamabad,,,,,2026-27,13,2026-01-27 19:38:29.569,,101,1002,10169,kys_by_year,2026-09-04T23:15:13+00:00
01020501504,BOYS MIDDLE SCHOOL RAJMOHALLA DANGERPORA,01,JAMMU & KASHMIR,0102,BARAMULLA,010205,DANGERPORA,DANGERPORA,C3 BHS BRAT KALAN,Primary with Upper Primary,Department of Education,3-Co-educational,Rural,Operational,193201,34.3681,74.5164,2026-09-02T17:02:56,1003417,0,Operational,,,2,50,0,0,50,0,1,8,2,1,Department of Education,Department of Education,1,1,3,3-Co-educational,1,RAJMOHALLA DANGERPORA,middleschoolrajdp2021[at]gmail[dot]com,010205015,1008295,0102050003,1001066,1,36,Zaingeer,242030,2205,Dangarpora,Dangerpora C,,,,,2026-27,13,2026-01-25 18:51:57.683,,101,1002,10171,kys_by_year,2026-09-04T23:15:13+00:00
01020600906,BOYS MIDDLE SCHOOL RAMAHAMA,01,JAMMU & KASHMIR,0102,BARAMULLA,010206,DANGIWACHA,CHATLOORA,HIB C2,Primary with Upper Primary,Department of Education,3-Co-educational,Rural,Operational,193301,34.3145,74.4035,2026-09-02T17:02:56,1003597,0,Operational,,,2,50,0,0,50,0,1,8,2,1,Department of Education,Department of Education,1,1,3,3-Co-educational,1,Ramhama Chat.Rafiabad,bmsramhama906[at]gmail[dot]com,010206009,1008345,0102060002,1001073,1,28,Rafiabad,242422,2239,Chatloora,Chatloora,,,,,2026-27,13,2026-02-01 22:06:25.362,,101,1002,10172,kys_by_year,2026-09-04T23:15:14+00:00
01021203701,BOYS MIDDLE SCHOOL RESRAYPORA,01,JAMMU & KASHMIR,0102,BARAMULLA,010212,NEHALPORA,RESRAYPORA,BMS CHECK SEERI,Primary with Upper Primary,Department of Education,3-Co-educational,Rural,Operational,193121,34.1602,74.5543,2026-09-02T17:02:56,1004115,0,Operational,,,2,50,0,0,50,0,1,8,2,1,Department of Education,Department of Education,1,1,3,3-Co-educational,1,RUSRAYPORA PATTAN BARAMULLA,gbmsrp1203701[at]gmail[dot]com,010212037,1008754,0102120006,1000967,1,27,Pattan,241852,2346,Resripora,Dargam,,,,,2026-27,13,2025-12-19 11:50:59.32,,101,1002,10176,kys_by_year,2026-09-04T23:15:14+00:00
01020501802,BOYS MIDDLE SCHOOL SEELU,01,JAMMU & KASHMIR,0102,BARAMULLA,010205,DANGERPORA,SEELU,C4,Primary with Upper Primary,Department of Education,3-Co-educational,Rural,Operational,193201,34.3681,74.5164,2026-09-02T17:02:56,1003439,0,Operational,,,2,50,0,0,50,0,1,8,2,1,Department of Education,Department of Education,1,1,3,3-Co-educational,1,Mohalla Teliyaan Seello,bmsseeloo[at]gmail[dot]com,010205018,1008298,0102050004,1001067,1,31,Sopore,242032,2203,Seeloo,Seeloo,,,,,2026-27,13,2025-03-03 11:28:07.151,,101,1002,10171,kys_by_year,2026-09-04T23:15:14+00:00
01020605701,BOYS MIDDLE SCHOOL SEIN,01,JAMMU & KASHMIR,0102,BARAMULLA,010206,DANGIWACHA,SEIN,ZETHAN,Primary with Upper Primary,Department of Education,3-Co-educational,Rural,Operational,193303,34.296,74.2668,2026-09-02T17:02:56,1003687,0,Operational,,,2,50,0,0,50,0,1,8,2,1,Department of Education,Department of Education,1,1,3,3-Co-educational,1,sein Dangiwacha Rafiabad,ashrafmir85912[at]gmail[dot]com,010206057,1008385,0102060007,1001078,1,28,Rafiabad,242416,2280,Sain,Sheikhpora,,,,,2026-27,13,2026-02-01 22:45:09.677,,101,1002,10172,kys_by_year,2026-09-04T23:15:15+00:00
01020303102,BOYS MIDDLE SCHOOL SHALADAJAN,01,JAMMU & KASHMIR,0102,BARAMULLA,010203,BONIYAR,SHALDAJAN,(C8) NOWSHERA,Primary with Upper Primary,Department of Education,3-Co-educational,Rural,Operational,193122,34.1517,74.2326,2026-09-02T17:02:56,1003231,0,Operational,,,2,50,0,0,50,0,1,8,2,1,Department of Education,Department of Education,1,1,3,3-Co-educational,1,SHALADAJAN NOWSHARA BONIYAR,gmssn357[at]gmail[dot]com,010203031,1008577,0102030008,1001139,1,23,Boniyar,241801,2585,Shaladajan,Nowshera A,,,,,2026-27,13,2026-01-27 20:16:05.498,,101,1002,10169,kys_by_year,2026-09-04T23:15:15+00:00
01020501901,BOYS MIDDLE SCHOOL SHANGER GUND,01,JAMMU & KASHMIR,0102,BARAMULLA,010205,DANGERPORA,SHANGERGUND,C4,Primary with Upper Primary,Department of Education,3-Co-educational,Rural,Operational,193201,34.3681,74.5164,2026-09-02T17:02:56,1003447,0,Operational,,,2,50,0,0,50,0,1,8,2,1,Department of Education,Department of Education,1,1,3,3-Co-educational,1,Boys Middle School Shangergund,bmsshangergund95[at]gmail[dot]com,010205019,1008299,0102050004,1001067,1,31,Sopore,242033,2212,Bohripora,Shangergund Bohripora,,,,,2026-27,13,2025-03-03 11:31:42.899,,101,1002,10171,kys_by_year,2026-09-04T23:15:15+00:00
01021303603,BOYS MIDDLE SCHOOL SHEERBUGH,01,JAMMU & KASHMIR,0102,BARAMULLA,010213,PATTAN,SHURBUGH,GOSHBUGH,Primary with Upper Primary,Department of Education,3-Co-educational,Rural,Operational,193121,34.2064,74.5388,2026-09-02T17:02:56,1004305,0,Operational,,,2,50,0,0,50,0,1,8,2,1,Department of Education,Department of Education,1,1,3,3-Co-educational,1,TANTRAY MOHALLA SHEERBUGH,bmssheerbugh[at]gmail[dot]com,010213036,1006892,0102130011,1000975,1,27,Pattan,288813,2324,Sultanpora Khoie,Sultanpora C,,,,,2026-27,13,2026-01-25 13:14:10.198,,101,1002,10177,kys_by_year,2026-09-04T23:15:16+00:00
01020700405,BOYS MIDDLE SCHOOL SHEERI PAYEEN,01,JAMMU & KASHMIR,0102,BARAMULLA,010207,FATEHGRAH,SHEERI,BMS SHEERI,Primary with Upper Primary,Department of Education,3-Co-educational,Rural,Operational,193101,34.1833,74.3065,2026-09-02T17:02:56,1003710,0,Operational,,,2,50,0,0,50,0,1,8,2,1,Department of Education,Department of Education,1,1,3,3-Co-educational,1,SHEERI PAYEEN BARAMULLA KASHMIR,bmssheeri[at]gmail[dot]com,010207004,1004534,0102070002,1001083,1,7013,Narwah,241185,2425,Shreenabad,Sheeri,,,,,2026-27,13,2026-01-31 11:07:04.225,,101,1002,10173,kys_by_year,2026-09-04T23:15:16+00:00
01020604501,BOYS MIDDLE SCHOOLS KITTERDAJI,01,JAMMU & KASHMIR,0102,BARAMULLA,010206,DANGIWACHA,KITTERDAJI,KANGROOSA,Primary with Upper Primary,Department of Education,3-Co-educational,Rural,Operational,193303,34.29224,74.22788,2026-09-02T17:02:56,1003668,0,Operational,,,2,50,0,0,50,0,1,8,2,1,Department of Education,Department of Education,1,1,3,3-Co-educational,1,Kitterdaji Rafiabad Baramulla ,,010206045,1008374,0102060008,1001079,1,7009,Kandi Rafiabad,288830,2273,Kitar Daji,Pazalpora B,,,,,2026-27,13,2025-11-28 21:34:03.047,,101,1002,10172,kys_by_year,2026-09-04T23:15:16+00:00
01020703901,BOYS MIDDLE SCHOOL SUCHLIWARAN,01,JAMMU & KASHMIR,0102,BARAMULLA,010207,FATEHGRAH,AUDOORA,BMS MALPORA,Primary with Upper Primary,Department of Education,3-Co-educational,Rural,Operational,193101,34.1418,74.3235,2026-09-02T17:02:56,1003777,0,Operational,,,2,50,0,0,50,0,1,8,2,1,Department of Education,Department of Education,1,1,3,3-Co-educational,1,Suchiliwarn Narvaw Baramulla ,gmsuch[at]gmail[dot]com,010207039,1008676,0102070005,1001086,1,7013,Narwah,241200,2443,Audoora,Audoora,,,,,2026-27,13,2026-01-31 11:18:51.487,,101,1002,10173,kys_by_year,2026-09-04T23:15:17+00:00
01021302008,BOYS MIDDLE SCHOOL TAKIYA TAPPER,01,JAMMU & KASHMIR,0102,BARAMULLA,010213,PATTAN,TAPPER WARIPORA,TAPPER,Primary with Upper Primary,Department of Education,3-Co-educational,Rural,Operational,193121,34.203911,74.506656,2026-09-02T17:02:56,1004262,0,Operational,,,2,50,0,0,50,0,1,8,2,1,Department of Education,Department of Education,1,1,3,3-Co-educational,1,TAKIYA TAPPER PATTAN BARAMULLA,bms.takiyatappar[at]gmail[dot]com,010213020,1007992,0102130007,1000959,1,27,Pattan,241864,2314,Tapper Waripora,Takiya Tapper,,,,,2026-27,13,2026-01-25 13:00:34.298,,101,1002,10177,kys_by_year,2026-09-04T23:15:17+00:00
01021300301,BOYS MIDDLE SCHOOL TANTRAY PORA,01,JAMMU & KASHMIR,0102,BARAMULLA,010213,PATTAN,TANTRAYPORA,NOWLARI,Primary with Upper Primary,Department of Education,3-Co-educational,Rural,Operational,193401,34.0953,74.5884,2026-09-02T17:02:56,1004189,0,Operational,,,2,50,0,0,50,0,1,8,2,1,Department of Education,Department of Education,1,1,3,3-Co-educational,1,tantry pora pattan baramulla,bmstantraypora[at]gmail[dot]com,010213003,1008775,0102130012,1000976,1,7017,Sherabad Khore,241929,2373,Mehrajpora (Kungamdara),Kungamdara,,,,,2026-27,13,2026-01-25 12:53:33.124,,101,1002,10177,kys_by_year,2026-09-04T23:15:17+00:00
01021302009,BOYS MIDDLE SCHOOL TAPPER PAYEEN,01,JAMMU & KASHMIR,0102,BARAMULLA,010213,PATTAN,TAPPER WARIPORA,TAPPER,Primary with Upper Primary,Department of Education,3-Co-educational,Rural,Operational,193121,34.1585,74.5565,2026-09-02T17:02:56,1004263,0,Operational,,,2,50,0,0,50,0,1,8,2,1,Department of Education,Department of Education,1,1,3,3-Co-educational,1,TAPER PAYEEN PATTAN BARAMULLA,headmasterbmstapperpayeen[at]gmail[dot]com,010213020,1007992,0102130007,1000959,1,27,Pattan,241864,2314,Tapper Waripora,Takiya Tapper,,,,,2026-27,13,2026-01-25 13:00:46.424,,101,1002,10177,kys_by_year,2026-09-04T23:15:18+00:00
01020402701,BOYS MIDDLE SCHOOL TATHAMULLA AHTISHAMPORA,01,JAMMU & KASHMIR,0102,BARAMULLA,010204,CHANDANWARI,AHTISHAMPORA,BPS KHARHAR,Primary with Upper Primary,Department of Education,3-Co-educational,Rural,Operational,193122,34.1511,74.1638,2026-09-02T17:02:56,1003352,0,Operational,,,2,50,0,0,50,0,1,8,2,1,Department of Education,Department of Education,1,1,3,3-Co-educational,1,Tethamulla Boniyar Baramulla,,010204027,1008704,0102040010,1001063,1,7014,Noorkah,241792,2573,Athishampora,Atishampora,,,,,2026-27,13,2026-01-28 14:12:16.807,,101,1002,10170,kys_by_year,2026-09-04T23:15:18+00:00
01020400102,BOYS MIDDLE SCHOOL TETHAMMULLA KHURD AZADPORA,01,JAMMU & KASHMIR,0102,BARAMULLA,010204,CHANDANWARI,ATISHAMPORA,BPS KHARHAR,Primary with Upper Primary,Department of Education,3-Co-educational,Rural,Operational,193122,34.1499,74.1532,2026-09-02T17:02:56,1003240,0,Operational,,,2,50,0,0,50,0,1,8,2,1,Department of Education,Department of Education,1,1,3,3-Co-educational,1,Village Azadpora Boniyar,sajad8492[at]gmail[dot]com,010204001,1008684,0102040010,1001063,1,7014,Noorkah,241792,2574,Azad Pora,Atishampora,,,,,2026-27,13,2026-01-28 12:44:44.901,,101,1002,10170,kys_by_year,2026-09-04T23:15:18+00:00
01020401203,BOYS MIDDLE SCHOOL TOWHEED MOHALLA BIJHAMA,01,JAMMU & KASHMIR,0102,BARAMULLA,010204,CHANDANWARI,BIJHAMA,GMS BIJHAMA,Primary with Upper Primary,Department of Education,3-Co-educational,Rural,Operational,193122,34.1643,74.089,2026-09-02T17:02:56,1003287,0,Operational,,,2,50,0,0,50,0,1,8,2,1,Department of Education,Department of Education,1,1,3,3-Co-educational,1,Bijhama Tehsil Boniyar,,010204012,1008692,0102040004,1001057,1,7006,Bijhama,288827,2556,Bijhama,Bijhama B,,,,,2026-27,13,2026-01-28 13:10:21.318,,101,1002,10170,kys_by_year,2026-09-04T23:15:19+00:00
01021201801,BOYS MIDDLE SCHOOL UCHILIPORA,01,JAMMU & KASHMIR,0102,BARAMULLA,010212,NEHALPORA,UCHILPORA,BMS Behrampora Chukar ,Primary with Upper Primary,Department of Education,3-Co-educational,Rural,Operational,193401,34.1113,74.4961,2026-09-02T17:02:56,1004069,0,Operational,,,2,50,0,0,50,0,1,8,2,1,Department of Education,Department of Education,1,1,3,3-Co-educational,1,UCHILIPORA KUNZER BARAMULLA,,010212018,1008737,0102120004,1000965,1,26,Kunzer,241825,2385,Uchilipora,Katibugh,,,,,2026-27,13,2026-01-28 14:02:58.883,,101,1002,10176,kys_by_year,2026-09-04T23:15:19+00:00
01021301501,BOYS MIDDLE SCHOOL USSAN KHOIE,01,JAMMU & KASHMIR,0102,BARAMULLA,010213,PATTAN,USSAN KHOIE,USSAN KHOIE,Primary with Upper Primary,Department of Education,3-Co-educational,Rural,Operational,193121,34.202101,74.554461,2026-09-02T17:02:56,1004253,0,Operational,,,2,50,0,0,50,0,1,8,2,1,Department of Education,Department of Education,1,1,3,3-Co-educational,1,USSAN KHOIE PATTAN BARAMULLA,hmbms01021301501[at]gmail[dot]com,010213015,1008785,0102130013,1000977,1,27,Pattan,241872,2327,Ussan Khoie,Wussan A,,,,,2026-27,13,2026-01-25 12:58:53.844,,101,1002,10177,kys_by_year,2026-09-04T23:15:19+00:00
01021106902,BOYS MIDDLE SCHOOL UTIKOO,01,JAMMU & KASHMIR,0102,BARAMULLA,010211,KUNZAR,UTIKOO,MS Mongloora,Primary with Upper Primary,Department of Education,3-Co-educational,Rural,Operational,193404,34.0778,74.4835,2026-09-02T17:02:56,1004019,0,Operational,,,2,50,0,0,50,0,1,8,2,1,Department of Education,Department of Education,1,1,3,3-Co-educational,1,Utikoo Bangil kawarhana kunzer,bmsutikoo[at]gmail[dot]com,010211069,1008488,0102110008,1001130,1,7008,Hardaboora,241817,2395,Utikoo,Utikoo,,,,,2026-27,13,2026-01-25 22:14:20.18,,101,1002,10175,kys_by_year,2026-09-04T23:15:20+00:00
01020200501,BOYS MIDDLE SCHOOL VENKARA,01,JAMMU & KASHMIR,0102,BARAMULLA,010202,BARAMULLA,VENKARA,CHAKLOO BLA,Primary with Upper Primary,Department of Education,3-Co-educational,Rural,Operational,193301,34.2367,74.3293,2026-09-02T17:02:56,1003013,0,Operational,,,2,50,0,0,50,0,1,8,2,1,Department of Education,Department of Education,1,1,3,3-Co-educational,1,Venkura Binner Baramulla,bmsvenkara18[at]gmail[dot]com,010202005,1008593,0102020001,1001109,1,7012,Nadihal,241204,2407,Kalanderpora,Venkari,,,,,2026-27,13,2026-01-24 12:36:36.949,,101,1002,10168,kys_by_year,2026-09-04T23:15:20+00:00
01022202301,BOYS MIDDLE SCHOOL VIZER,01,JAMMU & KASHMIR,0102,BARAMULLA,010222,WAGOORA,VIZER,SHRAK WARA,Primary with Upper Primary,Department of Education,3-Co-educational,Rural,Operational,193103,34.183219,74.44464,2026-09-02T17:02:56,1005179,0,Operational,,,2,50,0,0,50,0,1,8,2,1,Department of Education,Department of Education,1,1,3,3-Co-educational,1,"Vizer, Wagoora, Baramulla",bmsvizer123[at]gmail[dot]com,010222023,1008549,0102220010,1001044,1,35,Wagoora,242457,2465,Vizer,Vizer,,,,,2026-27,13,2025-03-03 10:48:25.368,,101,1002,10184,kys_by_year,2026-09-04T23:15:20+00:00
01020201601,BOYS MIDDLE SCHOOL WANANWAR,01,JAMMU & KASHMIR,0102,BARAMULLA,010202,BARAMULLA,VANAN WAR,VOHULITRA,Primary with Upper Primary,Department of Education,3-Co-educational,Rural,Operational,193301,34.2495,74.3071,2026-09-02T17:02:56,1003044,0,Operational,,,2,50,0,0,50,0,1,8,2,1,Department of Education,Department of Education,1,1,3,3-Co-educational,1,Walanwar Shutloo Rafiabad,gbmswalanwar[at]gmail[dot]com,010202016,1008604,0102020003,1001111,1,29,Rohama,241197,2408,Shutloo,Shutloo,,,,,2026-27,13,2026-01-24 12:40:56.817,,101,1002,10168,kys_by_year,2026-09-04T23:15:21+00:00
01021205001,BOYS MIDDLE SCHOOL WANIGAM BALA,01,JAMMU & KASHMIR,0102,BARAMULLA,010212,NEHALPORA,WANIGAM BALA,MS WANIGAM,Primary with Upper Primary,Department of Education,3-Co-educational,Rural,Operational,193108,34.1689,74.501,2026-09-02T17:02:56,1004163,0,Operational,,,2,50,0,0,50,0,1,8,2,1,Department of Education,Department of Education,1,1,3,3-Co-educational,1,WANIGAM BALA PATTAN BLA,modelschool5001[at]gmail[dot]com,010212050,1008762,0102120003,1000964,1,27,Pattan,241851,2315,Wanigam Bala,Wanigam Bala,,,,,2026-27,13,2026-01-28 11:37:04.412,,101,1002,10176,kys_by_year,2026-09-04T23:15:21+00:00
01020702802,BOYS MIDDLE SCHOOL WANSERAN,01,JAMMU & KASHMIR,0102,BARAMULLA,010207,FATEHGRAH,TARIPORA,BMS MALPORA,Primary with Upper Primary,Department of Education,3-Co-educational,Rural,Operational,193101,34.1438,74.3334,2026-09-02T17:02:56,1003752,0,Operational,,,2,50,0,0,50,0,1,8,2,1,Department of Education,Department of Education,1,1,3,3-Co-educational,1,Taripora Wansiran Narvaw Baramulla ,bmswansiran[at]gmail[dot]com,010207028,1008666,0102070005,1001086,1,7013,Narwah,241207,2446,Taripora Wansaran,Dangerpora,,,,,2026-27,13,2026-01-31 11:12:04.872,,101,1002,10173,kys_by_year,2026-09-04T23:15:21+00:00
01021200603,BOYS MIDDLE SCHOOL WARIPORA PAYEEN,01,JAMMU & KASHMIR,0102,BARAMULLA,010212,NEHALPORA,WARIPORA,GMS DARDPORA,Primary with Upper Primary,Department of Education,3-Co-educational,Rural,Operational,193108,34.153,74.4808,2026-09-02T17:02:56,1004045,0,Operational,,,2,50,0,0,50,0,1,8,2,1,Department of Education,Department of Education,1,1,3,3-Co-educational,1,WARIPORA PAYEEN KREERI,zeonehalpora[at]gmail[dot]com,010212006,1008726,0102120002,1000963,1,35,Wagoora,242448,2460,Waripora Payeen,Waripora Bala,,,,,2026-27,13,2026-01-28 14:01:27.282,,101,1002,10176,kys_by_year,2026-09-04T23:15:22+00:00
01021204104,BOYS MIDDLE SCHOOL WARPORA,01,JAMMU & KASHMIR,0102,BARAMULLA,010212,NEHALPORA,SERIA WARPORA,BMS NEHALPORA,Primary with Upper Primary,Department of Education,3-Co-educational,Rural,Operational,193121,34.1574,74.5584,2026-09-02T17:02:56,1004126,0,Operational,,,2,50,0,0,50,0,1,8,2,1,Department of Education,Department of Education,1,1,3,3-Co-educational,1,SARIWARPORA( A)PATTAN BLA,Boysmiddleschoolwarpora[at]gmail[dot]com,010212041,1008758,0102120005,1000966,1,27,Pattan,288809,2378,Sari Warpora,Sariwarpora B,,,,,2026-27,13,2026-01-28 14:18:52.945,,101,1002,10176,kys_by_year,2026-09-04T23:15:22+00:00
01020601002,BOYS MIDDLE SCHOOL WATERGAM,01,JAMMU & KASHMIR,0102,BARAMULLA,010206,DANGIWACHA,WATERGAM,WATERGAM C3,Primary with Upper Primary,Department of Education,3-Co-educational,Urban,Operational,193303,34.3193,74.372,2026-09-02T17:02:56,1003599,0,Operational,,,2,50,0,0,50,0,1,8,2,1,Department of Education,Department of Education,1,1,3,3-Co-educational,2,"Govt boys middle school, watergam",zeodangiwacha[at]gmail[dot]com,010206010,1008346,0102060003,1001074,1,0,,,,,,296985,Municipal Committee Watergam,2241512,Watergam (MC) - Ward No.2,2026-27,13,2026-02-01 22:05:52.201,,101,1002,10172,kys_by_year,2026-09-04T23:15:22+00:00
01021700301,BOYS MIDDLE SCHOOL YAKMANPORA,01,JAMMU & KASHMIR,0102,BARAMULLA,010217,SINGHPORA PATTAN,YAKMANPORA,MS CHAINA BAL,Primary with Upper Primary,Department of Education,3-Co-educational,Rural,Operational,193121,34.1565,74.6384,2026-09-02T17:02:56,1004566,0,Operational,,,2,50,0,0,50,0,1,8,2,1,Department of Education,Department of Education,1,1,3,3-Co-educational,1,YAKMANPORA SINGHPORA PATTAN 193121,bmsyakmanpora01021700301[at]gmail[dot]com,010217003,1007205,0102170002,1001011,1,30,Singhpora,241910,2362,Devar Yakhmanpora,Deveryaknpora,,,,,2026-27,13,2026-01-25 20:03:08.921,,101,1002,10180,kys_by_year,2026-09-04T23:15:23+00:00
01020601801,BOYS MIDDLE SCHOOL YARBUGH,01,JAMMU & KASHMIR,0102,BARAMULLA,010206,DANGIWACHA,YARBUGH,DANGIWACHA C4,Primary with Upper Primary,Department of Education,3-Co-educational,Rural,Operational,193303,34.3003,74.341,2026-09-02T17:02:56,1003618,0,Operational,,,2,50,0,0,50,0,1,8,2,1,Department of Education,Department of Education,1,1,3,3-Co-educational,1,Yarbugh DANGIWACHA Baramulla,gbmsyarbugh[at]gmail[dot]com,010206018,1008354,0102060004,1001075,1,28,Rafiabad,242421,2252,Yarbug,Yarbug,,,,,2026-27,13,2026-02-01 22:19:47.205,,101,1002,10172,kys_by_year,2026-09-04T23:15:23+00:00
01021705301,BOYS MIDDLE SCHOOL ZADIMOHALLA,01,JAMMU & KASHMIR,0102,BARAMULLA,010217,SINGHPORA PATTAN,ZADIMOHALLA,HS T K BALA,Primary with Upper Primary,Department of Education,3-Co-educational,Rural,Operational,193121,34.1749,74.581719,2026-09-02T17:02:56,1004693,0,Operational,,,2,50,0,0,50,0,1,8,2,1,Department of Education,Department of Education,1,1,3,3-Co-educational,1,ZADIMOHALL RD PORA SINGHPORA PATTAN 193121,bmszadimohalla301[at]gmail[dot]com,010217053,1008208,0102170006,1001015,1,30,Singhpora,288819,2354,Rakh Dosli Pora,Rahk Duslipora,,,,,2026-27,13,2026-01-25 20:34:33.351,,101,1002,10180,kys_by_year,2026-09-04T23:15:23+00:00
01020704301,BOYS MIDDLE SCHOOL ZANDFARN,01,JAMMU & KASHMIR,0102,BARAMULLA,010207,FATEHGRAH,ZAM ZAM PORA,MS  BHAT MOHALLAH AUDOORA,Primary with Upper Primary,Department of Education,3-Co-educational,Rural,Operational,193101,34.1712,74.2979,2026-09-02T17:02:56,1003779,0,Operational,,,2,50,0,0,50,0,1,8,2,1,Department of Education,Department of Education,1,1,3,3-Co-educational,1,ZANDFARAN ZAMZAMPORA,MSZANDFARAN[at]GMAIL[dot]COM,010207043,1008680,0102070009,1001090,1,7013,Narwah,288828,2430,Zamzampora,Zandfran,,,,,2026-27,13,2026-01-31 11:19:29.065,,101,1002,10173,kys_by_year,2026-09-04T23:15:24+00:00
01021301201,BOYS MIDDLE SCHOOL ZANGAM,01,JAMMU & KASHMIR,0102,BARAMULLA,010213,PATTAN,ZANGAM,BURAN,Primary with Upper Primary,Department of Education,3-Co-educational,Rural,Operational,193121,34.1459,74.5669,2026-09-02T17:02:56,1004216,0,Operational,,,2,50,0,0,50,0,1,8,2,1,Department of Education,Department of Education,1,1,3,3-Co-educational,1,Boys Middle School Zangam,bmszangam[at]gamil[dot]com,010213012,1007994,0102130003,1001986,1,27,Pattan,241850,2349,Pattan,Buran Zangam B,,,,,2026-27,13,2026-01-25 12:55:06.072,,101,1002,10177,kys_by_year,2026-09-04T23:15:24+00:00
01020700601,BOYS MIDDLE SCHOOL ZOOGIYAR,01,JAMMU & KASHMIR,0102,BARAMULLA,010207,FATEHGRAH,ZOOGIYAR,BMS SHEERI,Primary with Upper Primary,Department of Education,3-Co-educational,Rural,Operational,193101,34.1781,74.3109,2026-09-02T17:02:56,1003713,0,Operational,,,2,50,0,0,50,0,1,8,2,1,Department of Education,Department of Education,1,1,3,3-Co-educational,1,ZOGIYAR BARAMULLA KASHMIR ,bmszoogiyar[at]gmail[dot]com,010207006,1008648,0102070002,1001083,1,7013,Narwah,241219,2429,Jogiyar,Zogiyar,,,,,2026-27,13,2026-01-31 11:07:34.992,,101,1002,10173,kys_by_year,2026-09-04T23:15:24+00:00
01021702001,BOYS MODEL HIGHER SECEONDARY SCHOOL MIRGUND,01,JAMMU & KASHMIR,0102,BARAMULLA,010217,SINGHPORA PATTAN,MIRGUND,GMS CR KHAN,Pr. with Up.Pr. Sec. and H.Sec.,Department of Education,3-Co-educational,Rural,Operational,193121,34.1283,74.6625,2026-09-02T17:02:56,1004614,0,Operational,,,2,50,0,0,50,0,1,12,3,1,Department of Education,Department of Education,1,1,3,3-Co-educational,1,MIRGUND SINGHPORA PATTAN 193121,hssmirgund786[at]gmail[dot]com,010217020,1008047,0102170001,1001010,1,30,Singhpora,288821,2363,Mirgund,Mirgund B,,,,,2026-27,13,2026-01-25 20:13:50.81,,101,1002,10180,kys_by_year,2026-09-04T23:15:25+00:00
01020401102,BOYS PRIMARY SCHOOL ABASSI MOHALLA NILOOSA,01,JAMMU & KASHMIR,0102,BARAMULLA,010204,CHANDANWARI,NILOOSA,GMS BIJHAMA,Primary,Department of Education,3-Co-educational,Rural,Operational,193122,34.1557,74.1027,2026-09-02T17:02:56,1003282,0,Operational,,,2,50,0,0,50,0,1,5,1,1,Department of Education,Department of Education,1,1,3,3-Co-educational,1,Niloosa Tehsil Boniyar,refutrefut[at]gmail[dot]com,010204011,1008691,0102040004,1001057,1,7006,Bijhama,241791,2578,Niloosa,Niloosa,,,,,2026-27,13,2026-01-28 13:11:33.203,,101,1002,10170,kys_by_year,2026-09-04T23:15:25+00:00
01020201701,BOYS PRIMARY SCHOOL ARKHURWARI,01,JAMMU & KASHMIR,0102,BARAMULLA,010202,BARAMULLA,ARKHURWARI,VOHULITRA,Primary,Department of Education,3-Co-educational,Rural,Operational,193301,34.2601,74.2842,2026-09-02T17:02:56,1003045,0,Operational,,,2,50,0,0,50,0,1,5,1,1,Department of Education,Department of Education,1,1,3,3-Co-educational,1,Arkharwari Vohlutra Rafiabad,gbpsarkhurwari[at]gmail[dot]com,010202017,1008605,0102020003,1001111,1,29,Rohama,241197,2408,Shutloo,Shutloo,,,,,2026-27,13,2026-01-24 12:41:16.184,,101,1002,10168,kys_by_year,2026-09-04T23:15:25+00:00
01020303301,BOYS PRIMARY SCHOOL BACHIE (A),01,JAMMU & KASHMIR,0102,BARAMULLA,010203,BONIYAR,BACHIE,(C2) BANALI,Primary,Department of Education,3-Co-educational,Rural,Operational,193122,34.1029,74.1909,2026-09-02T17:02:56,1003233,0,Operational,,,2,50,0,0,50,0,1,5,1,1,Department of Education,Department of Education,1,1,3,3-Co-educational,1,Bachi Trikanjan Boniyar,psbacchia[at]gmail[dot]com,010203033,1008579,0102030002,1001133,1,23,Boniyar,241808,2592,Bacchi,Lari,,,,,2026-27,13,2026-01-27 20:14:24.97,,101,1002,10169,kys_by_year,2026-09-04T23:15:26+00:00
01020301802,BOYS PRIMARY SCHOOL BADIHAR,01,JAMMU & KASHMIR,0102,BARAMULLA,010203,BONIYAR,IJARA,(C6) PAHLIPORA,Primary,Department of Education,3-Co-educational,Rural,Operational,193122,34.1631,74.2286,2026-09-02T17:02:56,1003199,0,Operational,,,2,50,0,0,50,0,1,5,1,1,Department of Education,Department of Education,1,1,3,3-Co-educational,1,Badihar Ijara Boniyar,psbadihar[at]gmail[dot]com,010203018,1008565,0102030006,1001137,1,7014,Noorkah,241796,2563,Ijara,Ijara,,,,,2026-27,13,2026-01-27 19:50:57.602,,101,1002,10169,kys_by_year,2026-09-04T23:15:26+00:00
01020301201,BOYS PRIMARY SCHOOL BAILA,01,JAMMU & KASHMIR,0102,BARAMULLA,010203,BONIYAR,BAILA SALAMBAD,(C3) BERNATE,Primary,Department of Education,3-Co-educational,Rural,Operational,193122,34.1223,74.1851,2026-09-02T17:02:56,1003176,0,Operational,,,2,50,0,0,50,0,1,5,1,1,Department of Education,Department of Education,1,1,3,3-Co-educational,1,Baila Boniyar Baramulla,baila123[at]gmail[dot]com,010203012,1008543,0102030003,1001134,1,23,Boniyar,241805,2590,Bela Slamabad,Bela Salamabad,,,,,2026-27,13,2026-01-27 19:37:56.303,,101,1002,10169,kys_by_year,2026-09-04T23:15:26+00:00
01021700402,BOYS PRIMARY SCHOOL BALIHEARN,01,JAMMU & KASHMIR,0102,BARAMULLA,010217,SINGHPORA PATTAN,BALIHARAN,MS CHAINA BAL,Primary,Department of Education,3-Co-educational,Rural,Operational,193121,34.14259,74.635585,2026-09-02T17:02:56,1004570,0,Operational,,,2,50,0,0,50,0,1,5,1,1,Department of Education,Department of Education,1,1,3,3-Co-educational,1,BALIHARAN SINGHPORA PATTAN 193121,BPSBALIHAREN786[at]GMAIL[dot]COM,010217004,1007206,0102170002,1001011,1,30,Singhpora,288814,2361,Bali Haran,Chanbal B,,,,,2026-27,13,2026-01-25 20:03:39.135,,101,1002,10180,kys_by_year,2026-09-04T23:15:27+00:00
01020402103,BOYS PRIMARY SCHOOL BANDI DARA DARAGUTTLIAN,01,JAMMU & KASHMIR,0102,BARAMULLA,010204,CHANDANWARI,DARA GUTLIAN,PS SHUKERLARI,Primary,Department of Education,3-Co-educational,Rural,Operational,193122,34.211,74.34,2026-09-02T17:02:56,1003330,0,Operational,,,2,50,0,0,50,0,1,5,1,1,Department of Education,Department of Education,1,1,3,3-Co-educational,1,Daraguttlian Tehsil Uri,rustamkhan19355[at]gmail[dot]com,010204021,1008700,0102040007,1001060,1,7015,Paranpeela,242010,2504,Daragutliyan,Daragutlian,,,,,2026-27,13,2026-01-28 14:03:27.231,,101,1002,10170,kys_by_year,2026-09-04T23:15:27+00:00
01020702701,BOYS PRIMARY SCHOOL BANGDAJI,01,JAMMU & KASHMIR,0102,BARAMULLA,010207,FATEHGRAH,Malpora,BMS MALPORA,Primary,Department of Education,3-Co-educational,Rural,Operational,193101,34.1472,74.3463,2026-09-02T17:02:56,1003745,0,Operational,,,2,50,0,0,50,0,1,5,1,1,Department of Education,Department of Education,1,1,3,3-Co-educational,1,Bangdaji Malpora Baramulla,,010207027,1004535,0102070005,1001086,1,7013,Narwah,241199,2442,Malpora,Malpora,,,,,2026-27,13,2026-01-31 11:11:00.31,,101,1002,10173,kys_by_year,2026-09-04T23:15:27+00:00
01020400508,BOYS PRIMARY SCHOOL BARAPATHI BAGNA NOORKHAH,01,JAMMU & KASHMIR,0102,BARAMULLA,010204,CHANDANWARI,BAGNA,GPS SALAM ABAD,Primary,Department of Education,3-Co-educational,Rural,Operational,193122,34.1705,74.1172,2026-09-02T17:02:56,1003267,0,Operational,,,2,50,0,0,50,0,1,5,1,1,Department of Education,Department of Education,1,1,3,3-Co-educational,1,Bagna tehsil Bonyar uri,shayistaiqbal777[at]gmail[dot]com,010204005,1008687,0102040009,1001062,1,7006,Bijhama,241790,2558,Bagna Noorkhah,Bagna,,,,,2026-27,13,2026-01-28 13:06:14.685,,101,1002,10170,kys_by_year,2026-09-04T23:15:28+00:00
01020603005,BOYS PRIMARY SCHOOL BATAPORA,01,JAMMU & KASHMIR,0102,BARAMULLA,010206,DANGIWACHA,BAKHIPORA,BAKHIPORA,Primary,Department of Education,3-Co-educational,Rural,Operational,193303,34.3027,74.3117,2026-09-02T17:02:56,1003655,0,Operational,,,2,50,0,0,50,0,1,5,1,1,Department of Education,Department of Education,1,1,3,3-Co-educational,1,BAKHIPORA RAFIABAD JAMMU AN KASHMIR,bataporabps[at]gmail[dot]com,010206030,1008364,0102060010,1001081,1,28,Rafiabad,0,0,,,,,,,2026-27,13,2026-02-07 11:33:19.614,,101,1002,10172,kys_by_year,2026-09-04T23:15:28+00:00
01020606201,BOYS PRIMARY SCHOOL BATASUMA,01,JAMMU & KASHMIR,0102,BARAMULLA,010206,DANGIWACHA,BATSUMA,RAWOOCHA C5,Primary,Department of Education,3-Co-educational,Rural,Operational,193303,34.3125,74.3385,2026-09-02T17:02:56,1003692,0,Operational,,,2,50,0,0,50,0,1,5,1,1,Department of Education,Department of Education,1,1,3,3-Co-educational,1,Rawoocha batsuma Rafiabad,Bpsbatsuma[at]gmail[dot]com,010206062,1008390,0102060005,1001076,1,28,Rafiabad,242417,2257,Rawoocha,Rawoocha,,,,,2026-27,13,2026-02-01 22:52:23.745,,101,1002,10172,kys_by_year,2026-09-04T23:15:28+00:00
01020402602,BOYS PRIMARY SCHOOL BIB MOHALLA KANCHAN,01,JAMMU & KASHMIR,0102,BARAMULLA,010204,CHANDANWARI,KANCHAN,BMS NOORKHAH,Primary,Department of Education,3-Co-educational,Rural,Operational,193122,34.1529,74.1331,2026-09-02T17:02:56,1003351,0,Operational,,,2,50,0,0,50,0,1,5,1,1,Department of Education,Department of Education,1,1,3,3-Co-educational,1,Village Kanchin Boniyar,bpsbibmohallak[at]gmail[dot]com,010204026,1008112,0102040003,1001056,1,7006,Bijhama,241789,2577,Kanchan,Salamabad Dachina B,,,,,2026-27,13,2026-01-28 14:12:33.527,,101,1002,10170,kys_by_year,2026-09-04T23:15:29+00:00
01020400506,BOYS PRIMARY SCHOOL BIJUMBER BAGNA,01,JAMMU & KASHMIR,0102,BARAMULLA,010204,CHANDANWARI,BAGNA,GPS SALAM ABAD,Primary,Department of Education,3-Co-educational,Rural,Operational,193122,34.1572,74.1218,2026-09-02T17:02:56,1003266,0,Operational,,,2,50,0,0,50,0,1,5,1,1,Department of Education,Department of Education,1,1,3,3-Co-educational,1,Bagna noorkhah boniyar,bpsbijumber01020400506[at]gmail[dot]com,010204005,1008687,0102040009,1001062,1,7006,Bijhama,241790,2558,Bagna Noorkhah,Bagna,,,,,2026-27,13,2026-01-28 13:08:03.033,,101,1002,10170,kys_by_year,2026-09-04T23:15:29+00:00
01020302102,BOYS PRIMARY SCHOOL CHACK,01,JAMMU & KASHMIR,0102,BARAMULLA,010203,BONIYAR,ZEHAMPORA,(C7) ZEHAMPORA,Primary,Department of Education,3-Co-educational,Rural,Operational,193122,34.1116,74.1886,2026-09-02T17:02:56,1003207,0,Operational,,,2,50,0,0,50,0,1,5,1,1,Department of Education,Department of Education,1,1,3,3-Co-educational,1,Chak Khachadaro Zehampora,bpschak113[at]gmail[dot]com,010203021,1008567,0102030007,1001138,1,7014,Noorkah,241799,2567,Zehem Pora,Zehanpora,,,,,2026-27,13,2026-01-27 19:59:40.453,,101,1002,10169,kys_by_year,2026-09-04T23:15:29+00:00
01020401705,BOYS PRIMARY SCHOOL CHAKIPORA LACHIPORA,01,JAMMU & KASHMIR,0102,BARAMULLA,010204,CHANDANWARI,LACHIPORA,MS GAWAS,Primary,Department of Education,3-Co-educational,Rural,Operational,193122,34.1777,74.0877,2026-09-02T17:02:56,1003313,0,Operational,,,2,50,0,0,50,0,1,5,1,1,Department of Education,Department of Education,1,1,3,3-Co-educational,1,chakipora lachipora V,amjidzuhair666[at]gmail[dot]com,010204017,1008697,0102040005,1001058,1,7006,Bijhama,241785,2557,Sheer Wanipora,Lachipora B,,,,,2026-27,13,2026-01-28 13:42:54.127,,101,1002,10170,kys_by_year,2026-09-04T23:15:30+00:00
01020401706,BOYS PRIMARY SCHOOL CHALLADORI,01,JAMMU & KASHMIR,0102,BARAMULLA,010204,CHANDANWARI,LACHIPORA,MS GAWAS,Primary,Department of Education,3-Co-educational,Rural,Operational,193122,34.1842,74.0884,2026-09-02T17:02:56,1003314,0,Operational,,,2,50,0,0,50,0,1,5,1,1,Department of Education,Department of Education,1,1,3,3-Co-educational,1,lachipora challadori,ahmanzoorggg[at]mail[dot]com,010204017,1008697,0102040005,1001058,1,7006,Bijhama,241785,2557,Sheer Wanipora,Lachipora B,,,,,2026-27,13,2026-01-28 13:42:33.941,,101,1002,10170,kys_by_year,2026-09-04T23:15:30+00:00
01021301418,BOYS PRIMARY SCHOOL CHECKI PALHALLAN,01,JAMMU & KASHMIR,0102,BARAMULLA,010213,PATTAN,PALHALLAN,GMS PALHALLAN,Primary,Department of Education,3-Co-educational,Rural,Operational,193121,34.1539,74.5688,2026-09-02T17:02:56,1004234,0,Operational,,,2,50,0,0,50,0,1,5,1,1,Department of Education,Department of Education,1,1,3,3-Co-educational,1,BOYS PRIMARY SCHOOL CHECK PALHALLAN,bpscheckipalhallan[at]gmail[dot]com,010213014,1008784,0102130005,1000957,1,27,Pattan,288808,2329,Palhallan,Palhallan H,,,,,2026-27,13,2026-01-25 12:56:45.79,,101,1002,10177,kys_by_year,2026-09-04T23:15:30+00:00
01020402401,BOYS PRIMARY SCHOOL CHEERIHAN ZAMBOORPATTAN,01,JAMMU & KASHMIR,0102,BARAMULLA,010204,CHANDANWARI,ZAMBOOR PATTAN,PS SHUKERLARI,Primary,Department of Education,3-Co-educational,Rural,Operational,193122,34.2068,74.3438,2026-09-02T17:02:56,1003340,0,Operational,,,2,50,0,0,50,0,1,5,1,1,Department of Education,Department of Education,1,1,3,3-Co-educational,1,Zamboor Pattan Tehsil Uri,,010204024,1008702,0102040007,1001060,1,7015,Paranpeela,241999,2506,Zamboor Pattan,Zamboor Pattan,,,,,2026-27,13,2026-01-28 14:07:47.155,,101,1002,10170,kys_by_year,2026-09-04T23:15:31+00:00
01020403201,BOYS PRIMARY SCHOOL CHINARPORA NILOOSA,01,JAMMU & KASHMIR,0102,BARAMULLA,010204,CHANDANWARI,NILOOSA,GMS BIJHAMA,Primary,Department of Education,3-Co-educational,Rural,Operational,193122,34.1476,74.1089,2026-09-02T17:02:56,1003355,0,Operational,,,2,50,0,0,50,0,1,5,1,1,Department of Education,Department of Education,1,1,3,3-Co-educational,1,Village Nilosa boniyar,,010204032,1008709,0102040004,1001057,1,7006,Bijhama,241791,2578,Niloosa,Niloosa,,,,,2026-27,13,2026-01-28 14:11:14.787,,101,1002,10170,kys_by_year,2026-09-04T23:15:31+00:00
01020401704,BOYS PRIMARY SCHOOL DACHWAR LACHIPORA,01,JAMMU & KASHMIR,0102,BARAMULLA,010204,CHANDANWARI,LACHIPORA,MS GAWAS,Primary,Department of Education,3-Co-educational,Rural,Operational,193122,34.1905,74.0742,2026-09-02T17:02:56,1003312,0,Operational,,,2,50,0,0,50,0,1,5,1,1,Department of Education,Department of Education,1,1,3,3-Co-educational,1,Dachwar lachipora Boniyar,bpsdachwar123[at]gmail[dot]com,010204017,1008697,0102040005,1001058,1,7006,Bijhama,241784,2557,Sheer Wanipora,Lachipora A,,,,,2026-27,13,2026-01-28 13:43:12.568,,101,1002,10170,kys_by_year,2026-09-04T23:15:31+00:00
01020300802,BOYS PRIMARY SCHOOL DARAKUJAN,01,JAMMU & KASHMIR,0102,BARAMULLA,010203,BONIYAR,DARAKUJAN,(C2) BANALI,Primary,Department of Education,3-Co-educational,Rural,Operational,193122,34.0782,74.2048,2026-09-02T17:02:56,1003160,0,Operational,,,2,50,0,0,50,0,1,5,1,1,Department of Education,Department of Education,1,1,3,3-Co-educational,1,Darakujan Trikanjan Boniyar,bpsdarakujan113[at]gmail[dot]com,010203008,1008539,0102030002,1001133,1,23,Boniyar,241811,2595,Dara Kujan,Baidan,,,,,2026-27,13,2026-01-27 19:30:54.316,,101,1002,10169,kys_by_year,2026-09-04T23:15:32+00:00
01020402308,BOYS PRIMARY SCHOOL DAYARAN CHOOLEN KALSAN,01,JAMMU & KASHMIR,0102,BARAMULLA,010204,CHANDANWARI,CHOOLAN KALSAN,PS SHUKERLARI,Primary,Department of Education,3-Co-educational,Rural,Operational,193122,34.1373,74.0599,2026-09-02T17:02:56,1003336,0,Operational,,,2,50,0,0,50,0,1,5,1,1,Department of Education,Department of Education,1,1,3,3-Co-educational,1,Choolen Kalsan Tehsil Uri,bpsdayaran[at]gmail[dot]com,010204023,1008701,0102040007,1001060,1,7015,Paranpeela,241998,2507,Choolan Kalsan,Choolan,,,,,2026-27,13,2026-01-28 14:00:35.405,,101,1002,10170,kys_by_year,2026-09-04T23:15:32+00:00
01020401708,BOYS PRIMARY SCHOOL DAZNA LACHIPORA,01,JAMMU & KASHMIR,0102,BARAMULLA,010204,CHANDANWARI,LACHIPORA,MS GAWAS,Primary,Department of Education,3-Co-educational,Rural,Operational,193122,34.1904,74.0873,2026-09-02T17:02:56,1003316,0,Operational,,,2,50,0,0,50,0,1,5,1,1,Department of Education,Department of Education,1,1,3,3-Co-educational,1,Dazna Lachipora Boniyar,bpsdaznalachiporab[at]gmail[dot]com,010204017,1008697,0102040005,1001058,1,7006,Bijhama,241785,2557,Sheer Wanipora,Lachipora B,,,,,2026-27,13,2026-01-28 13:59:40.067,,101,1002,10170,kys_by_year,2026-09-04T23:15:32+00:00
01021601106,BOYS PRIMARY SCHOOL DELINA GHAT,01,JAMMU & KASHMIR,0102,BARAMULLA,010216,SINGHPORA (KALAN),DELINA,MS DELINA (A),Primary,Department of Education,3-Co-educational,Rural,Operational,193103,34.2464,74.4112,2026-09-02T17:02:56,1004501,0,Operational,,,2,50,0,0,50,0,1,5,1,1,Department of Education,Department of Education,1,1,3,3-Co-educational,1,DELINA GHAT SINGHPORA KALAN BARAMULLA,bpsdelinaghat12[at]gmail[dot]com,010216011,1008147,0102160006,1001001,1,22,Baramulla,241215,2417,Delina,Delina C,,,,,2026-27,13,2026-01-27 19:49:16.142,,101,1002,10179,kys_by_year,2026-09-04T23:15:33+00:00
01020204514,BOYS PRIMARY SCHOOL DEWANBAGH,01,JAMMU & KASHMIR,0102,BARAMULLA,010202,BARAMULLA,Ushkura WARD NO 17,MS USHKURA,Primary,Department of Education,3-Co-educational,Urban,Operational,193101,34.2041,74.3495,2026-09-02T17:02:56,1003117,0,Operational,,,2,50,0,0,50,0,1,5,1,1,Department of Education,Department of Education,1,1,3,3-Co-educational,2,Dewanbagh Ushkura Ghat Baramulla,bpsdewanbaghbaramulla[at]gmail[dot]com,010202045,1008633,0102020009,1001117,1,0,,,,,,248151,Municipal Council Baramulla-Notified Area Council,67978,Fateh Pora (OG) - Ward No.16,2026-27,13,2026-01-24 12:48:29.581,,101,1002,10168,kys_by_year,2026-09-04T23:15:33+00:00
01020201801,BOYS PRIMARY SCHOOL DONAWARI,01,JAMMU & KASHMIR,0102,BARAMULLA,010202,BARAMULLA,DONAWARI,VOHULITRA,Primary,Department of Education,3-Co-educational,Rural,Operational,193301,34.2056,74.343,2026-09-02T17:02:56,1003046,0,Operational,,,2,50,0,0,50,0,1,5,1,1,Department of Education,Department of Education,1,1,3,3-Co-educational,1,Donawari Shutloo Rafiabad,bpsdonawari7[at]gmail[dot]com,010202018,1008606,0102020003,1001111,1,29,Rohama,241197,2408,Shutloo,Shutloo,,,,,2026-27,13,2026-01-24 12:41:31.318,,101,1002,10168,kys_by_year,2026-09-04T23:15:33+00:00
01020402307,BOYS PRIMARY SCHOOL GHATI CHOOLEN KALSAN,01,JAMMU & KASHMIR,0102,BARAMULLA,010204,CHANDANWARI,CHOOLAN KALSAN,PS SHUKERLARI,Primary,Department of Education,3-Co-educational,Rural,Operational,193122,34.1429,74.1182,2026-09-02T17:02:56,1003335,0,Operational,,,2,50,0,0,50,0,1,5,1,1,Department of Education,Department of Education,1,1,3,3-Co-educational,1,Choolen Kalsan Tehsil Uri,,010204023,1008701,0102040007,1001060,1,7015,Paranpeela,241998,2507,Choolan Kalsan,Choolan,,,,,2026-27,13,2026-01-28 14:00:59.874,,101,1002,10170,kys_by_year,2026-09-04T23:15:34+00:00
01020401504,BOYS PRIMARY SCHOOL GOJERPATHI MAYAN,01,JAMMU & KASHMIR,0102,BARAMULLA,010204,CHANDANWARI,MAYAN,MS MUQAM PEERAN,Primary,Department of Education,3-Co-educational,Rural,Operational,193122,34.1801,74.0509,2026-09-02T17:02:56,1003301,0,Operational,,,2,50,0,0,50,0,1,5,1,1,Department of Education,Department of Education,1,1,3,3-Co-educational,1,Gujarpathi Mayan Bonoyar,,010204015,1008695,0102040006,1001059,1,7006,Bijhama,241786,2552,Mayan,Muqamprina,,,,,2026-27,13,2026-01-28 13:10:01.012,,101,1002,10170,kys_by_year,2026-09-04T23:15:34+00:00
01020200601,BOYS PRIMARY SCHOOL GUJJERPATI BINNER,01,JAMMU & KASHMIR,0102,BARAMULLA,010202,BARAMULLA,BINNER,CHAKLOO BLA,Primary,Department of Education,3-Co-educational,Rural,Operational,193301,34.2356,74.3402,2026-09-02T17:02:56,1003014,0,Operational,,,2,50,0,0,50,0,1,5,1,1,Department of Education,Department of Education,1,1,3,3-Co-educational,1,Sherwaniabad Binner Khadoora,bpsgujarpati1971[at]gmail[dot]com,010202006,1008594,0102020001,1001109,1,7012,Nadihal,241203,936667,Sheerwaniabad,Binner B,,,,,2026-27,13,2025-03-03 13:14:46.753,,101,1002,10168,kys_by_year,2026-09-04T23:15:34+00:00
01020402101,BOYS PRIMARY SCHOOL GUTLIAN DARAGUTTLAIN,01,JAMMU & KASHMIR,0102,BARAMULLA,010204,CHANDANWARI,DARA GUTLIAN,PS SHUKERLARI,Primary,Department of Education,3-Co-educational,Rural,Operational,193122,34.1357,74.0763,2026-09-02T17:02:56,1003328,0,Operational,,,2,50,0,0,50,0,1,5,1,1,Department of Education,Department of Education,1,1,3,3-Co-educational,1,Daraguttlian Tehsil Uri,Bpsgutlian[at]gmail[dot]com,010204021,1008700,0102040007,1001060,1,7015,Paranpeela,242010,2504,Daragutliyan,Daragutlian,,,,,2026-27,13,2026-01-28 14:04:11.689,,101,1002,10170,kys_by_year,2026-09-04T23:15:35+00:00
01020401602,BOYS PRIMARY SCHOOL HILLPATHRI MIR MOHALLA KATHAL,01,JAMMU & KASHMIR,0102,BARAMULLA,010204,CHANDANWARI,KAHTHAL,MS MUQAM PEERAN,Primary,Department of Education,3-Co-educational,Rural,Operational,193122,34.1759,74.0593,2026-09-02T17:02:56,1003304,0,Operational,,,2,50,0,0,50,0,1,5,1,1,Department of Education,Department of Education,1,1,3,3-Co-educational,1,Kathalhillpathribal Tehsil Boniyar,,010204016,1008696,0102040006,1001059,1,7006,Bijhama,241786,2553,Kathal Hil Pathri,Muqamprina,,,,,2026-27,13,2026-01-28 13:45:12.706,,101,1002,10170,kys_by_year,2026-09-04T23:15:35+00:00
01020303502,BOYS PRIMARY SCHOOL JABDI,01,JAMMU & KASHMIR,0102,BARAMULLA,010203,BONIYAR,GAGERHILL,(C1) MADANAN,Primary,Department of Education,3-Co-educational,Rural,Operational,193122,34.0527,74.187,2026-09-02T17:02:56,1003237,0,Operational,,,2,50,0,0,50,0,1,5,1,1,Department of Education,Department of Education,1,1,3,3-Co-educational,1,BPS JABDI MADINAN BONIYAR,gellaldin56[at]gmail[dot]com,010203035,1008581,0102030001,1001132,1,23,Boniyar,241810,2601,Gager Hill,Madianan,,,,,2026-27,13,2026-01-27 20:12:21.021,,101,1002,10169,kys_by_year,2026-09-04T23:15:35+00:00
01020200901,BOYS PRIMARY SCHOOL JALSHEERI,01,JAMMU & KASHMIR,0102,BARAMULLA,010202,BARAMULLA,JALSHEERI,RAJGHAT,Primary,Department of Education,3-Co-educational,Rural,Operational,193101,34.2035,74.3054,2026-09-02T17:02:56,1003027,0,Operational,,,2,50,0,0,50,0,1,5,1,1,Department of Education,Department of Education,1,1,3,3-Co-educational,1,JALSHEERI BARAMULLA KASHMIR,jalsheeribps[at]gmail[dot]com,010202009,1008597,0102020006,1001114,1,22,Baramulla,241189,2426,Jalsheri,Jalsheeri,,,,,2026-27,13,2026-01-24 12:37:37.955,,101,1002,10168,kys_by_year,2026-09-04T23:15:36+00:00
01021105901,BOYS PRIMARY SCHOOL KACH MATI PORA,01,JAMMU & KASHMIR,0102,BARAMULLA,010211,KUNZAR,KACH MATI PORA,MS OGMUNA,Primary,Department of Education,3-Co-educational,Rural,Operational,193404,34.0778,74.4835,2026-09-02T17:02:56,1004006,0,Operational,,,2,50,0,0,50,0,1,5,1,1,Department of Education,Department of Education,1,1,3,3-Co-educational,1,Ketchmatipora zone kunzer,nazirwani927[at]gmail[dot]com,010211059,1008480,0102110006,1001128,1,26,Kunzer,241839,2653,Kashmatipora,Gonipora,,,,,2026-27,13,2026-01-25 22:10:47.03,,101,1002,10175,kys_by_year,2026-09-04T23:15:36+00:00
01020401202,BOYS PRIMARY SCHOOL KALIMITTY BIJHAMA,01,JAMMU & KASHMIR,0102,BARAMULLA,010204,CHANDANWARI,BIJHAMA,GMS BIJHAMA,Primary,Department of Education,3-Co-educational,Rural,Operational,193122,34.211,74.34,2026-09-02T17:02:56,1003286,0,Operational,,,2,50,0,0,50,0,1,5,1,1,Department of Education,Department of Education,1,1,3,3-Co-educational,1,Bijhma Kalimitty Boniyar,sajadahmadmir3006[at]gmail[dot]com,010204012,1008692,0102040004,1001057,1,7006,Bijhama,288827,2556,Bijhama,Bijhama B,,,,,2026-27,13,2026-01-28 13:10:45.993,,101,1002,10170,kys_by_year,2026-09-04T23:15:36+00:00
01020402601,BOYS PRIMARY SCHOOL KANCHAN,01,JAMMU & KASHMIR,0102,BARAMULLA,010204,CHANDANWARI,KANCHAN,BMS NOORKHAH,Primary,Department of Education,3-Co-educational,Rural,Operational,193122,34.153,74.1301,2026-09-02T17:02:56,1003350,0,Operational,,,2,50,0,0,50,0,1,5,1,1,Department of Education,Department of Education,1,1,3,3-Co-educational,1,Village Kanchan noorkhah,shamshadakhtet[at]gmail[dot]com,010204026,1008112,0102040003,1001056,1,7006,Bijhama,241789,2577,Kanchan,Salamabad Dachina B,,,,,2026-27,13,2026-01-28 14:13:10.323,,101,1002,10170,kys_by_year,2026-09-04T23:15:37+00:00
01020303402,BOYS PRIMARY SCHOOL KASSI,01,JAMMU & KASHMIR,0102,BARAMULLA,010203,BONIYAR,KASSI,(C4) BONIYAR,Primary,Department of Education,3-Co-educational,Rural,Operational,193122,34.1135,74.1878,2026-09-02T17:02:56,1003235,0,Operational,,,2,50,0,0,50,0,1,5,1,1,Department of Education,Department of Education,1,1,3,3-Co-educational,1,BPS Kassi Village Lari,,010203034,1008580,0102030004,1001135,1,23,Boniyar,241808,2589,Lari,Lari,,,,,2026-27,13,2026-01-27 20:13:18.528,,101,1002,10169,kys_by_year,2026-09-04T23:15:37+00:00
01020300903,BOYS PRIMARY SCHOOL KHAIPORA,01,JAMMU & KASHMIR,0102,BARAMULLA,010203,BONIYAR,BERNATE,(C3) BERNATE,Primary,Department of Education,3-Co-educational,Rural,Operational,193122,34.1236,74.2143,2026-09-02T17:02:56,1003164,0,Operational,,,2,50,0,0,50,0,1,5,1,1,Department of Education,Department of Education,1,1,3,3-Co-educational,1,Khaipora Bernate Boniyar,Khaipora903[at]gmail[dot]com,010203009,1008540,0102030003,1001134,1,23,Boniyar,241806,2586,Bernate,Barnate,,,,,2026-27,13,2026-01-27 19:32:37.552,,101,1002,10169,kys_by_year,2026-09-04T23:15:37+00:00
01020300508,BOYS PRIMARY SCHOOL KHARDOBA,01,JAMMU & KASHMIR,0102,BARAMULLA,010203,BONIYAR,TRIKANJAN,(C2) BANALI,Primary,Department of Education,3-Co-educational,Rural,Operational,193122,34.11559,74.195353,2026-09-02T17:02:56,1003150,0,Operational,,,2,50,0,0,50,0,1,5,1,1,Department of Education,Department of Education,1,1,3,3-Co-educational,1,Khardoba Trikanjan Boniyar,khardoba121[at]gmail[dot]com,010203005,1008007,0102030002,1001133,1,23,Boniyar,241807,2594,Trikanjan,Trinakajan,,,,,2026-27,13,2026-01-27 19:26:22.171,,101,1002,10169,kys_by_year,2026-09-04T23:15:38+00:00
01021703302,BOYS PRIMARY SCHOOL KHARGUND,01,JAMMU & KASHMIR,0102,BARAMULLA,010217,SINGHPORA PATTAN,DUSLIPORA,GMS KHANPETH,Primary,Department of Education,3-Co-educational,Rural,Operational,193121,34.169475,74.612026,2026-09-02T17:02:56,1004648,0,Operational,,,2,50,0,0,50,0,1,5,1,1,Department of Education,Department of Education,1,1,3,3-Co-educational,1,khargund duslipora singhpora pattan 193121,bpskhargund[at]gmail[dot]com,010217033,1008190,0102170004,1001013,1,30,Singhpora,241922,2355,Duslipora,Duslipora,,,,,2026-27,13,2026-01-25 20:26:13.593,,101,1002,10180,kys_by_year,2026-09-04T23:15:38+00:00
01020400308,BOYS PRIMARY SCHOOL KHARHAR LIMBER,01,JAMMU & KASHMIR,0102,BARAMULLA,010204,CHANDANWARI,LIMBER,BPS KHARHAR,Primary,Department of Education,3-Co-educational,Rural,Operational,193122,34.1696,74.1686,2026-09-02T17:02:56,1003248,0,Operational,,,2,50,0,0,50,0,1,5,1,1,Department of Education,Department of Education,1,1,3,3-Co-educational,1,LIMBER B TEHSIL BONIYAR,pskharhar308[at]gmail[dot]com,010204003,1008685,0102040010,1001063,1,7014,Noorkah,241794,2560,Limber,Limber B,,,,,2026-27,13,2026-01-28 12:46:16.123,,101,1002,10170,kys_by_year,2026-09-04T23:15:38+00:00
01020300107,BOYS PRIMARY SCHOOL LAJDI,01,JAMMU & KASHMIR,0102,BARAMULLA,010203,BONIYAR,MADANAN,(C1) MADANAN,Primary,Department of Education,3-Co-educational,Rural,Operational,193122,34.0702,74.1914,2026-09-02T17:02:56,1003136,0,Operational,,,2,50,0,0,50,0,1,5,1,1,Department of Education,Department of Education,1,1,3,3-Co-educational,1,primary school lajdi Maidanan,bpslajdi2018[at]gmail[dot]com,010203001,1008534,0102030001,1001132,1,23,Boniyar,241810,2597,Maidanan,Madianan,,,,,2026-27,13,2026-01-27 19:11:36.057,,101,1002,10169,kys_by_year,2026-09-04T23:15:39+00:00
01021105509,BOYS PRIMARY SCHOOL LALPORA,01,JAMMU & KASHMIR,0102,BARAMULLA,010211,KUNZAR,LALPORA,MS Mongloora,Primary,Department of Education,3-Co-educational,Rural,Operational,193404,34.0791,74.4917,2026-09-02T17:02:56,1003994,0,Operational,,,2,50,0,0,50,0,1,5,1,1,Department of Education,Department of Education,1,1,3,3-Co-educational,1,BOYS PRIMERY SCHOOL LALPORA,bpslalpora2[at]gmail[dot]com,010211055,1008476,0102110008,1001130,1,7011,Lalpora,241844,2697,Lalpora,Lalpora B,,,,,2026-27,13,2026-01-25 22:06:19.98,,101,1002,10175,kys_by_year,2026-09-04T23:15:39+00:00
01020301401,BOYS PRIMARY SCHOOL LARIE,01,JAMMU & KASHMIR,0102,BARAMULLA,010203,BONIYAR,LARIE,(C4) BONIYAR,Primary,Department of Education,3-Co-educational,Rural,Operational,193122,34.1005,74.1936,2026-09-02T17:02:56,1003178,0,Operational,,,2,50,0,0,50,0,1,5,1,1,Department of Education,Department of Education,1,1,3,3-Co-educational,1,Boys Primary School Larie,,010203014,1008950,0102030004,1001135,1,23,Boniyar,241808,2589,Lari,Lari,,,,,2026-27,13,2026-01-27 19:38:56.943,,101,1002,10169,kys_by_year,2026-09-04T23:15:39+00:00
01020402503,BOYS PRIMARY SCHOOL LOWER DHANI DHANISYDAIN,01,JAMMU & KASHMIR,0102,BARAMULLA,010204,CHANDANWARI,DHANI SAYEDIAN,PS SHUKERLARI,Primary,Department of Education,3-Co-educational,Rural,Operational,193122,34.2057,74.3483,2026-09-02T17:02:56,1003346,0,Operational,,,2,50,0,0,50,0,1,5,1,1,Department of Education,Department of Education,1,1,3,3-Co-educational,1,Dhanisydain Tehsil Uri,,010204025,1008703,0102040007,1001060,1,7015,Paranpeela,242009,2505,Deni Syeedan,Dhanisydan,,,,,2026-27,13,2026-01-28 14:05:01.209,,101,1002,10170,kys_by_year,2026-09-04T23:15:40+00:00
01020604601,BOYS PRIMARY SCHOOL MARKOOT,01,JAMMU & KASHMIR,0102,BARAMULLA,010206,DANGIWACHA,MARKOOT,KANGROOSA,Primary,Department of Education,3-Co-educational,Rural,Operational,193303,34.2789,74.1957,2026-09-02T17:02:56,1003669,0,Operational,,,2,50,0,0,50,0,1,5,1,1,Department of Education,Department of Education,1,1,3,3-Co-educational,1,R/o chatoosa rafiabad,zeodangiwacha[at]gmail[dot]com,010206046,1008375,0102060008,1001079,1,7009,Kandi Rafiabad,288830,2270,Markote,Pazalpora B,,,,,2026-27,13,2026-02-01 22:43:49.961,,101,1002,10172,kys_by_year,2026-09-04T23:15:40+00:00
01020401711,BOYS PRIMARY SCHOOL MEKHLOOR LACHIPORA,01,JAMMU & KASHMIR,0102,BARAMULLA,010204,CHANDANWARI,LACHIPORA,MS GAWAS,Primary,Department of Education,3-Co-educational,Rural,Operational,193122,34.1722,74.0874,2026-09-02T17:02:56,1003319,0,Operational,,,2,50,0,0,50,0,1,5,1,1,Department of Education,Department of Education,1,1,3,3-Co-educational,1,Mekhloor lachipora B . Zone chandanwari Tehsil Boniyar,abduljabarmir866[at]gmail[dot]com,010204017,1008697,0102040005,1001058,1,7006,Bijhama,241785,2557,Sheer Wanipora,Lachipora B,,,,,2026-27,13,2026-01-28 13:58:34.263,,101,1002,10170,kys_by_year,2026-09-04T23:15:40+00:00
01020301603,BOYS PRIMARY SCHOOL MORIAN,01,JAMMU & KASHMIR,0102,BARAMULLA,010203,BONIYAR,BIMYAR,(C5) BIMYAR,Primary,Department of Education,3-Co-educational,Rural,Operational,193122,34.1553,74.2002,2026-09-02T17:02:56,1003186,0,Operational,,,2,50,0,0,50,0,1,5,1,1,Department of Education,Department of Education,1,1,3,3-Co-educational,1,Morian Bimyar Boniyar,psmoriyan2025[at]gmail[dot]com,010203016,1008564,0102030005,1001136,1,7014,Noorkah,288805,2562,Bimyar,Bimyar A,,,,,2026-27,13,2026-01-27 19:42:38.193,,101,1002,10169,kys_by_year,2026-09-04T23:15:41+00:00
01020302205,BOYS PRIMARY SCHOOL MUQAM,01,JAMMU & KASHMIR,0102,BARAMULLA,010203,BONIYAR,MANJGRAN,(C7) ZEHAMPORA,Primary,Department of Education,3-Co-educational,Rural,Operational,193122,34.1116,74.1886,2026-09-02T17:02:56,1003214,0,Operational,,,2,50,0,0,50,0,1,5,1,1,Department of Education,Department of Education,1,1,3,3-Co-educational,1,Muqam Manjgran Boniyar,bpsmuqam11[at]gmail[dot]com,010203022,1008568,0102030007,1001138,1,7014,Noorkah,241800,2565,Manzgam,Naganari,,,,,2026-27,13,2026-01-27 20:10:28.186,,101,1002,10169,kys_by_year,2026-09-04T23:15:41+00:00
01020400503,BOYS PRIMARY SCHOOL NAGAPATHRI BAGNA NOORKHAH,01,JAMMU & KASHMIR,0102,BARAMULLA,010204,CHANDANWARI,BAGNA,GPS SALAM ABAD,Primary,Department of Education,3-Co-educational,Rural,Operational,193122,34.1746,74.1143,2026-09-02T17:02:56,1003264,0,Operational,,,2,50,0,0,50,0,1,5,1,1,Department of Education,Department of Education,1,1,3,3-Co-educational,1,Bgna noorkhah boniyar,m87519122[at]gmail[dot]com,010204005,1008687,0102040009,1001062,1,7006,Bijhama,241790,2558,Bagna Noorkhah,Bagna,,,,,2026-27,13,2026-01-28 13:08:35.669,,101,1002,10170,kys_by_year,2026-09-04T23:15:41+00:00
01020400406,BOYS PRIMARY SCHOOL NAIK MOHALLA SALAMABADA DACHANA,01,JAMMU & KASHMIR,0102,BARAMULLA,010204,CHANDANWARI,SALAMABAD DACHINA,GPS SALAM ABAD,Primary,Department of Education,3-Co-educational,Rural,Operational,193122,34.1689,74.1319,2026-09-02T17:02:56,1003257,0,Operational,,,2,50,0,0,50,0,1,5,1,1,Department of Education,Department of Education,1,1,3,3-Co-educational,1,salamabad dechina boniyar.,bpsnaikmohalla[at]gmail[dot]com,010204004,1008686,0102040009,1001062,1,7006,Bijhama,241788,2559,Salamabad Dachhna,Salamabad Dachina A,,,,,2026-27,13,2026-01-28 12:51:24.189,,101,1002,10170,kys_by_year,2026-09-04T23:15:42+00:00
01020401206,BOYS PRIMARY SCHOOL NAKHAWARA BIJHAMA,01,JAMMU & KASHMIR,0102,BARAMULLA,010204,CHANDANWARI,BIJHAMA,GMS BIJHAMA,Primary,Department of Education,3-Co-educational,Rural,Operational,193122,34.2052,74.3424,2026-09-02T17:02:56,1003290,0,Operational,,,2,50,0,0,50,0,1,5,1,1,Department of Education,Department of Education,1,1,3,3-Co-educational,1,Bijhama Tehsil Boniyar,afifarehan840[at]gmail[dot]com,010204012,1008692,0102040004,1001057,1,7006,Bijhama,288827,2556,Bijhama,Bijhama B,,,,,2026-27,13,2026-01-28 13:40:21.796,,101,1002,10170,kys_by_year,2026-09-04T23:15:42+00:00
01021800306,BOYS PRIMARY SCHOOL PANZIPORA,01,JAMMU & KASHMIR,0102,BARAMULLA,010218,SOPORE,TARZOO,MS TARZOO,Primary,Department of Education,3-Co-educational,Rural,Operational,193201,34.2573,74.4826,2026-09-02T17:02:56,1004720,0,Operational,,,2,50,0,0,50,0,1,5,1,1,Department of Education,Department of Education,1,1,3,3-Co-educational,1,PANZIPORA KHOIE BARAMULLA,govtbpspanjipora111[at]gmail[dot]com,010218003,1008220,0102180006,1001105,1,7016,Sangrama,288836,2220,Panzipora,Panzipora,,,,,2026-27,13,2026-01-29 12:35:48.899,,101,1002,10181,kys_by_year,2026-09-04T23:15:42+00:00
01021603901,BOYS PRIMARY SCHOOL PATHLA,01,JAMMU & KASHMIR,0102,BARAMULLA,010216,SINGHPORA (KALAN),PATHLA,KANISPORA (A),Primary,Department of Education,3-Co-educational,Rural,Operational,193103,34.2187,74.4078,2026-09-02T17:02:56,1004549,0,Operational,,,2,50,0,0,50,0,1,5,1,1,Department of Education,Department of Education,1,1,3,3-Co-educational,1,PATHLA KANISPORA BARAMULLA,Govtboysprimaryschool5[at]gmail[dot]com,010216039,1008515,0102160002,1000997,1,22,Baramulla,288802,2450,Kanispora,Kanispora B,,,,,2026-27,13,2026-01-27 19:53:41.746,,101,1002,10179,kys_by_year,2026-09-04T23:15:43+00:00
01020402303,BOYS PRIMARY SCHOOL QAZINALLY CHOOLAN KALSAN,01,JAMMU & KASHMIR,0102,BARAMULLA,010204,CHANDANWARI,CHOOLAN KALSAN,PS SHUKERLARI,Primary,Department of Education,3-Co-educational,Rural,Operational,193122,34.2066,74.3388,2026-09-02T17:02:56,1003333,0,Operational,,,2,50,0,0,50,0,1,5,1,1,Department of Education,Department of Education,1,1,3,3-Co-educational,1,qazinally choolen kalsan uri,bpsqazinalli[at]gmail[dot]com,010204023,1008701,0102040007,1001060,1,7015,Paranpeela,241998,2507,Choolan Kalsan,Choolan,,,,,2026-27,13,2026-01-28 14:02:28.475,,101,1002,10170,kys_by_year,2026-09-04T23:15:43+00:00
01020204521,BOYS PRIMARY SCHOOL RANGWAR,01,JAMMU & KASHMIR,0102,BARAMULLA,010202,BARAMULLA,Ushkura WARD NO 17,MS USHKURA,Primary,Department of Education,3-Co-educational,Urban,Operational,193101,34.1988,74.3553,2026-09-02T17:02:56,1003122,0,Operational,,,2,50,0,0,50,0,1,5,1,1,Department of Education,Department of Education,1,1,3,3-Co-educational,2,Rangwar Main Baramulla,bpsrangwar[at]gmail[dot]com,010202045,1008633,0102020009,1001117,1,0,,,,,,248151,Municipal Council Baramulla-Notified Area Council,67979,Kanis Pora (OG) - Ward No.17,2026-27,13,2026-01-24 12:53:47.102,,101,1002,10168,kys_by_year,2026-09-04T23:15:43+00:00
01021601103,BOYS PRIMARY SCHOOL RAWATPORA,01,JAMMU & KASHMIR,0102,BARAMULLA,010216,SINGHPORA (KALAN),DELINA,Delina-B,Primary,Department of Education,3-Co-educational,Rural,Operational,193103,34.2385,74.4202,2026-09-02T17:02:56,1004499,0,Operational,,,2,50,0,0,50,0,1,5,1,1,Department of Education,Department of Education,1,1,3,3-Co-educational,1,RAWATHPORA DELINA SINGHPORA KALAN BARAMULLA,gpsrawthporadelina[at]gmail[dot]com,010216011,1008147,0102160012,1001007,1,22,Baramulla,241214,2417,Delina,Delina B,,,,,2026-27,13,2026-01-27 19:49:09.687,,101,1002,10179,kys_by_year,2026-09-04T23:15:44+00:00
01021001701,BOYS PRIMARY SCHOOL SALAMABAD,01,JAMMU & KASHMIR,0102,BARAMULLA,010210,JHULLA,SALAMABAD,C6 PS SALAMABAD,Primary,Department of Education,3-Co-educational,Rural,Operational,193123,34.089548,74.027038,2026-09-02T17:02:56,1003850,0,Operational,,,2,50,0,0,50,0,1,5,1,1,Department of Education,Department of Education,1,1,3,3-Co-educational,1,"SALAMABAD, URI, BARAMULLA",bpssalamabad[at]gmail[dot]com,010210017,1007793,0102100006,1001096,1,7015,Paranpeela,241992,2532,Salamabad,Salambad,,,,,2026-27,13,2026-08-01 13:15:27.597,,101,1002,10174,kys_by_year,2026-09-04T23:15:44+00:00
01020602502,BOYS PRIMARY SCHOOL SANGRAMPORA,01,JAMMU & KASHMIR,0102,BARAMULLA,010206,DANGIWACHA,SANGRAMPORA,RAWOOCHA C5,Primary,Department of Education,3-Co-educational,Rural,Operational,193303,34.3077,74.3078,2026-09-02T17:02:56,1003641,0,Operational,,,2,50,0,0,50,0,1,5,1,1,Department of Education,Department of Education,1,1,3,3-Co-educational,1,SANGRAMPORA RAFIABAD,bpssangrampora789[at]gmail[dot]com,010206025,1008359,0102060005,1001076,1,28,Rafiabad,242413,2258,Sangram Pora,Chanum,,,,,2026-27,13,2026-02-01 22:28:56.313,,101,1002,10172,kys_by_year,2026-09-04T23:15:44+00:00
01020700602,BOYS PRIMARY SCHOOL SHALTENG,01,JAMMU & KASHMIR,0102,BARAMULLA,010207,FATEHGRAH,ZOOGIYAR,BMS SHEERI,Primary,Department of Education,3-Co-educational,Rural,Operational,193101,34.1784,74.308,2026-09-02T17:02:56,1003714,0,Operational,,,2,50,0,0,50,0,1,5,1,1,Department of Education,Department of Education,1,1,3,3-Co-educational,1,SHALTANG ZOGIYAR ZONE FATEHGARH,,010207006,1008648,0102070002,1001083,1,7013,Narwah,241219,2429,Jogiyar,Zogiyar,,,,,2026-27,13,2026-01-31 11:07:45.757,,101,1002,10173,kys_by_year,2026-09-04T23:15:45+00:00
01020700406,BOYS PRIMARY SCHOOL SHEERI BALA,01,JAMMU & KASHMIR,0102,BARAMULLA,010207,FATEHGRAH,SHEERI,BMS SHEERI,Primary,Department of Education,3-Co-educational,Rural,Operational,193101,34.1872,74.3227,2026-09-02T17:02:56,1003711,0,Operational,,,2,50,0,0,50,0,1,5,1,1,Department of Education,Department of Education,1,1,3,3-Co-educational,1,SHEERI BALA BARAMULLA KASHMIR,rafiamajeed88[at]gmail[dot]com,010207004,1004534,0102070002,1001083,1,7013,Narwah,241185,2425,Shreenabad,Sheeri,,,,,2026-27,13,2026-01-31 11:07:24.477,,101,1002,10173,kys_by_year,2026-09-04T23:15:45+00:00
01020402403,BOYS PRIMARY SCHOOL SHUKERLARI CHOOLAN KALSAN,01,JAMMU & KASHMIR,0102,BARAMULLA,010204,CHANDANWARI,ZAMBOOR PATTAN,PS SHUKERLARI,Primary,Department of Education,3-Co-educational,Rural,Operational,193122,34.2068,74.3437,2026-09-02T17:02:56,1003342,0,Operational,,,2,50,0,0,50,0,1,5,1,1,Department of Education,Department of Education,1,1,3,3-Co-educational,1,Choolen Kalsan Tehsil Uri,,010204024,1008702,0102040007,1001060,1,7015,Paranpeela,241998,2507,Choolan Kalsan,Choolan,,,,,2026-27,13,2026-01-28 14:06:50.095,,101,1002,10170,kys_by_year,2026-09-04T23:15:45+00:00
01021700807,BOYS PRIMARY SCHOOL SINGHPORA,01,JAMMU & KASHMIR,0102,BARAMULLA,010217,SINGHPORA PATTAN,SINGHPORA,GMS HANJIWERA,Primary,Department of Education,3-Co-educational,Rural,Operational,193121,34.1595,74.3587,2026-09-02T17:02:56,1004581,0,Operational,,,2,50,0,0,50,0,1,5,1,1,Department of Education,Department of Education,1,1,3,3-Co-educational,1,SINGHPORA PATTAN 193121,bpssinghpora[at]gmail[dot]com,010217008,1007210,0102170008,1001017,1,30,Singhpora,241919,2357,Singh Pora,Singhpora,,,,,2026-27,13,2026-01-25 20:06:38.416,,101,1002,10180,kys_by_year,2026-09-04T23:15:46+00:00
01021803201,BOYS PRIMARY SCHOOL TULIBAL,01,JAMMU & KASHMIR,0102,BARAMULLA,010218,SOPORE,TULBAL,CHANKHAN,Primary,Department of Education,3-Co-educational,Rural,Operational,193201,34.2745,74.4508,2026-09-02T17:02:56,1004853,0,Operational,,,2,50,0,0,50,0,1,5,1,1,Department of Education,Department of Education,1,1,3,3-Co-educational,1,TULIBAL SOPORE BARAMULLA,bhatjaboo[at]gmail[dot]com,010218032,1002509,0102180009,1001108,1,7016,Sangrama,241954,2214,Seer Jagir,Manzseer,,,,,2026-27,13,2025-03-03 00:15:06.678,,101,1002,10181,kys_by_year,2026-09-04T23:15:46+00:00
01020401805,BOYS PRIMARY SCHOOL UPPER CHANDANWARI URANBOHA,01,JAMMU & KASHMIR,0102,BARAMULLA,010204,CHANDANWARI,URAN BOHA,BMS URANBOHA,Primary,Department of Education,3-Co-educational,Rural,Operational,193122,34.1353,74.1249,2026-09-02T17:02:56,1003323,0,Operational,,,2,50,0,0,50,0,1,5,1,1,Department of Education,Department of Education,1,1,3,3-Co-educational,1,Upper Chandanwari Boniyar,bpsupperchandanwari[at]gmail[dot]com,010204018,1008698,0102040008,1001061,1,23,Boniyar,241804,2582,Uranbowa,Uranbowa,,,,,2026-27,13,2026-01-28 13:57:34.287,,101,1002,10170,kys_by_year,2026-09-04T23:15:46+00:00
01020401709,BOYS PRIMARY SCHOOL WATHADI LACHIPORA,01,JAMMU & KASHMIR,0102,BARAMULLA,010204,CHANDANWARI,LACHIPORA,MS GAWAS,Primary,Department of Education,3-Co-educational,Rural,Operational,193122,34.1841,74.0784,2026-09-02T17:02:56,1003317,0,Operational,,,2,50,0,0,50,0,1,5,1,1,Department of Education,Department of Education,1,1,3,3-Co-educational,1,Lachipora bonioyar uri,Bpswathad123[at]gmail[dot]com,010204017,1008697,0102040005,1001058,1,7006,Bijhama,241784,2557,Sheer Wanipora,Lachipora A,,,,,2026-27,13,2026-01-28 13:59:18.983,,101,1002,10170,kys_by_year,2026-09-04T23:15:47+00:00
01021301432,BOYS PRIMARY SCHOOL YADIPORA,01,JAMMU & KASHMIR,0102,BARAMULLA,010213,PATTAN,PALHALLAN,USSAN KHOIE,Primary,Department of Education,1-Boys,Rural,Operational,193121,34.1983,74.5468,2026-09-02T17:02:56,1004245,0,Operational,,,2,50,0,0,50,0,1,5,1,1,Department of Education,Department of Education,1,1,1,1-Boys,1,Primary School Yadipora,bpsyadipora[at]gmail[dot]com,010213014,1008784,0102130013,1000977,1,27,Pattan,241879,2329,Palhallan,Palhalan-D,,,,,2026-27,13,2026-01-25 12:57:43.673,,101,1002,10177,kys_by_year,2026-09-04T23:15:47+00:00
01020301705,BOYS PRIMARY SCHOOL YARWAN,01,JAMMU & KASHMIR,0102,BARAMULLA,010203,BONIYAR,PAHLIPORA,(C6) PAHLIPORA,Primary,Department of Education,3-Co-educational,Rural,Operational,193122,34.1806,74.2219,2026-09-02T17:02:56,1003192,0,Operational,,,2,50,0,0,50,0,1,5,1,1,Department of Education,Department of Education,1,1,3,3-Co-educational,1,YARWAN PAHLIPORA bONIYAR,,010203017,1008151,0102030006,1001137,1,7014,Noorkah,241798,2561,Pehlipora,Pahlipora B,,,,,2026-27,13,2026-01-27 19:45:35.666,,101,1002,10169,kys_by_year,2026-09-04T23:15:47+00:00
01020401807,BOYS PRIMAY SCHOOL BAILA CHANDANWARI URANBOHA,01,JAMMU & KASHMIR,0102,BARAMULLA,010204,CHANDANWARI,URAN BOHA,BMS URANBOHA,Primary,Department of Education,3-Co-educational,Rural,Operational,193122,34.1379,74.1183,2026-09-02T17:02:56,1003325,0,Operational,,,2,50,0,0,50,0,1,5,1,1,Department of Education,Department of Education,1,1,3,3-Co-educational,1,Chandanwari Uranboha Boniyar,,010204018,1008698,0102040008,1001061,1,23,Boniyar,241804,2582,Uranbowa,Uranbowa,,,,,2026-27,13,2026-01-28 13:56:31.788,,101,1002,10170,kys_by_year,2026-09-04T23:15:48+00:00
01021107303,BRIGHT FUTHER PUBLIC SCHOOL Pinjoora,01,JAMMU & KASHMIR,0102,BARAMULLA,010211,KUNZAR,PINJOORA,MS CHICHILORA,Primary with Upper Primary,Private Unaided (Recognized) ,3-Co-educational,Rural,Operational,193404,34.1557,74.5203,2026-09-02T17:02:56,1004032,0,Operational,,,2,50,0,0,50,0,1,8,2,5,Private Unaided (Recognized) ,Private Unaided (Recognized),3,5,3,3-Co-educational,1,pinjoora kwarhama baramulla,khanfaazil06[at]gmail[dot]com,010211073,1008492,0102110009,1001131,1,7008,Hardaboora,241814,2404,Roshanabad (Pinjora),Pinjoora,,,,,2026-27,13,2026-01-25 22:19:30.681,,101,1002,10175,kys_by_year,2026-09-04T23:15:48+00:00
01020204313,BRIGHT FUTURE PUBLIC SCHOOL,01,JAMMU & KASHMIR,0102,BARAMULLA,010202,BARAMULLA,Banglowbagh WARD NO 09,BMS BANGLOWBAGH,Primary with Upper Primary,Private Unaided (Recognized) ,3-Co-educational,Urban,Operational,193101,34.2071,74.3473,2026-09-02T17:02:56,1003110,0,Operational,,,2,50,0,0,50,0,1,8,2,5,Private Unaided (Recognized) ,Private Unaided (Recognized),3,5,3,3-Co-educational,2,Azad Gung Baramulla Kashmir,bfpsbla[at]gmail[dot]com,010202043,1008631,0102020010,1001118,1,0,,,,,,248151,Municipal Council Baramulla-Notified Area Council,67972,Baramula (TC) - Ward No.10,2026-27,13,2026-01-24 12:50:04.488,,101,1002,10168,kys_by_year,2026-09-04T23:15:48+00:00
01020600111,BRIGHT FUTURE PUBLIC SCHOOL BEHRAMPORA,01,JAMMU & KASHMIR,0102,BARAMULLA,010206,DANGIWACHA,BEHRAMPORA,BEHRAMPORA C1,Primary,Private Unaided (Recognized) ,3-Co-educational,Rural,Operational,193303,34.33244,74.40016,2026-09-02T17:02:56,1003576,0,Operational,,,2,50,0,0,50,0,1,5,1,5,Private Unaided (Recognized) ,Private Unaided (Recognized),3,5,3,3-Co-educational,1,Behrampora rafiabad baramulla,bfpsbehrampora011[at]gmail[dot]com,010206001,1008337,0102060001,1001072,1,28,Rafiabad,242426,2237,Behrampora,Behrampora-A,,,,,2026-27,13,2026-02-01 22:04:13.621,,101,1002,10172,kys_by_year,2026-09-04T23:15:49+00:00
01020503702,BRILLIANCE HALL PUBLIC SCHOOL DARAPORA BOMAI,01,JAMMU & KASHMIR,0102,BARAMULLA,010205,DANGERPORA,DARPORA,C6 BOMAI,Primary,Private Unaided (Recognized) ,3-Co-educational,Rural,Operational,193201,34.3558,74.43024,2026-09-02T17:02:56,1030790,0,Operational,,,2,50,50,50,50,50,1,5,1,5,Private Unaided (Recognized) ,Private Unaided (Recognized),3,5,3,3-Co-educational,1,Darapora Bomia Dangerpora ,Brilliancehall2023[at]gmail[dot]com,010205037,1008316,0102050006,1001069,1,7018,Tujjar Sharief,242044,2197,,,,,,,2026-27,13,2026-01-25 18:34:01.195,,101,1002,10171,kys_by_year,2026-09-04T23:15:49+00:00
01021105510,BRILLLIANT PUBLIC SCHOOL LALPORA,01,JAMMU & KASHMIR,0102,BARAMULLA,010211,KUNZAR,LALPORA,MS Mongloora,Primary with Upper Primary,Private Unaided (Recognized) ,3-Co-educational,Rural,Operational,193403,34.0791,74.4917,2026-09-02T17:02:56,1003995,0,Operational,,,2,50,0,0,50,0,1,8,2,5,Private Unaided (Recognized) ,Private Unaided (Recognized),3,5,3,3-Co-educational,1,LALPORA KUNZER BARAMULLA ,brilliantlalpora[at]gmail[dot]com,010211055,1008476,0102110008,1001130,1,7011,Lalpora,241844,2697,Lalpora,Lalpora B,,,,,2026-27,13,2026-01-25 22:05:59.27,,101,1002,10175,kys_by_year,2026-09-04T23:15:49+00:00
01021601905,B.S.F SCHOOL,01,JAMMU & KASHMIR,0102,BARAMULLA,010216,SINGHPORA (KALAN),SINGHPORA KALAN,GHSS SINGHPORA,Primary,Private Unaided (Recognized) ,3-Co-educational,Rural,Operational,193103,34.2151,74.4242,2026-09-02T17:02:56,1004524,0,Operational,,,2,50,0,0,50,0,1,5,1,5,Private Unaided (Recognized) ,Private Unaided (Recognized),3,5,3,3-Co-educational,1,KALAMPORA SINGHPORA KALAN BARAMULLA,bsfschool[at]gmail[dot]com,010216019,1007195,0102160008,1001003,1,22,Baramulla,241221,2420,Singh Pora Kalan,Singhpora,,,,,2026-27,13,2026-01-27 19:51:08.41,,101,1002,10179,kys_by_year,2026-09-04T23:15:50+00:00
01020203301,BUDDING BLOOM EXPERIMENTAL SCHOOL,01,JAMMU & KASHMIR,0102,BARAMULLA,010202,BARAMULLA,Khawajabagh WARD NO 21,GMS K-BAGH,Pr. Up Pr. and Secondary Only,Private Unaided (Recognized) ,3-Co-educational,Urban,Operational,193103,34.2069,74.3469,2026-09-02T17:02:56,1003073,0,Operational,,,2,50,0,0,50,0,1,10,6,5,Private Unaided (Recognized) ,Private Unaided (Recognized),3,5,3,3-Co-educational,2,Khawajabagh near Boys Degree College Baramulla,buddingbloombaramulla[at]gmail[dot]com,010202033,1008621,0102020008,1001116,1,0,,,,,,248151,Municipal Council Baramulla-Notified Area Council,2241451,Baramulla (MC) - Ward No.21,2026-27,13,2026-07-07 13:15:01.179,,101,1002,10168,kys_by_year,2026-09-04T23:15:50+00:00
01022000804,CARE INST OF EDU,01,JAMMU & KASHMIR,0102,BARAMULLA,010220,TANGMARG,TRERAN,M/S SHRAIE,Primary,Private Unaided (Recognized) ,3-Co-educational,Rural,Operational,193402,34.066943,74.447845,2026-09-02T17:02:56,1004900,0,Operational,,,2,50,0,0,50,0,1,5,1,5,Private Unaided (Recognized) ,Private Unaided (Recognized),3,5,3,3-Co-educational,1,TRERAN TANGMARG BARAMULLA,CAREINSTITUTE804[at]GMAIL[dot]COM,010220008,1007252,0102200003,1001020,1,33,Tangmarag,241963,2680,Treran,Trairan,,,,,2026-27,13,2026-01-30 21:01:41.552,,101,1002,10182,kys_by_year,2026-09-04T23:15:50+00:00
01020204007,CENTRAL HIGH SCHOOL BARAMULLA,01,JAMMU & KASHMIR,0102,BARAMULLA,010202,BARAMULLA,Mir Shahib WARD NO 06,GMS RAMGHAT,Pr. Up Pr. and Secondary Only,Department of Education,3-Co-educational,Urban,Operational,193101,34.2086,74.3433,2026-09-02T17:02:56,1003095,0,Operational,,,2,50,0,0,50,0,1,10,6,1,Department of Education,Department of Education,1,1,3,3-Co-educational,2,Banglowbagh Baramulla,chsbla11[at]gmail[dot]com,010202040,1008628,0102020011,1001119,1,0,,,,,,248151,Municipal Council Baramulla-Notified Area Council,67968,Baramula (TC) - Ward No.6,2026-27,13,2026-01-24 12:46:14.044,,101,1002,10168,kys_by_year,2026-09-04T23:15:51+00:00
01021801502,CHINAR EDUCATION INSTITUTE RANGI,01,JAMMU & KASHMIR,0102,BARAMULLA,010218,SOPORE,RANGI,MS MUQAM,Primary with Upper Primary,Private Unaided (Recognized) ,3-Co-educational,Rural,Operational,193201,34.2462,74.5065,2026-09-02T17:02:56,1004767,0,Operational,,,2,50,0,0,50,0,1,8,2,5,Private Unaided (Recognized) ,Private Unaided (Recognized),3,5,3,3-Co-educational,1,RENJI SOPORE BARAMULLA,chinarrinji[at]gmail[dot]com,010218015,1007307,0102180008,1001107,1,7016,Sangrama,241949,2230,Renji,Rangi,,,,,2026-27,13,2026-01-30 16:40:59.981,,101,1002,10181,kys_by_year,2026-09-04T23:15:51+00:00
01021803702,CHINAR GIRLS HR. SEC. INSTITUTION,01,JAMMU & KASHMIR,0102,BARAMULLA,010218,SOPORE,NOOR BAGH,GMS BABAYOUSUF,Secondary with Higher Secondary,Private Unaided (Recognized) ,2-Girls,Urban,Operational,193201,34.289552,74.453671,2026-09-02T17:02:56,1030302,0,Operational,,,2,50,50,0,50,0,9,12,10,5,Private Unaided (Recognized) ,Private Unaided (Recognized),3,5,2,2-Girls,2,Noorbagh Sopore Baramulla,cghsi7890[at]gmail[dot]com,010218037,1008105,0102180002,1001101,1,0,,,,,,248149,Municipal Council Sopore-Notified Area Council,67908,Sopore (TC) - Ward No.12,2026-27,13,2025-03-03 00:17:26.619,,101,1002,10181,kys_by_year,2026-09-04T23:15:51+00:00
01021704703,CLASSIC PUBLIC SCHOOL AHMADPORA,01,JAMMU & KASHMIR,0102,BARAMULLA,010217,SINGHPORA PATTAN,AHMAD PORA,BMS KONGAM DARA,Pr. Up Pr. and Secondary Only,Private Unaided (Recognized) ,3-Co-educational,Rural,Operational,193401,34.1125,74.5805,2026-09-02T17:02:56,1004686,0,Operational,,,2,50,0,0,50,0,1,10,6,5,Private Unaided (Recognized) ,Private Unaided (Recognized),3,5,3,3-Co-educational,1,AHMADPORA SINGHPORA PATTAN,cphsahmadpora[at]gmail[dot]com,010217047,1008203,0102170003,1001012,1,7017,Sherabad Khore,241915,2397,Goom Ahmad Pora,Goom Ahmedpora,,,,,2026-27,13,2026-01-25 20:29:03.029,,101,1002,10180,kys_by_year,2026-09-04T23:15:52+00:00
01021701008,CONATUS INSTITUTE OF INTEGRATED EDUCATION,01,JAMMU & KASHMIR,0102,BARAMULLA,010217,SINGHPORA PATTAN,HANJIWARA BALA,GMS HANJIWERA,Primary with Upper Primary,Private Unaided (Recognized) ,3-Co-educational,Rural,Operational,193121,34.138571,74.58279,2026-09-02T17:02:56,1030455,0,Operational,,,2,50,50,50,50,0,1,8,2,5,Private Unaided (Recognized) ,Private Unaided (Recognized),3,5,3,3-Co-educational,1,HANJIWARA MAGAM ROAD 193121,principal[at]ciie[dot]in,010217010,1007212,0102170008,1001017,1,30,Singhpora,241930,2374,Hanjiwara,Hanjiwara Bala,,,,,2026-27,13,2026-01-25 20:10:39.79,,101,1002,10180,kys_by_year,2026-09-04T23:15:52+00:00
01021503304,CRESCENT INTERNATIONAL SCHOOL,01,JAMMU & KASHMIR,0102,BARAMULLA,010215,ROHAMA,ALSAFA COLONY,ACHABAL,Primary with Upper Primary,Private Unaided (Recognized) ,3-Co-educational,Rural,Operational,193201,34.2764,74.4174,2026-09-02T17:02:56,1000233,0,Operational,,,2,50,0,0,50,0,1,8,2,5,Private Unaided (Recognized) ,Private Unaided (Recognized),3,5,3,3-Co-educational,1,Alsafa Colony Sopore,Crescent.interschool[at]gmail[dot]com,010215033,1007157,0102150011,1000987,1,7012,Nadihal,241905,2308,Kartar Garh,Doabgah A,,,,,2026-27,13,2026-01-22 20:15:56.923,,101,1002,10178,kys_by_year,2026-09-04T23:15:52+00:00
01022202305,CRESCENT SCHOOL,01,JAMMU & KASHMIR,0102,BARAMULLA,010222,WAGOORA,VIZER,SHRAK WARA,Primary,Private Unaided (Recognized) ,3-Co-educational,Rural,Operational,193103,34.1827,74.446,2026-09-02T17:02:56,1005182,0,Operational,,,2,50,0,0,50,0,1,5,1,5,Private Unaided (Recognized) ,Private Unaided (Recognized),3,5,3,3-Co-educational,1,Vizer Wagoora Baramulla,cresentschool123[at]gmail[dot]com,010222023,1008549,0102220010,1001044,1,35,Wagoora,242457,2465,Vizer,Vizer,,,,,2026-27,13,2025-03-03 10:50:21.1,,101,1002,10184,kys_by_year,2026-09-04T23:15:53+00:00
01021601703,CRESENT PUBLIC SCHOOL CHINAD,01,JAMMU & KASHMIR,0102,BARAMULLA,010216,SINGHPORA (KALAN),CHINNED,MS DELINA (A),Primary,Private Unaided (Recognized) ,3-Co-educational,Rural,Operational,193101,34.2375,74.4402,2026-09-02T17:02:56,1004518,0,Operational,,,2,50,0,0,50,0,1,5,1,5,Private Unaided (Recognized) ,Private Unaided (Recognized),3,5,3,3-Co-educational,1,CHINED SINGHPORA KALAN BARAMULLA,cpsc1319[at]gmail[dot]com,010216017,1007193,0102160006,1001001,1,35,Wagoora,242464,2418,Khushalpora,Nowpora-B,,,,,2026-27,13,2026-01-27 19:39:22.345,,101,1002,10179,kys_by_year,2026-09-04T23:15:53+00:00
01021001802,CTGD AYAZ AHMAD MIR GIRLS PRIMARY SCHOOL JHULLA,01,JAMMU & KASHMIR,0102,BARAMULLA,010210,JHULLA,RAMGIE,C6 PS SALAMABAD,Primary,Department of Education,3-Co-educational,Rural,Operational,193123,34.108,73.995,2026-09-02T17:02:56,1003857,0,Operational,,,2,50,0,0,50,0,1,5,1,1,Department of Education,Department of Education,1,1,3,3-Co-educational,1,"RAMGAI, URI, BARAMULLA",gpsjhulla[at]gmail[dot]com,010210018,1007995,0102100006,1001096,1,34,Uri,241991,936672,Ramgie,Ramgai,,,,,2026-27,13,2026-08-01 13:14:17.255,,101,1002,10174,kys_by_year,2026-09-04T23:15:53+00:00
01021101206,DAFFODILS OF KUDOS PUBLIC SCHOOL,01,JAMMU & KASHMIR,0102,BARAMULLA,010211,KUNZAR,MULGAM,MS MULGAM,Primary,Private Unaided (Recognized) ,3-Co-educational,Rural,Operational,193404,34.091929,74.491419,2026-09-02T17:02:56,1030066,0,Operational,,,2,50,0,0,50,0,1,5,1,5,Private Unaided (Recognized) ,Private Unaided (Recognized),3,5,3,3-Co-educational,1,MULGAM KUNZER BARAMULLA JAMMU AND KASHMIR,aumershaida999[at]gmail[dot]com,010211012,1008440,0102110002,1001124,1,26,Kunzer,241841,2645,Mulgam,Mulgam,,,,,2026-27,13,2026-01-25 21:38:46.711,,101,1002,10175,kys_by_year,2026-09-04T23:15:54+00:00
01020704002,Darul Uloom Qurashia,01,JAMMU & KASHMIR,0102,BARAMULLA,010207,FATEHGRAH,MIRHIR,BMS SHEERI,Primary with Upper Primary,Madrasa Private Unaided (Recognized) ,3-Co-educational,Rural,Operational,193101,34.187085,74.322011,2026-09-02T17:02:56,1000872,0,Operational,,,2,50,0,0,50,0,1,8,2,97,Madrasa Private Unaided (Recognized) ,Madarsa Private Unaided(Recognized),4,97,3,3-Co-educational,1,MIRHER SHEERI BALA BARAMULLA,darululoomqureshiasheeribaramu[at]gmail[dot]com,010207040,1008677,0102070002,1001083,1,7013,Narwah,241185,2436,Mirhar,Sheeri,,,,,2026-27,13,2026-01-31 11:19:18.314,,101,1002,10173,kys_by_year,2026-09-04T23:15:54+00:00
01022001405,DAZZLING MODEL SCHOOL WANIGAM,01,JAMMU & KASHMIR,0102,BARAMULLA,010220,TANGMARG,WANIGAM,MS CHANDIL,Primary with Upper Primary,Private Unaided (Recognized) ,3-Co-educational,Rural,Operational,193402,34.05189,74.486407,2026-09-02T17:02:56,1004915,0,Operational,,,2,50,0,0,50,0,1,8,2,5,Private Unaided (Recognized) ,Private Unaided (Recognized),3,5,3,3-Co-educational,1,WANIGAM TANGMARG BARAMULLA,DAZZLINGMODELSCHOOL[at]GMAIL[dot]COM,010220014,1007258,0102200004,1001021,1,7007,Chandil Wangam,241984,936685,Wanigam,Chandil Wanigam,,,,,2026-27,13,2026-01-30 21:07:06.183,,101,1002,10182,kys_by_year,2026-09-04T23:15:54+00:00
01021601120,DELHI PUBLIC SCHOOL,01,JAMMU & KASHMIR,0102,BARAMULLA,010216,SINGHPORA (KALAN),DELINA,MS DELINA (A),Pr. with Up.Pr. Sec. and H.Sec.,Private Unaided (Recognized) ,3-Co-educational,Rural,Operational,193103,34.2322,74.4321,2026-09-02T17:02:56,1004510,0,Operational,,,2,50,0,0,50,0,1,12,3,5,Private Unaided (Recognized) ,Private Unaided (Recognized),3,5,3,3-Co-educational,1,DELINA BARAMULLA KASHMIR,dpsbaramulla[at]hotmail[dot]com,010216011,1008147,0102160006,1001001,1,22,Baramulla,241216,2417,Delina,Delina D,,,,,2026-27,13,2026-01-27 19:50:07.77,,101,1002,10179,kys_by_year,2026-09-04T23:15:55+00:00
01021601121,DELINA PUBLIC SCHOOL,01,JAMMU & KASHMIR,0102,BARAMULLA,010216,SINGHPORA (KALAN),DELINA,Delina-B,Primary,Private Unaided (Recognized) ,3-Co-educational,Rural,Operational,193101,34.2388,74.4199,2026-09-02T17:02:56,1004511,0,Operational,,,2,50,0,0,50,0,1,5,1,5,Private Unaided (Recognized) ,Private Unaided (Recognized),3,5,3,3-Co-educational,1,DELINA SINGHPORA KALAN BARAMULLA,DELINAPUBLICSCHOOL1[at]GMAIL[dot]COM,010216011,1008147,0102160012,1001007,1,22,Baramulla,241216,2417,Delina,Delina D,,,,,2026-27,13,2026-01-27 19:55:32.028,,101,1002,10179,kys_by_year,2026-09-04T23:15:55+00:00
01020500701,DEOD MOUJ ENGLISH MED PUBLIC SCHOOL MUNDJI,01,JAMMU & KASHMIR,0102,BARAMULLA,010205,DANGERPORA,MUNDJI,C7 DUROO,Primary with Upper Primary,Private Unaided (Recognized) ,3-Co-educational,Rural,Operational,193201,34.368,74.516,2026-09-02T17:02:56,1003376,0,Operational,,,2,50,0,0,50,0,1,8,2,5,Private Unaided (Recognized) ,Private Unaided (Recognized),3,5,3,3-Co-educational,1,DEOD MOUJ MUNDJI DANGERPORA DUROO,,010205007,1007791,0102050007,1001070,1,36,Zaingeer,242023,2193,Mundji,Mundji,,,,,2026-27,13,2026-01-25 18:44:04.594,,101,1002,10171,kys_by_year,2026-09-04T23:15:55+00:00
01021700811,DOON INTERNATIONAL SCHOOL,01,JAMMU & KASHMIR,0102,BARAMULLA,010217,SINGHPORA PATTAN,SINGHPORA,GMS KHANPETH,Pr. Up Pr. and Secondary Only,Private Unaided (Recognized) ,3-Co-educational,Rural,Operational,193121,34.150818,74.633386,2026-09-02T17:02:56,1030539,0,Operational,,,2,50,50,50,50,0,1,10,6,5,Private Unaided (Recognized) ,Private Unaided (Recognized),3,5,3,3-Co-educational,1,BHAT COLINY SINGHPORA,info[at]doonbaramulla[dot]com,010217008,1007210,0102170004,1001013,1,30,Singhpora,241919,2357,Singh Pora,Singhpora,,,,,2026-27,13,2026-01-25 20:05:40.794,,101,1002,10180,kys_by_year,2026-09-04T23:15:56+00:00
01021304005,DYNAMIC ENGLISH MEDIUM PUBLIC HIGH SCHOOL GOSHBUGH,01,JAMMU & KASHMIR,0102,BARAMULLA,010213,PATTAN,GOSH BUGH,GOSHBUGH,Pr. Up Pr. and Secondary Only,Private Unaided (Recognized) ,3-Co-educational,Rural,Operational,193121,34.2085,74.5366,2026-09-02T17:02:56,1004319,0,Operational,,,2,50,0,0,50,0,1,10,6,5,Private Unaided (Recognized) ,Private Unaided (Recognized),3,5,3,3-Co-educational,1,dynamic high school goshbugh,dynamicschool377[at]gmail[dot]com,010213040,1006896,0102130011,1000975,1,27,Pattan,288806,2325,Goushbugh,Goshbugh B,,,,,2026-27,13,2026-01-25 13:19:39.947,,101,1002,10177,kys_by_year,2026-09-04T23:15:56+00:00
01021800318,DYNAMIC MORAL INSTITUTE OF EDUCATION TARZOO,01,JAMMU & KASHMIR,0102,BARAMULLA,010218,SOPORE,TARZOO,MS TARZOO,Primary with Upper Primary,Private Unaided (Recognized) ,3-Co-educational,Rural,Operational,193201,34.286079,74.478701,2026-09-02T17:02:56,1004726,0,Operational,,,2,50,0,0,50,0,1,8,2,5,Private Unaided (Recognized) ,Private Unaided (Recognized),3,5,3,3-Co-educational,1,TARZOO SOPORE BARAMULLA,wasimmir360[at]gmail[dot]com,010218003,1008220,0102180006,1001105,1,31,Sopore,241939,2216,Tarzoo,Tarzoo C,,,,,2026-27,13,2025-03-02 23:35:16.022,,101,1002,10181,kys_by_year,2026-09-04T23:15:56+00:00
01020502908,EAGLE ENGLISH MEDIUM PUBLIC SCHOOL BOMAI,01,JAMMU & KASHMIR,0102,BARAMULLA,010205,DANGERPORA,BOMAI,C6 BOMAI,Pr. Up Pr. and Secondary Only,Private Unaided (Recognized) ,3-Co-educational,Rural,Operational,193201,34.3681,74.5164,2026-09-02T17:02:56,1003488,0,Operational,,,2,50,0,0,50,0,1,10,6,5,Private Unaided (Recognized) ,Private Unaided (Recognized),3,5,3,3-Co-educational,1,Bomai Zaingair Sopore,eagleenglish16[at]gmail[dot]com,010205029,1008309,0102050006,1001069,1,7018,Tujjar Sharief,242040,2198,Bomai,Bomai,,,,,2026-27,13,2026-08-07 11:35:13.628,,101,1002,10171,kys_by_year,2026-09-04T23:15:57+00:00
01021000704,ELEMENTARY PART HIGH SCHOOL SULTANDHAKI,01,JAMMU & KASHMIR,0102,BARAMULLA,010210,JHULLA,SULTAN DAKIE,C3 MS BUSGRAN,Primary with Upper Primary,Department of Education,3-Co-educational,Rural,Operational,193123,34.0787,74.0538,2026-09-02T17:02:56,1003815,0,Operational,,,2,50,0,0,50,0,1,8,2,1,Department of Education,Department of Education,1,1,3,3-Co-educational,1,"SULTANDAKI, URI, BARAMULLA",mssultandaki126[at]gmail[dot]com,010210007,1008407,0102100003,1001093,1,7015,Paranpeela,242008,2511,Sultan Daki,Sultan Daki,,,,,2026-27,13,2026-08-01 13:47:20.05,,101,1002,10174,kys_by_year,2026-09-04T23:15:57+00:00
01020703504,ENGLISH MEDIUM PUBLIC SCHOOL AUDOORA,01,JAMMU & KASHMIR,0102,BARAMULLA,010207,FATEHGRAH,AUDOORA,MS  BHAT MOHALLAH AUDOORA,Primary,Private Unaided (Recognized) ,3-Co-educational,Rural,Operational,193101,34.1516,74.3204,2026-09-02T17:02:56,1003771,0,Operational,,,2,50,0,0,50,0,1,5,1,5,Private Unaided (Recognized) ,Private Unaided (Recognized),3,5,3,3-Co-educational,1,Audoora Narwah Baramulla,Audooraems[at]gmail[dot]com,010207035,1008672,0102070009,1001090,1,7013,Narwah,241200,2443,Audoora,Audoora,,,,,2026-27,13,2026-01-31 11:17:40.249,,101,1002,10173,kys_by_year,2026-09-04T23:15:57+00:00
01020503002,ENGLISH MEDIUM PUBLIC SCHOOL GORIPORA,01,JAMMU & KASHMIR,0102,BARAMULLA,010205,DANGERPORA,GORIPORA,C6 BOMAI,Primary with Upper Primary,Private Unaided (Recognized) ,3-Co-educational,Rural,Operational,193201,34.3681,74.5164,2026-09-02T17:02:56,1003493,0,Operational,,,2,50,0,0,50,0,1,8,2,5,Private Unaided (Recognized) ,Private Unaided (Recognized),3,5,3,3-Co-educational,1,Goripora darpora bomai sopore,eempsgoripora[at]gmail[dot]com,010205030,1008310,0102050006,1001069,1,7018,Tujjar Sharief,242044,2197,Goripora Darpora,Goripiora,,,,,2026-27,13,2025-03-03 11:54:16.885,,101,1002,10171,kys_by_year,2026-09-04T23:15:58+00:00
01020503102,ENGLISH MED PUBLIC SCHOOL LOGRIPORA,01,JAMMU & KASHMIR,0102,BARAMULLA,010205,DANGERPORA,LOGRIPORA,C6 BOMAI,Primary with Upper Primary,Private Unaided (Recognized) ,3-Co-educational,Rural,Operational,193201,34.3681,74.5164,2026-09-02T17:02:56,1003497,0,Operational,,,2,50,0,0,50,0,1,8,2,5,Private Unaided (Recognized) ,Private Unaided (Recognized),3,5,3,3-Co-educational,1,Logripora Bomai Sopore,eempslogripora[at]gmail[dot]com,010205031,1008311,0102050006,1001069,1,7018,Tujjar Sharief,242052,2200,Logri Pora,Logripora,,,,,2026-27,13,2025-03-03 11:59:07.377,,101,1002,10171,kys_by_year,2026-09-04T23:15:58+00:00
01020500805,ENG MED SCH MALMAPANPORA,01,JAMMU & KASHMIR,0102,BARAMULLA,010205,DANGERPORA,MAL MAPANPORA,C1 BMS WATLAB,Primary,Private Unaided (Recognized) ,3-Co-educational,Rural,Operational,193201,34.3681,74.5164,2026-09-02T17:02:56,1003384,0,Operational,,,2,50,0,0,50,0,1,5,1,5,Private Unaided (Recognized) ,Private Unaided (Recognized),3,5,3,3-Co-educational,1,MALMAPANPORA BLOCK DANGERPORA,gnmir09[at]gmail[dot]com,010205008,1008288,0102050001,1001054,1,36,Zaingeer,242026,2194,Mulmapanpora,Malmapanpora,,,,,2026-27,13,2026-01-25 18:43:51.289,,101,1002,10171,kys_by_year,2026-09-04T23:15:58+00:00
01020203511,FAIZAN PUBLIC SCHOOL KHOJABAGH,01,JAMMU & KASHMIR,0102,BARAMULLA,010202,BARAMULLA,KHAWAJA BAGH BLA,GMS K-BAGH,Pr. with Up.Pr. Sec. and H.Sec.,Private Unaided (Recognized) ,3-Co-educational,Urban,Operational,193103,34.2109,74.3753,2026-09-02T17:02:56,1003080,0,Operational,,,2,50,0,0,50,0,1,12,3,5,Private Unaided (Recognized) ,Private Unaided (Recognized),3,5,3,3-Co-educational,2,Sherwani Colony Khawajabagh,faizanpublicschool01[at]gmail[dot]com,010202035,1008623,0102020008,1001116,1,0,,,,,,248151,Municipal Council Baramulla-Notified Area Council,67981,Frastahar (OG) - Ward No.19,2026-27,13,2026-01-24 12:47:15.616,,101,1002,10168,kys_by_year,2026-09-04T23:15:59+00:00
01020502614,FALAHI DAREIN EDUCTIONAL INST TUJAR,01,JAMMU & KASHMIR,0102,BARAMULLA,010205,DANGERPORA,TUJAR,C5 GMS TUJAR,Primary,Private Unaided (Recognized) ,3-Co-educational,Rural,Operational,193201,34.3681,74.5164,2026-09-02T17:02:56,1003480,0,Operational,,,2,50,0,0,50,0,1,5,1,5,Private Unaided (Recognized) ,Private Unaided (Recognized),3,5,3,3-Co-educational,1,Tujjar Sahrief Zainagir,falahedarein555[at]gmail[dot]com,010205026,1008306,0102050005,1001068,1,7018,Tujjar Sharief,242056,2180,Tujar Pehlihar,Tujar B,,,,,2026-27,13,2025-03-03 11:50:46.41,,101,1002,10171,kys_by_year,2026-09-04T23:15:59+00:00
01022000608,FAZIL KASHMIRI MEMORIAL GOVERNMENT HIGHER SECONDARY SCHOOL CHANDILORA,01,JAMMU & KASHMIR,0102,BARAMULLA,010220,TANGMARG,CHANDILORA,M/S SHRAIE,Secondary with Higher Secondary,Department of Education,3-Co-educational,Rural,Operational,193402,34.070829,74.452236,2026-09-02T17:02:56,1004893,0,Operational,,,2,50,0,0,50,0,9,12,10,1,Department of Education,Department of Education,1,1,3,3-Co-educational,1,CHANDILORA TANGMARG BARAMULLA,hssct15[at]gmail[dot]com,010220006,1007251,0102200003,1001020,1,33,Tangmarag,241962,2676,Chandiloora,Chandiloora,,,,,2026-27,13,2026-01-30 20:05:57.69,,101,1002,10182,kys_by_year,2026-09-04T23:15:59+00:00
01021302707,FIRDOUS EDUCATIONAL INSTITUTE HAMRAY TAPER,01,JAMMU & KASHMIR,0102,BARAMULLA,010213,PATTAN,HAMRAY,HAMRAY,Primary with Upper Primary,Private Unaided (Recognized) ,3-Co-educational,Rural,Operational,193121,34.203029,74.505437,2026-09-02T17:02:56,1004282,0,Operational,,,2,50,0,0,50,0,1,8,2,5,Private Unaided (Recognized) ,Private Unaided (Recognized),3,5,3,3-Co-educational,1,HAMRAY PATTAN BARAMULLA,feipattan[at]gmail[dot]com,010213027,1008792,0102130009,1000961,1,27,Pattan,241862,2314,Tapper Waripora,Tapper Waripora,,,,,2026-27,13,2026-01-25 13:02:53.488,,101,1002,10177,kys_by_year,2026-09-04T23:16:00+00:00
01021803114,FRANKLIN INSTITUTE OF QUALITY EDUCATION GOUSIA ABAD CHINKIPORA,01,JAMMU & KASHMIR,0102,BARAMULLA,010218,SOPORE,CHINKIPORA,MS CHINKIPORA C1,Primary with Upper Primary,Private Unaided (Recognized) ,3-Co-educational,Urban,Operational,193201,34.30001,74.47001,2026-09-02T17:02:56,1004851,0,Operational,,,2,50,0,0,50,0,1,8,2,5,Private Unaided (Recognized) ,Private Unaided (Recognized),3,5,3,3-Co-educational,2,GOUS ABAD CHINKIPORA SOPORE BARAMULLA,f.c.e.sopore[at]gmail[dot]com,010218031,1008009,0102180001,1001100,1,0,,,,,,248149,Municipal Council Sopore-Notified Area Council,67915,Sopore (TC) - Ward No.19,2026-27,13,2025-09-25 16:09:05.071,,101,1002,10181,kys_by_year,2026-09-04T23:16:00+00:00
01021200803,F.S PUB.SCH.SONIM,01,JAMMU & KASHMIR,0102,BARAMULLA,010212,NEHALPORA,SONIUM,BMS Yall,Primary,Private Unaided (Recognized) ,3-Co-educational,Rural,Operational,193121,34.1237,74.5282,2026-09-02T17:02:56,1004055,0,Operational,,,2,50,0,0,50,0,1,5,1,5,Private Unaided (Recognized) ,Private Unaided (Recognized),3,5,3,3-Co-educational,1,sonium pattan baramulla,fsps786[at]gmail[dot]com,010212008,1008728,0102120010,1000970,1,7011,Lalpora,241829,2392,Sonium,Sonium,,,,,2026-27,13,2025-03-05 12:35:10.566,,101,1002,10176,kys_by_year,2026-09-04T23:16:00+00:00
01020200305,GANI MEM. PUB. SCHOOL,01,JAMMU & KASHMIR,0102,BARAMULLA,010202,BARAMULLA,NADIHAL,CHAKLOO BLA,Primary with Upper Primary,Private Unaided (Recognized) ,3-Co-educational,Rural,Operational,193301,34.2589,74.371,2026-09-02T17:02:56,1003010,0,Operational,,,2,50,0,0,50,0,1,8,2,5,Private Unaided (Recognized) ,Private Unaided (Recognized),3,5,3,3-Co-educational,1,Nadihal Rafiabad Baramulla,gmsnadihal1994[at]gmail[dot]com,010202003,1008591,0102020001,1001109,1,7012,Nadihal,288803,2413,Nadihal,Nadihal C,,,,,2026-27,13,2025-03-03 13:13:37.207,,101,1002,10168,kys_by_year,2026-09-04T23:16:01+00:00
01020200802,GARIB NAWAZ MS DRANGBAL,01,JAMMU & KASHMIR,0102,BARAMULLA,010202,BARAMULLA,DRANGABAL,RAJGHAT,Primary with Upper Primary,Private Unaided (Recognized) ,3-Co-educational,Rural,Operational,193101,34.2115,74.3189,2026-09-02T17:02:56,1003024,0,Operational,,,2,50,0,0,50,0,1,8,2,5,Private Unaided (Recognized) ,Private Unaided (Recognized),3,5,3,3-Co-educational,1,DRANGBAL BARAMULLA KASHMIR,gareebnawazhanfiamodel[at]gmail[dot]com,010202008,1008596,0102020006,1001114,1,22,Baramulla,241190,2453,Takisultan,Takyasultan / Drangabal,,,,,2026-27,13,2026-01-24 12:37:21.531,,101,1002,10168,kys_by_year,2026-09-04T23:16:01+00:00
01021803801,GAZALI PUBLIC SCHOOL ARAMPORA,01,JAMMU & KASHMIR,0102,BARAMULLA,010218,SOPORE,ARAMPORA,MS CHINKIPORA C1,Primary with Upper Primary,Private Unaided (Recognized) ,3-Co-educational,Urban,Operational,193201,34.2857,74.4639,2026-09-02T17:02:56,1004861,0,Operational,,,2,50,0,0,50,0,1,8,2,5,Private Unaided (Recognized) ,Private Unaided (Recognized),3,5,3,3-Co-educational,2,ARAMPORA SOPORE BARAMULLA,gpssopore20[at]gmail[dot]com,010218038,1008008,0102180001,1001100,1,0,,,,,,248149,Municipal Council Sopore-Notified Area Council,67917,Sopore (TC) - Ward No.21,2026-27,13,2025-03-03 00:16:27.166,,101,1002,10181,kys_by_year,2026-09-04T23:16:01+00:00
01021800809,G D GOENKA PUBLIC SCHOOL SANGRAMA ,01,JAMMU & KASHMIR,0102,BARAMULLA,010218,SOPORE,SANGRAMA,HS AMARGRAH,Pr. Up Pr. and Secondary Only,Private Unaided (Recognized) ,3-Co-educational,Rural,Operational,193201,34.24166,74.4436,2026-09-02T17:02:56,1030526,0,Operational,,,2,50,50,50,50,0,1,10,6,5,Private Unaided (Recognized) ,Private Unaided (Recognized),3,5,3,3-Co-educational,1,SANGRAMA KHUSHALPORA NEAR JAMKASH VECHILEADES CHINAD ROAD,info[at]gdgoenkabaramulla[dot]com,010218008,1007300,0102180003,1001102,1,7016,Sangrama,241936,2224,Sangrama,Sangrama,,,,,2026-27,13,2025-09-25 16:09:51.385,,101,1002,10181,kys_by_year,2026-09-04T23:16:02+00:00
01020504702,GILRS MIDDLE SCHOOL SAGIPORA,01,JAMMU & KASHMIR,0102,BARAMULLA,010205,DANGERPORA,SAGIPORA,C8 SAGIPORA,Primary with Upper Primary,Department of Education,3-Co-educational,Rural,Operational,193201,34.3681,74.5164,2026-09-02T17:02:56,1003534,0,Operational,,,2,50,0,0,50,0,1,8,2,1,Department of Education,Department of Education,1,1,3,3-Co-educational,1,UMMAR ABAD SAGIPORA ZAINAGEER,gmssagipora2015[at]gmail[dot]com,010205047,1008521,0102050008,1001071,1,7018,Tujjar Sharief,242019,2175,Sagi Pora,Sagipora,,,,,2026-27,13,2025-03-03 12:14:11.011,,101,1002,10171,kys_by_year,2026-09-04T23:16:02+00:00
01020504301,GILRS MIDDLE SCHOOL SEMPORA,01,JAMMU & KASHMIR,0102,BARAMULLA,010205,DANGERPORA,SEMPORA,C7 DUROO,Primary with Upper Primary,Department of Education,3-Co-educational,Rural,Operational,193201,34.354,74.454,2026-09-02T17:02:56,1003529,0,Operational,,,2,50,0,0,50,0,1,8,2,1,Department of Education,Department of Education,1,1,3,3-Co-educational,1,SEMPORA MACHIPORA BLOCK DANGERPORA,gmssempora[at]gmail[dot]com,010205043,1008321,0102050007,1001070,1,36,Zaingeer,242047,2196,Sempora,Rashidabad Machipora,,,,,2026-27,13,2026-01-25 18:57:24.358,,101,1002,10171,kys_by_year,2026-09-04T23:16:02+00:00
01020502602,GILRS MIDDLE SCHOOL TUJAR,01,JAMMU & KASHMIR,0102,BARAMULLA,010205,DANGERPORA,TUJAR,C5 GMS TUJAR,Primary with Upper Primary,Department of Education,3-Co-educational,Rural,Operational,193201,34.376188,74.400294,2026-09-02T17:02:56,1003471,0,Operational,,,2,50,0,0,50,0,1,8,2,1,Department of Education,Department of Education,1,1,3,3-Co-educational,1,Tujjar Sharief Zaingair,gmstujar[at]gmail[dot]com,010205026,1008306,0102050005,1001068,1,7018,Tujjar Sharief,242056,2180,Tujar Pehlihar,Tujar B,,,,,2026-27,13,2025-03-03 11:40:36.394,,101,1002,10171,kys_by_year,2026-09-04T23:16:03+00:00
01021704701,GIRLS HIGHER SECONDARY SCHOOL AHMADPORA,01,JAMMU & KASHMIR,0102,BARAMULLA,010217,SINGHPORA PATTAN,AHMAD PORA,BMS KONGAM DARA,Pr. with Up.Pr. Sec. and H.Sec.,Department of Education,3-Co-educational,Rural,Operational,193401,34.1104,74.5819,2026-09-02T17:02:56,1004684,0,Operational,,,2,50,0,0,50,0,1,12,3,1,Department of Education,Department of Education,1,1,3,3-Co-educational,1,AHMADPORA SINGHPORA PATAN,hssahmadpora[at]gmail[dot]com,010217047,1008203,0102170003,1001012,1,7017,Sherabad Khore,241915,2397,Goom Ahmad Pora,Goom Ahmedpora,,,,,2026-27,13,2026-01-25 20:28:25.674,,101,1002,10180,kys_by_year,2026-09-04T23:16:03+00:00
01020202402,GIRLS HIGHER SECONDARY SCHOOL BARAMULLA,01,JAMMU & KASHMIR,0102,BARAMULLA,010202,BARAMULLA,JADEED BLA,GMS KHANPORA,Secondary with Higher Secondary,Department of Education,2-Girls,Urban,Operational,193101,34.1981,74.3516,2026-09-02T17:02:56,1003056,0,Operational,,,2,50,0,0,50,0,9,12,10,1,Department of Education,Department of Education,1,1,2,2-Girls,2,"Tehsil Road, Opposite SBI Baramulla",ghssbla[at]gmail[dot]com,010202024,1008612,0102020007,1001115,1,0,,,,,,248151,Municipal Council Baramulla-Notified Area Council,67975,Baramula (TC) - Ward No.13,2026-27,13,2026-01-24 12:42:42.64,,101,1002,10168,kys_by_year,2026-09-04T23:16:03+00:00
01021601904,GIRLS HIGHER SECONDARY SCHOOL SINGHPORA KALAN,01,JAMMU & KASHMIR,0102,BARAMULLA,010216,SINGHPORA (KALAN),SINGHPORA KALAN,GHSS SINGHPORA,Secondary with Higher Secondary,Department of Education,3-Co-educational,Rural,Operational,193101,34.2186,74.4225,2026-09-02T17:02:56,1004523,0,Operational,,,2,50,0,0,50,0,9,12,10,1,Department of Education,Department of Education,1,1,3,3-Co-educational,1,GHSS SINGHPORA KALAN BARAMULLA,ghssinghporakalan[at]gmail[dot]com,010216019,1007195,0102160008,1001003,1,22,Baramulla,241221,2420,Singh Pora Kalan,Singhpora,,,,,2026-27,13,2026-01-27 19:51:00.596,,101,1002,10179,kys_by_year,2026-09-04T23:16:04+00:00
01021803112,GIRLS HIGHER SECONDARY SCHOOL SOPORE,01,JAMMU & KASHMIR,0102,BARAMULLA,010218,SOPORE,CHINKIPORA,GMS BABAYOUSUF,Secondary with Higher Secondary,Department of Education,2-Girls,Urban,Operational,193201,34.2857,74.4639,2026-09-02T17:02:56,1004850,0,Operational,,,2,50,0,0,50,0,9,12,10,1,Department of Education,Department of Education,1,1,2,2-Girls,2,IQBAL MARKET SOPORE BARAMULLA,govtghsssopre[at]gmail[dot]com,010218031,1008009,0102180002,1001101,1,0,,,,,,248149,Municipal Council Sopore-Notified Area Council,67910,Sopore (TC) - Ward No.14,2026-27,13,2025-03-03 00:18:47.389,,101,1002,10181,kys_by_year,2026-09-04T23:16:04+00:00
01020204304,GIRLS HIGHER SECONDARY SCHOOL TOWN BARAMULLA,01,JAMMU & KASHMIR,0102,BARAMULLA,010202,BARAMULLA,Banglowbagh WARD NO 09,BMS BANGLOWBAGH,Secondary with Higher Secondary,Department of Education,2-Girls,Urban,Operational,193101,34.2121,74.3409,2026-09-02T17:02:56,1003102,0,Operational,,,2,50,0,0,50,0,9,12,10,1,Department of Education,Department of Education,1,1,2,2-Girls,2,Mohalla Mir Sahab Baramulla,ghsstownbla[at]gmail[dot]com,010202043,1008631,0102020010,1001118,1,0,,,,,,248151,Municipal Council Baramulla-Notified Area Council,67971,Baramula (TC) - Ward No.9,2026-27,13,2026-01-24 12:50:52.053,,101,1002,10168,kys_by_year,2026-09-04T23:16:04+00:00
01022102325,GIRLS HIGHER SECONDRY URI,01,JAMMU & KASHMIR,0102,BARAMULLA,010221,URI,URI TOWN,BMS URI,Secondary with Higher Secondary,Department of Education,2-Girls,Urban,Operational,193123,34.0777,74.0555,2026-09-02T17:02:56,1005131,0,Operational,,,2,50,0,0,50,0,9,12,10,1,Department of Education,Department of Education,1,1,2,2-Girls,2,Main complex Uri near Mini sports Stadium uri,ghssuri[at]gmail[dot]com,010221023,1008233,0102210003,1001030,1,0,,,,,,248152,Municipal Committee Uri-Municipality,10040,Uri (NAC) - Ward No.3,2026-27,13,2026-01-30 12:31:54.243,,101,1002,10183,kys_by_year,2026-09-04T23:16:05+00:00
01021803046,GIRLS HIGH SCHOOL ARAMPORA,01,JAMMU & KASHMIR,0102,BARAMULLA,010218,SOPORE,SOPORE,MS CHINKIPORA C1,Upper Pr. and Secondary,Department of Education,2-Girls,Urban,Operational,193201,34.287518,74.472905,2026-09-02T17:02:56,1004802,0,Operational,,,2,50,0,0,50,0,6,10,7,1,Department of Education,Department of Education,1,1,2,2-Girls,2,ARAMPORA SOPORE BARAMULLA,ghsarampora123[at]gmail[dot]com,010218030,1002508,0102180001,1001100,1,0,,,,,,248149,Municipal Council Sopore-Notified Area Council,67917,Sopore (TC) - Ward No.21,2026-27,13,2025-03-03 00:07:03.203,,101,1002,10181,kys_by_year,2026-09-04T23:16:05+00:00
01021003101,GIRLS HIGH SCHOOL BANDI KAMALKOTE,01,JAMMU & KASHMIR,0102,BARAMULLA,010210,JHULLA,SARIE,C2 MS NADIAN,Upper Pr. and Secondary,Department of Education,3-Co-educational,Rural,Operational,193123,34.133773,73.97554,2026-09-02T17:02:56,1003891,0,Operational,,,2,50,0,0,50,0,6,10,7,1,Department of Education,Department of Education,1,1,3,3-Co-educational,1,"BANDI KAMALKOTE, URI, BARAMULLA",ghsbandikamalkote11[at]gmail[dot]com,010210031,1008427,0102100002,1001092,1,7015,Paranpeela,241997,2512,Bandi,Sarai-Bandey,,,,,2026-27,13,2026-08-01 12:41:01.257,,101,1002,10174,kys_by_year,2026-09-04T23:16:05+00:00
01020502904,GIRLS HIGH SCHOOL BOMAI,01,JAMMU & KASHMIR,0102,BARAMULLA,010205,DANGERPORA,BOMAI,C6 BOMAI,Pr. Up Pr. and Secondary Only,Department of Education,2-Girls,Rural,Operational,193201,34.362,74.415,2026-09-02T17:02:56,1003487,0,Operational,,,2,50,0,0,50,0,1,10,6,1,Department of Education,Department of Education,1,1,2,2-Girls,1,BOMAI ZAINGAIR SOPORE,ghsbomai[at]gmail[dot]com,010205029,1008309,0102050006,1001069,1,7018,Tujjar Sharief,242040,2198,Bomai,Bomai,,,,,2026-27,13,2025-03-03 11:51:52.099,,101,1002,10171,kys_by_year,2026-09-04T23:16:06+00:00
01021700101,GIRLS HIGH SCHOOL CHAINABAL,01,JAMMU & KASHMIR,0102,BARAMULLA,010217,SINGHPORA PATTAN,CHANABAL,MS CHAINA BAL,Pr. Up Pr. and Secondary Only,Department of Education,3-Co-educational,Rural,Operational,193121,34.1385,74.6447,2026-09-02T17:02:56,1004558,0,Operational,,,2,50,0,0,50,0,1,10,6,1,Department of Education,Department of Education,1,1,3,3-Co-educational,1,CHAINABAL SINGHPORA PATTAN 193121,ghschainabal1[at]gmail[dot]com,010217001,1007203,0102170002,1001011,1,30,Singhpora,241924,2371,Chanibal,Chanabal A,,,,,2026-27,13,2026-01-25 20:01:21.634,,101,1002,10180,kys_by_year,2026-09-04T23:16:06+00:00
01022000606,GIRLS HIGH SCHOOL CHANDILORA,01,JAMMU & KASHMIR,0102,BARAMULLA,010220,TANGMARG,CHANDILORA,M/S SHRAIE,Upper Pr. and Secondary,Department of Education,2-Girls,Rural,Operational,193402,34.070632,74.452359,2026-09-02T17:02:56,1004891,0,Operational,,,2,50,0,0,50,0,6,10,7,1,Department of Education,Department of Education,1,1,2,2-Girls,1,CHANDILORA TANGMARG KMR,GOVTGIRLSHIGHSCHOOLCHANDILORA1[at]GMAIL[dot]COM,010220006,1007251,0102200003,1001020,1,33,Tangmarag,241962,2676,Chandiloora,Chandiloora,,,,,2026-27,13,2026-01-30 20:54:22.734,,101,1002,10182,kys_by_year,2026-09-04T23:16:06+00:00
01020602101,GIRLS HIGH SCHOOL DANGIWACHA,01,JAMMU & KASHMIR,0102,BARAMULLA,010206,DANGIWACHA,DANGIWACHA,DANGIWACHA C4,Pr. Up Pr. and Secondary Only,Department of Education,2-Girls,Rural,Operational,193303,34.3186,74.3469,2026-09-02T17:02:56,1003623,0,Operational,,,2,50,0,0,50,0,1,10,6,1,Department of Education,Department of Education,1,1,2,2-Girls,1,Dangiwacha Rafiabad Didtrict Baramulla,ghsdangiwacha[at]gmail[dot]com,010206021,1008356,0102060004,1001075,1,28,Rafiabad,242424,2251,Danghiwacha,Dangiwacha,,,,,2026-27,13,2026-02-01 22:26:41.174,,101,1002,10172,kys_by_year,2026-09-04T23:16:07+00:00
01021601107,GIRLS HIGH SCHOOL DELINA,01,JAMMU & KASHMIR,0102,BARAMULLA,010216,SINGHPORA (KALAN),DELINA,MS DELINA (A),Upper Pr. and Secondary,Department of Education,2-Girls,Rural,Operational,193103,34.2388,74.42,2026-09-02T17:02:56,1004502,0,Operational,,,2,50,0,0,50,0,6,10,7,1,Department of Education,Department of Education,1,1,2,2-Girls,1,DELINA SINGHPORA KALAN BARAMULLA,GHSDELINA[at]GMAIL[dot]COM,010216011,1008147,0102160006,1001001,1,22,Baramulla,241216,2417,Delina,Delina D,,,,,2026-27,13,2026-01-27 19:49:28.376,,101,1002,10179,kys_by_year,2026-09-04T23:16:07+00:00
01021504102,GIRLS HIGH SCHOOL DOABGAH,01,JAMMU & KASHMIR,0102,BARAMULLA,010215,ROHAMA,DOABGAH,ACHABAL,Pr. Up Pr. and Secondary Only,Department of Education,3-Co-educational,Rural,Operational,193201,34.2676,74.4165,2026-09-02T17:02:56,1004450,0,Operational,,,2,50,0,0,50,0,1,10,6,1,Department of Education,Department of Education,1,1,3,3-Co-educational,1,Doabgah Rafiabad Baramulla,ghsdoabgah2018[at]gmail[dot]com,010215041,1007163,0102150011,1000987,1,7012,Nadihal,241905,2308,Kartar Garh,Doabgah A,,,,,2026-27,13,2026-01-22 20:19:32.705,,101,1002,10178,kys_by_year,2026-09-04T23:16:07+00:00
01020700702,GIRLS HIGH SCHOOL FATEHGARH,01,JAMMU & KASHMIR,0102,BARAMULLA,010207,FATEHGRAH,FATEHGARH,GHS FATEHGARH,Upper Pr. and Secondary,Department of Education,3-Co-educational,Rural,Operational,193101,34.1768,74.3202,2026-09-02T17:02:56,1003716,0,Operational,,,2,50,0,0,50,0,6,10,7,1,Department of Education,Department of Education,1,1,3,3-Co-educational,1,Fatehgarh Near Ziyarat Sharief Astanpora,ghsfatehgarh2015[at]gmail[dot]com,010207007,1008649,0102070003,1001084,1,7013,Narwah,241184,2435,Fetehgrah,Fategarah,,,,,2026-27,13,2026-01-31 11:08:14.57,,101,1002,10173,kys_by_year,2026-09-04T23:16:08+00:00
01022302802,GIRLS HIGH SCHOOL GOHAN,01,JAMMU & KASHMIR,0102,BARAMULLA,010223,CHANDOOSA,GOHAN,HS WALRAMAN,Pr. Up Pr. and Secondary Only,Department of Education,3-Co-educational,Rural,Operational,193101,34.153881,74.387154,2026-09-02T17:02:56,1005377,0,Operational,,,2,50,0,0,50,0,1,10,6,1,Department of Education,Department of Education,1,1,3,3-Co-educational,1,GOHAN LARI JUNGLE BARAMULLA,ghsgohan01[at]gmail[dot]com,010223028,1008280,0102230006,1001051,1,22,Baramulla,242436,2423,Gohan Lari Jungle,Chandoosa-B,,,,,2026-27,13,2026-08-24 12:07:23.825,,101,1002,10185,kys_by_year,2026-09-04T23:16:08+00:00
01021803095,GIRLS HIGH SCHOOL HATHISHAH,01,JAMMU & KASHMIR,0102,BARAMULLA,010218,SOPORE,SOPORE,CHANKHAN,Pr. Up Pr. and Secondary Only,Department of Education,3-Co-educational,Urban,Operational,193201,34.2845,74.4804,2026-09-02T17:02:56,1004837,0,Operational,,,2,50,0,0,50,0,3,10,6,1,Department of Education,Department of Education,1,1,3,3-Co-educational,2,HATHISHAH SOPORE BARAMULLA,GHSHATISHAH[at]GMAIL[dot]COM,010218030,1002508,0102180009,1001108,1,0,,,,,,248149,Municipal Council Sopore-Notified Area Council,67901,Sopore (TC) - Ward No.4,2026-27,13,2025-03-03 00:11:59.22,,101,1002,10181,kys_by_year,2026-09-04T23:16:08+00:00
01020603801,GIRLS HIGH SCHOOL KANGROOSA,01,JAMMU & KASHMIR,0102,BARAMULLA,010206,DANGIWACHA,KANGROOSA,KANGROOSA,Pr. Up Pr. and Secondary Only,Department of Education,3-Co-educational,Rural,Operational,193303,34.3008,74.2498,2026-09-02T17:02:56,1003662,0,Operational,,,2,50,0,0,50,0,1,10,6,1,Department of Education,Department of Education,1,1,3,3-Co-educational,1,Kangrroosa Rafiabad Block Kangroosa,ghskangroosa2014[at]gmail[dot]com,010206038,1008369,0102060008,1001079,1,7009,Kandi Rafiabad,242411,2266,Kungroosa,Kangroosa,,,,,2026-27,13,2026-02-01 22:34:19.895,,101,1002,10172,kys_by_year,2026-09-04T23:16:09+00:00
01020201001,GIRLS HIGH SCHOOL KHADINYAR,01,JAMMU & KASHMIR,0102,BARAMULLA,010202,BARAMULLA,KHADINYAR,RAJGHAT,Pr. Up Pr. and Secondary Only,Department of Education,3-Co-educational,Rural,Operational,193101,34.1994,74.3384,2026-09-02T17:02:56,1003030,0,Operational,,,2,50,0,0,50,0,1,10,6,1,Department of Education,Department of Education,1,1,3,3-Co-educational,1,KHADNIYAR BARAMULLA KASHMIR,humier.shah[at]gmail[dot]com,010202010,1008598,0102020006,1001114,1,22,Baramulla,241188,2428,Khadiniyar,Khadniyar,,,,,2026-27,13,2026-01-24 12:38:53.408,,101,1002,10168,kys_by_year,2026-09-04T23:16:09+00:00
01021101101,GIRLS HIGH SCHOOL KRALWETH,01,JAMMU & KASHMIR,0102,BARAMULLA,010211,KUNZAR,KRALWETH,MS MULGAM,Pr. Up Pr. and Secondary Only,Department of Education,3-Co-educational,Rural,Operational,193404,34.0791,74.4917,2026-09-02T17:02:56,1003905,0,Operational,,,2,50,0,0,50,0,1,10,6,1,Department of Education,Department of Education,1,1,3,3-Co-educational,1,Kralweth peer Mohalla,ghskralweth[at]gmail[dot]com,010211011,1008439,0102110002,1001124,1,26,Kunzer,241842,2644,Kralwath,Kralweth,,,,,2026-27,13,2026-01-25 21:33:11.126,,101,1002,10175,kys_by_year,2026-09-04T23:16:09+00:00
01022203001,GIRLS HIGH SCHOOL KREERI,01,JAMMU & KASHMIR,0102,BARAMULLA,010222,WAGOORA,KREERI,KREERI,Upper Pr. and Secondary,Department of Education,2-Girls,Rural,Operational,193108,34.1721,74.4778,2026-09-02T17:02:56,1005207,0,Operational,,,2,50,0,0,50,0,6,10,7,1,Department of Education,Department of Education,1,1,2,2-Girls,1,"Zamindar Mohalla, Kreeri Baramulla",ghskreeri[at]gmail[dot]com,010222030,1008238,0102220011,1001045,1,35,Wagoora,242451,2458,Kreeri,Kreeri-B,,,,,2026-27,13,2026-01-22 15:57:24.669,,101,1002,10184,kys_by_year,2026-09-04T23:16:10+00:00
01021106502,GIRLS HIGH SCHOOL KUNZER,01,JAMMU & KASHMIR,0102,BARAMULLA,010211,KUNZAR,KUNZER,MS KUNZER,Pr. Up Pr. and Secondary Only,Department of Education,3-Co-educational,Urban,Operational,193404,34.0841,74.5054,2026-09-02T17:02:56,1004008,0,Operational,,,2,50,0,0,50,0,1,10,6,1,Department of Education,Department of Education,1,1,3,3-Co-educational,2,KUNZER WARD 01 TEHSIL KUNZER DISTRICT BARAMULLA POST OFFICE KUNZER S.O,ghskunzer82[at]gmail[dot]com,010211065,1008484,0102110007,1001129,1,0,,,,,,248153,Municipal Committee Kunzer-Municipality,10042,Kunzer (NAC) - Ward No.1,2026-27,13,2026-01-25 22:18:14.483,,101,1002,10175,kys_by_year,2026-09-04T23:16:10+00:00
01021501503,GIRLS HIGH SCHOOL LADOORA,01,JAMMU & KASHMIR,0102,BARAMULLA,010215,ROHAMA,LADOORA,GMS TREGPORA,Pr. Up Pr. and Secondary Only,Department of Education,3-Co-educational,Rural,Operational,193201,34.25333,74.40163,2026-09-02T17:02:56,1004371,0,Operational,,,2,50,0,0,50,0,1,10,6,1,Department of Education,Department of Education,1,1,3,3-Co-educational,1,Ladoora Rafiabad Baramulla,ghssladoora2018[at]gmail[dot]com,010215015,1007140,0102150009,1000986,1,7012,Nadihal,241892,2307,Ladoora,Ladoora,,,,,2026-27,13,2026-01-22 19:49:58.829,,101,1002,10178,kys_by_year,2026-09-04T23:16:10+00:00
01022102302,GIRLS HIGH SCHOOL LAGAMA,01,JAMMU & KASHMIR,0102,BARAMULLA,010221,URI,URI TOWN,GHS LAGAMA,Pr. Up Pr. and Secondary Only,Department of Education,3-Co-educational,Urban,Operational,193123,34.0819,74.056,2026-09-02T17:02:56,1005117,0,Operational,,,2,50,0,0,50,0,1,10,6,1,Department of Education,Department of Education,1,1,3,3-Co-educational,2,LAGAMA TEHSIL URI DISTRICT BARAMULLA,zeouri2015[at]gmail[dot]com,010221023,1008233,0102210002,1001029,1,0,,,,,,248152,Municipal Committee Uri-Municipality,10041,Uri (NAC) - Ward No.4,2026-27,13,2026-01-30 12:30:49.834,,101,1002,10183,kys_by_year,2026-09-04T23:16:11+00:00
01021705801,GIRLS HIGH SCHOOL MALMOOH,01,JAMMU & KASHMIR,0102,BARAMULLA,010217,SINGHPORA PATTAN,MALMOOH,HS ARCHANDARHAMA,Pr. Up Pr. and Secondary Only,Department of Education,3-Co-educational,Rural,Operational,193401,34.104859,74.59547,2026-09-02T17:02:56,1004695,0,Operational,,,2,50,0,0,50,0,1,10,6,1,Department of Education,Department of Education,1,1,3,3-Co-educational,1,MALMOOH SINGHPORA PATTAN,malmoohghs[at]gmail[dot]com,010217058,1008213,0102170007,1001016,1,7017,Sherabad Khore,241920,2369,Malmoh,Dangerpora,,,,,2026-27,13,2026-01-25 20:33:40.951,,101,1002,10180,kys_by_year,2026-09-04T23:16:11+00:00
01021200701,GIRLS HIGH SCHOOL MAMOOSA,01,JAMMU & KASHMIR,0102,BARAMULLA,010212,NEHALPORA,MAMOOSA,BMS Yall,Pr. Up Pr. and Secondary Only,Department of Education,3-Co-educational,Rural,Operational,193121,34.1127,74.5404,2026-09-02T17:02:56,1004047,0,Operational,,,2,50,0,0,50,0,1,10,6,1,Department of Education,Department of Education,1,1,3,3-Co-educational,1,MAMOOSA PATTAN BARAMULLA,gghsmamoosa[at]gmail[dot]com,010212007,1008727,0102120010,1000970,1,7011,Lalpora,241860,2394,Mamoosa,Mamoosa A,,,,,2026-27,13,2025-03-05 12:34:06.901,,101,1002,10176,kys_by_year,2026-09-04T23:16:11+00:00
01020301701,GIRLS HIGH SCHOOL PAHLIPORA,01,JAMMU & KASHMIR,0102,BARAMULLA,010203,BONIYAR,PAHLIPORA,(C6) PAHLIPORA,Pr. Up Pr. and Secondary Only,Department of Education,3-Co-educational,Rural,Operational,193122,34.1814,74.2215,2026-09-02T17:02:56,1003190,0,Operational,,,2,50,0,0,50,0,1,10,6,1,Department of Education,Department of Education,1,1,3,3-Co-educational,1,Pahlipora Boniyar Baramulla,hspahlipora2020[at]gmail[dot]com,010203017,1008151,0102030006,1001137,1,7014,Noorkah,241798,2561,Pehlipora,Pahlipora B,,,,,2026-27,13,2026-01-27 19:44:53.484,,101,1002,10169,kys_by_year,2026-09-04T23:16:12+00:00
01021504603,GIRLS HIGH SCHOOL PANZALLA,01,JAMMU & KASHMIR,0102,BARAMULLA,010215,ROHAMA,PANZALLA,PANZLLA,Pr. Up Pr. and Secondary Only,Department of Education,3-Co-educational,Rural,Operational,193301,34.2771,74.2927,2026-09-02T17:02:56,1004467,0,Operational,,,2,50,0,0,50,0,1,10,6,1,Department of Education,Department of Education,1,1,3,3-Co-educational,1,Puthpora Panzalla Rohama Rafiabad,ghspanzalla[at]gmail[dot]com,010215046,1007168,0102150003,1000980,1,29,Rohama,241883,2284,Panzulla Gund Bal,Panzalla,,,,,2026-27,13,2026-01-22 20:21:24.784,,101,1002,10178,kys_by_year,2026-09-04T23:16:12+00:00
01021304606,GIRLS HIGH SCHOOL PATTAN,01,JAMMU & KASHMIR,0102,BARAMULLA,010213,PATTAN,PATTAN,BMS PATTAN,Upper Pr. and Secondary,Department of Education,2-Girls,Urban,Operational,193121,34.1574,74.5581,2026-09-02T17:02:56,1004331,0,Operational,,,2,50,0,0,50,0,6,10,7,1,Department of Education,Department of Education,1,1,2,2-Girls,2,NEAR PARK PATTAN BARAMULLA,ghspattan03[at]gamil[dot]com,010213046,1007121,0102130004,1000956,1,0,,,,,,248150,Municipal Committee Pattan-Municipality,10028,Pattan (NAC) - Ward No.4,2026-27,13,2026-01-25 13:21:18.751,,101,1002,10177,kys_by_year,2026-09-04T23:16:12+00:00
01021502204,GIRLS HIGH SCHOOL ROHAMA,01,JAMMU & KASHMIR,0102,BARAMULLA,010215,ROHAMA,ROHAMA,ROHAMA,Upper Pr. and Secondary,Department of Education,2-Girls,Rural,Operational,193301,34.275253,74.343978,2026-09-02T17:02:56,1004388,0,Operational,,,2,50,0,0,50,0,6,10,7,1,Department of Education,Department of Education,1,1,2,2-Girls,1,Rohama Rafiabad Baramulla,ghsrohama23[at]gmail[dot]com,010215022,1007145,0102150019,1000995,1,29,Rohama,241900,2300,Rohama,Rohama A,,,,,2026-27,13,2026-01-22 19:54:40.918,,101,1002,10178,kys_by_year,2026-09-04T23:16:13+00:00
01022202602,GIRLS HIGH SCHOOL SHRAKWARA,01,JAMMU & KASHMIR,0102,BARAMULLA,010222,WAGOORA,SHRAKWARA,SHRAK WARA,Upper Pr. and Secondary,Department of Education,3-Co-educational,Rural,Operational,193108,34.1957,74.4426,2026-09-02T17:02:56,1005186,0,Operational,,,2,50,0,0,50,0,6,10,7,1,Department of Education,Department of Education,1,1,3,3-Co-educational,1,KRAL MOHALLA SHRAKWARA,ghsskw123[at]gmail[dot]com,010222026,1008552,0102220010,1001044,1,35,Wagoora,242461,2468,Jahangirpora,Sharkwara,,,,,2026-27,13,2025-03-03 10:51:44.376,,101,1002,10184,kys_by_year,2026-09-04T23:16:13+00:00
01020400701,GIRLS HIGH SCHOOL SYED MOHALLA BAGNA NOOKHAH,01,JAMMU & KASHMIR,0102,BARAMULLA,010204,CHANDANWARI,NOORKHAH,BMS NOORKHAH,Pr. Up Pr. and Secondary Only,Department of Education,3-Co-educational,Rural,Operational,193122,34.15139,74.116433,2026-09-02T17:02:56,1003270,0,Operational,,,2,50,0,0,50,0,1,10,6,1,Department of Education,Department of Education,1,1,3,3-Co-educational,1,Village Noorkhah Boniyar,hmghsnoorkhah[at]gmail[dot]com,010204007,1008689,0102040003,1001056,1,7006,Bijhama,288826,2558,Bagna Noorkhah,Noorkhah,,,,,2026-27,13,2026-01-28 12:54:20.18,,101,1002,10170,kys_by_year,2026-09-04T23:16:13+00:00
01021800302,GIRLS HIGH SCHOOL TARZOO,01,JAMMU & KASHMIR,0102,BARAMULLA,010218,SOPORE,TARZOO,MS TARZOO,Pr. Up Pr. and Secondary Only,Department of Education,3-Co-educational,Rural,Operational,193201,34.2676,74.5007,2026-09-02T17:02:56,1004719,0,Operational,,,2,50,0,0,50,0,1,10,6,1,Department of Education,Department of Education,1,1,3,3-Co-educational,1,TARZOO SOPORE BARAMULLA,ghstarzovaspr[at]gmail[dot]com,010218003,1008220,0102180006,1001105,1,31,Sopore,241939,2216,Tarzoo,Tarzoo C,,,,,2026-27,13,2025-03-02 23:32:12.324,,101,1002,10181,kys_by_year,2026-09-04T23:16:14+00:00
01022202302,GIRLS HIGH SCHOOL VIZER,01,JAMMU & KASHMIR,0102,BARAMULLA,010222,WAGOORA,VIZER,SHRAK WARA,Pr. Up Pr. and Secondary Only,Department of Education,3-Co-educational,Rural,Operational,193103,34.1811,74.4465,2026-09-02T17:02:56,1005180,0,Operational,,,2,50,0,0,50,0,1,10,6,1,Department of Education,Department of Education,1,1,3,3-Co-educational,1,VIZER WAGOORA BARAMULLA,gghsvizer[at]gmail[dot]com,010222023,1008549,0102220010,1001044,1,35,Wagoora,242457,2465,Vizer,Vizer,,,,,2026-27,13,2025-03-03 10:49:41.201,,101,1002,10184,kys_by_year,2026-09-04T23:16:14+00:00
01022202202,GIRLS HIGH SCHOOL WAGOORA,01,JAMMU & KASHMIR,0102,BARAMULLA,010222,WAGOORA,WAGOORA,WAGOORA,Upper Pr. and Secondary,Department of Education,3-Co-educational,Rural,Operational,193103,34.1707,74.4303,2026-09-02T17:02:56,1005168,0,Operational,,,2,50,0,0,50,0,6,10,7,1,Department of Education,Department of Education,1,1,3,3-Co-educational,1,"Pethgam, Wagoora, Baramulla J and K",ghswagoora17[at]gmail[dot]com,010222022,1007960,0102220004,1001038,1,35,Wagoora,242460,2467,Wagoora,Wagoora B,,,,,2026-27,13,2026-01-22 15:39:17.037,,101,1002,10184,kys_by_year,2026-09-04T23:16:14+00:00
01020601001,GIRLS HIGH SCHOOL WATERGAM,01,JAMMU & KASHMIR,0102,BARAMULLA,010206,DANGIWACHA,WATERGAM,WATERGAM C3,Pr. Up Pr. and Secondary Only,Department of Education,3-Co-educational,Urban,Operational,193303,34.3187,74.3708,2026-09-02T17:02:56,1003598,0,Operational,,,2,50,0,0,50,0,5,10,6,1,Department of Education,Department of Education,1,1,3,3-Co-educational,2,WATERGAM RAFIABAD BARAMULLA ,EBSBGHSWATERGAM[at]GMAIL[dot]COM,010206010,1008346,0102060003,1001074,1,0,,,,,,296985,Municipal Committee Watergam,2241514,Watergam (MC) - Ward No.4,2026-27,13,2026-02-01 22:06:09.713,,101,1002,10172,kys_by_year,2026-09-04T23:16:15+00:00
01020701205,GIRLS MIDDEL SCHOOL GUJJAR PATTI KALAYBAN,01,JAMMU & KASHMIR,0102,BARAMULLA,010207,FATEHGRAH,KALIYBAN,GHS HEEWAN,Primary with Upper Primary,Department of Education,3-Co-educational,Rural,Operational,193101,34.161264,74.348445,2026-09-02T17:02:56,1003740,0,Operational,,,2,50,0,0,50,0,1,8,2,1,Department of Education,Department of Education,1,1,3,3-Co-educational,1,GUJJARPATTI KALABAN BARAMULLA,gmskalaban[at]gmail[dot]com,010207012,1008654,0102070004,1001085,1,7013,Narwah,0,0,,,,,,,2026-27,13,2026-01-31 11:10:37.743,,101,1002,10173,kys_by_year,2026-09-04T23:16:15+00:00
01020501306,GIRLS MIDDLE SCHOOL ADIPORA,01,JAMMU & KASHMIR,0102,BARAMULLA,010205,DANGERPORA,AADIPORA,C2 GMS WARPORA,Primary with Upper Primary,Department of Education,3-Co-educational,Rural,Operational,193201,34.3681,74.5164,2026-09-02T17:02:56,1003409,0,Operational,,,2,50,0,0,50,0,1,8,2,1,Department of Education,Department of Education,1,1,3,3-Co-educational,1,AADIPORA BLOCK SOPORE ZONE DANGERPORA,fayazmir05414[at]gmail[dot]com,010205013,1008293,0102050002,1001065,1,31,Sopore,241935,2209,Adipora,Aadipora,,,,,2026-27,13,2026-01-25 18:51:36.564,,101,1002,10171,kys_by_year,2026-09-04T23:16:15+00:00
01021702205,GIRLS MIDDLE SCHOOL ALAMBAL MIRGUND,01,JAMMU & KASHMIR,0102,BARAMULLA,010217,SINGHPORA PATTAN,ALAMBAL,GMS CR KHAN,Primary with Upper Primary,Department of Education,3-Co-educational,Rural,Operational,193121,34.119628,74.669321,2026-09-02T17:02:56,1004619,0,Operational,,,2,50,0,0,50,0,1,8,2,1,Department of Education,Department of Education,1,1,3,3-Co-educational,1,ALAMBAL MIRGUND singhpora,gmsalambal678[at]gmail[dot]com,010217022,1007222,0102170001,1001010,1,30,Singhpora,288821,2363,Mirgund,Mirgund B,,,,,2026-27,13,2026-01-25 20:19:09.021,,101,1002,10180,kys_by_year,2026-09-04T23:16:16+00:00
01021802401,GIRLS MIDDLE SCHOOL AMBERPORA,01,JAMMU & KASHMIR,0102,BARAMULLA,010218,SOPORE,AMBARPORA,MS TARZOO,Primary with Upper Primary,Department of Education,3-Co-educational,Rural,Operational,193201,34.2616,74.5041,2026-09-02T17:02:56,1004781,0,Operational,,,2,50,0,0,50,0,1,8,2,1,Department of Education,Department of Education,1,1,3,3-Co-educational,1,AMBERPORA TARZOO SOPORE BARAMULLA,govtmiddleschoolamberpora[at]gmail[dot]com,010218024,1007315,0102180006,1001105,1,31,Sopore,241939,2216,Tarzoo,Tarzoo C,,,,,2026-27,13,2025-03-02 23:43:40.247,,101,1002,10181,kys_by_year,2026-09-04T23:16:16+00:00
01022203704,GIRLS MIDDLE SCHOOL ATHOORA,01,JAMMU & KASHMIR,0102,BARAMULLA,010222,WAGOORA,ATHOORA,ATHOORA,Primary with Upper Primary,Department of Education,3-Co-educational,Rural,Operational,193108,34.2106,74.4683,2026-09-02T17:02:56,1005238,0,Operational,,,2,50,0,0,50,0,1,8,2,1,Department of Education,Department of Education,1,1,3,3-Co-educational,1,athoora kreeri baramulla,gmsathoora1[at]gmail[dot]com,010222037,1008244,0102220008,1001042,1,35,Wagoora,242455,2454,Reshipora,Authoora,,,,,2026-27,13,2026-01-22 20:56:48.975,,101,1002,10184,kys_by_year,2026-09-04T23:16:16+00:00
01021803029,GIRLS MIDDLE SCHOOL BABAYOUSUF,01,JAMMU & KASHMIR,0102,BARAMULLA,010218,SOPORE,SOPORE,GMS BABAYOUSUF,Primary with Upper Primary,Department of Education,3-Co-educational,Urban,Operational,193201,34.2051,74.3426,2026-09-02T17:02:56,1004795,0,Operational,,,2,50,0,0,50,0,1,8,2,1,Department of Education,Department of Education,1,1,3,3-Co-educational,2,SHALPORA SOPORE BARAMULLA,gmsbbyspr[at]gmail[dot]com,010218030,1002508,0102180002,1001101,1,0,,,,,,248149,Municipal Council Sopore-Notified Area Council,67910,Sopore (TC) - Ward No.14,2026-27,13,2025-03-03 00:06:16.266,,101,1002,10181,kys_by_year,2026-09-04T23:16:17+00:00
01020600102,GIRLS MIDDLE SCHOOL BEHRAMPORA,01,JAMMU & KASHMIR,0102,BARAMULLA,010206,DANGIWACHA,BEHRAMPORA,BEHRAMPORA C1,Primary with Upper Primary,Department of Education,3-Co-educational,Rural,Operational,193303,34.3292,74.3957,2026-09-02T17:02:56,1003568,0,Operational,,,2,50,0,0,50,0,1,8,2,1,Department of Education,Department of Education,1,1,3,3-Co-educational,1,Behrampora zone Dangiwacha,gmsbehramporaschool[at]gmail[dot]com,010206001,1008337,0102060001,1001072,1,28,Rafiabad,242426,2237,Behrampora,Behrampora-A,,,,,2026-27,13,2026-02-01 22:02:38.607,,101,1002,10172,kys_by_year,2026-09-04T23:16:17+00:00
01020301601,GIRLS MIDDLE SCHOOL BIMYAR,01,JAMMU & KASHMIR,0102,BARAMULLA,010203,BONIYAR,BIMYAR,(C5) BIMYAR,Primary with Upper Primary,Department of Education,3-Co-educational,Rural,Operational,193122,34.1583,74.2056,2026-09-02T17:02:56,1003184,0,Operational,,,2,50,0,0,50,0,1,8,2,1,Department of Education,Department of Education,1,1,3,3-Co-educational,1,Bimyar Boniyar Baramulla,gmsbimyar2025[at]gmail[dot]com,010203016,1008564,0102030005,1001136,1,7014,Noorkah,288805,2562,Bimyar,Bimyar A,,,,,2026-27,13,2026-01-27 19:41:48.265,,101,1002,10169,kys_by_year,2026-09-04T23:16:17+00:00
01020301101,GIRLS MIDDLE SCHOOL BONIYAR,01,JAMMU & KASHMIR,0102,BARAMULLA,010203,BONIYAR,BONIYAR,(C4) BONIYAR,Primary with Upper Primary,Department of Education,2-Girls,Rural,Operational,193122,34.1329,74.1803,2026-09-02T17:02:56,1003167,0,Operational,,,2,50,0,0,50,0,1,8,2,1,Department of Education,Department of Education,1,1,2,2-Girls,1,Near Primary Health Centre Boniyar ,gmsboniyar2016[at]gmail[dot]com,010203011,1008542,0102030004,1001135,1,23,Boniyar,241803,2583,Boniyar,Boniyar,,,,,2026-27,13,2026-01-27 19:34:23.583,,101,1002,10169,kys_by_year,2026-09-04T23:16:18+00:00
01020500202,GIRLS MIDDLE SCHOOL BOTINGOO,01,JAMMU & KASHMIR,0102,BARAMULLA,010205,DANGERPORA,BOTINGOO,C1 BMS WATLAB,Primary with Upper Primary,Department of Education,3-Co-educational,Rural,Operational,193201,34.3666,74.4995,2026-09-02T17:02:56,1003362,0,Operational,,,2,50,0,0,50,0,1,8,2,1,Department of Education,Department of Education,1,1,3,3-Co-educational,1,HIRPORA BOTINGOO DANGERPORA,gmsbotingoo1[at]gmail[dot]com,010205002,1008283,0102050001,1001054,1,36,Zaingeer,242048,2192,Botingoo,Botingoo A,,,,,2026-27,13,2026-01-25 17:16:36.208,,101,1002,10171,kys_by_year,2026-09-04T23:16:18+00:00
01022004401,GIRLS MIDDLE SCHOOL BUDIPORA,01,JAMMU & KASHMIR,0102,BARAMULLA,010220,TANGMARG,BUDIPORA,MS HAJI BAL,Primary with Upper Primary,Department of Education,3-Co-educational,Rural,Operational,193402,34.091493,74.42058,2026-09-02T17:02:56,1004979,0,Operational,,,2,50,0,0,50,0,1,8,2,1,Department of Education,Department of Education,1,1,3,3-Co-educational,1,BUDIPORA TANGMARG KMR,gmsbudipora[at]gmail[dot]com,010220044,1007287,0102200007,1001024,1,33,Tangmarag,241960,2665,Budipora,Warapora,,,,,2026-27,13,2026-01-30 22:13:27.773,,101,1002,10182,kys_by_year,2026-09-04T23:16:18+00:00
01020200102,GIRLS MIDDLE SCHOOL CHAKLOO,01,JAMMU & KASHMIR,0102,BARAMULLA,010202,BARAMULLA,CHAKLOO,CHAKLOO BLA,Primary with Upper Primary,Department of Education,3-Co-educational,Rural,Operational,193301,34.2435,74.3803,2026-09-02T17:02:56,1003000,0,Operational,,,2,50,0,0,50,0,1,8,2,1,Department of Education,Department of Education,1,1,3,3-Co-educational,1,Chakloo Baramulla Kmr,gmschakloo[at]gmail[dot]com,010202001,1008006,0102020001,1001109,1,7012,Nadihal,241218,2414,Chakloo,Chakla,,,,,2026-27,13,2025-03-03 12:32:38.495,,101,1002,10168,kys_by_year,2026-09-04T23:16:19+00:00
01021002401,GIRLS MIDDLE SCHOOL CHAKRA,01,JAMMU & KASHMIR,0102,BARAMULLA,010210,JHULLA,CHAKARA,C8 MS UROOSA,Primary with Upper Primary,Department of Education,3-Co-educational,Rural,Operational,193123,34.1048,73.9364,2026-09-02T17:02:56,1003886,0,Operational,,,2,50,0,0,50,0,1,8,2,1,Department of Education,Department of Education,1,1,3,3-Co-educational,1,"CHAKRA, URI, BARAMULLA",gmschakara23[at]gmail[dot]com,010210024,1008420,0102100008,1001098,1,7015,Paranpeela,241986,2526,Chakra,Uroosa,,,,,2026-27,13,2026-08-01 12:42:04.623,,101,1002,10174,kys_by_year,2026-09-04T23:16:19+00:00
01022300201,GIRLS MIDDLE SCHOOL CHANDOOSA,01,JAMMU & KASHMIR,0102,BARAMULLA,010223,CHANDOOSA,CHANDOOSA,MS SHEIKHPATI CHANDOOSA,Primary with Upper Primary,Department of Education,3-Co-educational,Rural,Operational,193101,34.1512,74.3835,2026-09-02T17:02:56,1005284,0,Operational,,,2,50,0,0,50,0,1,8,2,1,Department of Education,Department of Education,1,1,3,3-Co-educational,1,CHANDOOSA KANDI BARAMULLA,chandoosagms[at]gmail[dot]com,010223002,1008271,0102230008,1001053,1,22,Baramulla,242436,2470,Chandoosa,Chandoosa-B,,,,,2026-27,13,2026-08-24 11:27:03.653,,101,1002,10185,kys_by_year,2026-09-04T23:16:19+00:00
01021803074,GIRLS MIDDLE SCHOOL CHANKHAN,01,JAMMU & KASHMIR,0102,BARAMULLA,010218,SOPORE,SOPORE,CHANKHAN,Primary with Upper Primary,Department of Education,3-Co-educational,Urban,Operational,193201,34.2051,74.3427,2026-09-02T17:02:56,1004820,0,Operational,,,2,50,0,0,50,0,1,8,2,1,Department of Education,Department of Education,1,1,3,3-Co-educational,2,CHANKHAN SOPORE BARAMULLA,gmschankhan2[at]gmail[dot]com,010218030,1002508,0102180009,1001108,1,0,,,,,,248149,Municipal Council Sopore-Notified Area Council,67900,Sopore (TC) - Ward No.3,2026-27,13,2025-03-03 00:11:03.25,,101,1002,10181,kys_by_year,2026-09-04T23:16:20+00:00
01021000501,GIRLS MIDDLE SCHOOL CHAPPER,01,JAMMU & KASHMIR,0102,BARAMULLA,010210,JHULLA,CHAPPER,C1 HS SHAHDARA,Primary with Upper Primary,Department of Education,3-Co-educational,Rural,Operational,193123,34.114982,73.971411,2026-09-02T17:02:56,1003803,0,Operational,,,2,50,0,0,50,0,1,8,2,1,Department of Education,Department of Education,1,1,3,3-Co-educational,1,"CHAPPER, URI, BARAMULLA",govt.gmschapper[at]gmail[dot]com,010210005,1008405,0102100001,1001091,1,7015,Paranpeela,241994,2513,Chapper,Shahdara,,,,,2026-27,13,2026-08-01 13:52:32.7,,101,1002,10174,kys_by_year,2026-09-04T23:16:20+00:00
01020201501,GIRLS MIDDLE SCHOOL CHECK SHUTLOO,01,JAMMU & KASHMIR,0102,BARAMULLA,010202,BARAMULLA,CHECK SHITLOO,VOHULITRA,Primary with Upper Primary,Department of Education,3-Co-educational,Rural,Operational,193301,34.2592,74.3239,2026-09-02T17:02:56,1003042,0,Operational,,,2,50,0,0,50,0,1,8,2,1,Department of Education,Department of Education,1,1,3,3-Co-educational,1,Check shultoo Rafiabad Baramulla,Gmschackshutloo[at]gmail[dot]com,010202015,1008603,0102020003,1001111,1,29,Rohama,241197,2408,Shutloo,Shutloo,,,,,2026-27,13,2026-01-24 12:40:39.858,,101,1002,10168,kys_by_year,2026-09-04T23:16:20+00:00
01021201506,GIRLS MIDDLE SCHOOL CHOKER,01,JAMMU & KASHMIR,0102,BARAMULLA,010212,NEHALPORA,CHOKAR,BMS Behrampora Chukar ,Primary with Upper Primary,Department of Education,3-Co-educational,Rural,Operational,193121,34.126,74.5062,2026-09-02T17:02:56,1004066,0,Operational,,,2,50,0,0,50,0,1,8,2,1,Department of Education,Department of Education,1,1,3,3-Co-educational,1,chuker pattan baramulla.,baramulla193121[at]gmail[dot]com,010212015,1008734,0102120004,1000965,1,7019,Wailoo,241837,2380,Chukar,Chukar-B,,,,,2026-27,13,2025-03-05 12:36:48.59,,101,1002,10176,kys_by_year,2026-09-04T23:16:21+00:00
01021202401,GIRLS MIDDLE SCHOOL DARDPORA,01,JAMMU & KASHMIR,0102,BARAMULLA,010212,NEHALPORA,DARD PORA,GMS DARDPORA,Primary with Upper Primary,Department of Education,3-Co-educational,Rural,Operational,193121,34.1602,74.5543,2026-09-02T17:02:56,1004082,0,Operational,,,2,50,0,0,50,0,1,8,2,1,Department of Education,Department of Education,1,1,3,3-Co-educational,1,dardpora kreeri baramulla,,010212024,1008743,0102120002,1000963,1,27,Pattan,241846,2336,Dardpora,Tilgam-A,,,,,2026-27,13,2026-01-28 14:28:33.32,,101,1002,10176,kys_by_year,2026-09-04T23:16:21+00:00
01022004601,GIRLS MIDDLE SCHOOL DEVEDRAGER,01,JAMMU & KASHMIR,0102,BARAMULLA,010220,TANGMARG,DEVEDRAGAR,M/S HOOM,Primary with Upper Primary,Department of Education,3-Co-educational,Rural,Operational,193402,34.102346,74.431586,2026-09-02T17:02:56,1004983,0,Operational,,,2,50,0,0,50,0,1,8,2,1,Department of Education,Department of Education,1,1,3,3-Co-educational,1,DEVEDRAGER TANGMARG KASHMIR,gmsdevdragar[at]gmail[dot]com,010220046,1007289,0102200009,1001026,1,7010,Khaipora,241973,2629,Devdragar,Hardichloo,,,,,2026-27,13,2026-01-30 21:50:28.586,,101,1002,10182,kys_by_year,2026-09-04T23:16:21+00:00
01020204602,GIRLS MIDDLE SCHOOL DEWANBAGH,01,JAMMU & KASHMIR,0102,BARAMULLA,010202,BARAMULLA,Dewanbagh WARD NO 13,MS USHKURA,Primary with Upper Primary,Department of Education,3-Co-educational,Urban,Operational,193101,34.207,74.3534,2026-09-02T17:02:56,1003124,0,Operational,,,2,50,0,0,50,0,1,8,2,1,Department of Education,Department of Education,1,1,3,3-Co-educational,2,DEWANBAGH BARAMULLA KASHMIR,gmsdeewanbagh[at]gmail[dot]com,010202046,1008634,0102020009,1001117,1,0,,,,,,248151,Municipal Council Baramulla-Notified Area Council,67975,Baramula (TC) - Ward No.13,2026-27,13,2026-01-24 12:53:30.288,,101,1002,10168,kys_by_year,2026-09-04T23:16:22+00:00
01020601201,GIRLS MIDDLE SCHOOL DOOLIGUND,01,JAMMU & KASHMIR,0102,BARAMULLA,010206,DANGIWACHA,DOOLIGUND,WATERGAM C3,Primary with Upper Primary,Department of Education,3-Co-educational,Rural,Operational,193303,34.3088,74.3597,2026-09-02T17:02:56,1003607,0,Operational,,,2,50,0,0,50,0,1,8,2,1,Department of Education,Department of Education,1,1,3,3-Co-educational,1,DOOLIGUND RAFIABAD BARAMULLA,gmsdoligunddangiwacha[at]gmail[dot]com,010206012,1008348,0102060003,1001074,1,28,Rafiabad,242423,2247,Chraligund,Dandoosa,,,,,2026-27,13,2026-02-01 22:21:02.452,,101,1002,10172,kys_by_year,2026-09-04T23:16:22+00:00
01020200801,GIRLS MIDDLE SCHOOL DRANGBAL,01,JAMMU & KASHMIR,0102,BARAMULLA,010202,BARAMULLA,DRANGABAL,RAJGHAT,Primary with Upper Primary,Department of Education,3-Co-educational,Rural,Operational,193101,34.2118,74.3179,2026-09-02T17:02:56,1003023,0,Operational,,,2,50,0,0,50,0,1,8,2,1,Department of Education,Department of Education,1,1,3,3-Co-educational,1,TAKI SULTAN BARAMULLA KASHMIR,GMSDRANGBAL801[at]GMAIL[dot]COM,010202008,1008596,0102020006,1001114,1,22,Baramulla,241190,2453,Takisultan,Takyasultan / Drangabal,,,,,2026-27,13,2026-01-24 12:36:59.559,,101,1002,10168,kys_by_year,2026-09-04T23:16:22+00:00
01022000101,GIRLS MIDDLE SCHOOL DRUNG,01,JAMMU & KASHMIR,0102,BARAMULLA,010220,TANGMARG,DRUNG,GMS FEROZPORA,Primary with Upper Primary,Department of Education,3-Co-educational,Rural,Operational,193402,34.03969,74.416755,2026-09-02T17:02:56,1004867,0,Operational,,,2,50,0,0,50,0,1,8,2,1,Department of Education,Department of Education,1,1,3,3-Co-educational,1,DRUNG TANGMARG KASHMIR,GMSDRUNG101[at]GMAIL[dot]COM,010220001,1007246,0102200001,1001018,1,33,Tangmarag,241967,2672,Feroz Pora,Drung,,,,,2026-27,13,2026-01-30 19:53:50.086,,101,1002,10182,kys_by_year,2026-09-04T23:16:23+00:00
01022001003,GIRLS MIDDLE SCHOOL DRUROO,01,JAMMU & KASHMIR,0102,BARAMULLA,010220,TANGMARG,DRUROO,M/S SHRAIE,Primary with Upper Primary,Department of Education,3-Co-educational,Rural,Operational,193402,34.072518,74.471206,2026-09-02T17:02:56,1004902,0,Operational,,,2,50,0,0,50,0,1,8,2,1,Department of Education,Department of Education,1,1,3,3-Co-educational,1,GMS DRUROO TANGMARG BLA,gmsdruroo[at]gmail[dot]com,010220010,1007254,0102200003,1001020,1,33,Tangmarag,241977,2679,Druroo,Druroo,,,,,2026-27,13,2026-01-30 21:00:47.018,,101,1002,10182,kys_by_year,2026-09-04T23:16:23+00:00
01020600207,GIRLS MIDDLE SCHOOL DRUSOO,01,JAMMU & KASHMIR,0102,BARAMULLA,010206,DANGIWACHA,DRUSOO,BEHRAMPORA C1,Primary with Upper Primary,Department of Education,3-Co-educational,Rural,Operational,193303,34.3349,74.3856,2026-09-02T17:02:56,1003581,0,Operational,,,2,50,0,0,50,0,1,8,2,1,Department of Education,Department of Education,1,1,3,3-Co-educational,1,GOVT GIRLS MIDDLE SCHOOL DRUSOO,drusoogms[at]gmail[dot]com,010206002,1008338,0102060001,1001072,1,28,Rafiabad,242425,2246,Drusu Khalsa,Drusoo,,,,,2026-27,13,2026-02-01 22:05:16.655,,101,1002,10172,kys_by_year,2026-09-04T23:16:23+00:00
01020503807,GIRLS MIDDLE SCHOOL DUROO,01,JAMMU & KASHMIR,0102,BARAMULLA,010205,DANGERPORA,DUROO,C7 DUROO,Primary with Upper Primary,Department of Education,3-Co-educational,Rural,Operational,193201,34.34974,74.46555,2026-09-02T17:02:56,1003513,0,Operational,,,2,50,0,0,50,0,1,8,2,1,Department of Education,Department of Education,1,1,3,3-Co-educational,1,DUROO BLOCK DANGERPORA,gmsduroo2020[at]gmail[dot]com,010205038,1008317,0102050007,1001070,1,36,Zaingeer,242053,2195,Duroo,Duroo A,,,,,2026-27,13,2026-01-25 18:56:10.777,,101,1002,10171,kys_by_year,2026-09-04T23:16:24+00:00
01021600103,GIRLS MIDDLE SCHOOL FATEHPORA,01,JAMMU & KASHMIR,0102,BARAMULLA,010216,SINGHPORA (KALAN),FATEHPORA,MS FATEHPORA,Primary with Upper Primary,Department of Education,3-Co-educational,Rural,Operational,193101,34.2077,74.3823,2026-09-02T17:02:56,1004482,0,Operational,,,2,50,0,0,50,0,1,8,2,1,Department of Education,Department of Education,1,1,3,3-Co-educational,1,FATEHPORA SINGHPORA KALAN BARAMULLA,gmsfatehpora1[at]gmail[dot]com,010216001,1007182,0102160001,1000996,1,22,Baramulla,241208,2449,Fetehpora,Fatehpora,,,,,2026-27,13,2026-01-27 19:27:46.673,,101,1002,10179,kys_by_year,2026-09-04T23:16:24+00:00
01022000301,GIRLS MIDDLE SCHOOL FEROZPORA,01,JAMMU & KASHMIR,0102,BARAMULLA,010220,TANGMARG,FEROZPORA,GMS FEROZPORA,Primary with Upper Primary,Department of Education,3-Co-educational,Rural,Operational,193402,34.054429,74.431495,2026-09-02T17:02:56,1004872,0,Operational,,,2,50,0,0,50,0,1,8,2,1,Department of Education,Department of Education,1,1,3,3-Co-educational,1,FEROZPORA TANGMARG BARAMULLA,ferozporagms[at]gmail[dot]com,010220003,1007248,0102200001,1001018,1,33,Tangmarag,241964,2672,Feroz Pora,Ferozpora -A,,,,,2026-27,13,2026-01-30 19:56:25.831,,101,1002,10182,kys_by_year,2026-09-04T23:16:24+00:00
01021301105,GIRLS MIDDLE SCHOOL GANAIEPORA BURAN,01,JAMMU & KASHMIR,0102,BARAMULLA,010213,PATTAN,GANIE PORA,BURAN,Primary with Upper Primary,Department of Education,3-Co-educational,Rural,Operational,193121,34.157868,74.578811,2026-09-02T17:02:56,1004214,0,Operational,,,2,50,0,0,50,0,1,8,2,1,Department of Education,Department of Education,1,1,3,3-Co-educational,1,GANAIEPORA BURAN PATTAN BARAMULLA,gmsganieporaburan[at]gmail[dot]com,010213011,1008783,0102130003,1001986,1,27,Pattan,241849,2349,Pattan,Buran Zangam A,,,,,2026-27,13,2026-01-25 12:54:58.951,,101,1002,10177,kys_by_year,2026-09-04T23:16:25+00:00
01020203701,GIRLS MIDDLE SCHOOL GANIE HAMAM,01,JAMMU & KASHMIR,0102,BARAMULLA,010202,BARAMULLA,Ganie Hamam WARD NO 03,GMS RAMGHAT,Primary with Upper Primary,Department of Education,3-Co-educational,Urban,Operational,193101,34.2154,74.3313,2026-09-02T17:02:56,1003083,0,Operational,,,2,50,0,0,50,0,1,8,2,1,Department of Education,Department of Education,1,1,3,3-Co-educational,2,khawaja sahib baramulla,shahyasmeen759[at]gmail[dot]com,010202037,1008625,0102020011,1001119,1,0,,,,,,248151,Municipal Council Baramulla-Notified Area Council,67965,Baramula (TC) - Ward No.3,2026-27,13,2026-01-24 12:47:01.968,,101,1002,10168,kys_by_year,2026-09-04T23:16:25+00:00
01022101302,GIRLS MIDDLE SCHOOL GARKOTE,01,JAMMU & KASHMIR,0102,BARAMULLA,010221,URI,GARKOTE,GMS GARKOTE,Primary with Upper Primary,Department of Education,3-Co-educational,Rural,Operational,193123,34.0771,74.0752,2026-09-02T17:02:56,1005063,0,Operational,,,2,50,0,0,50,0,1,8,2,1,Department of Education,Department of Education,1,1,3,3-Co-educational,1,GARKOTE TEHSIL URI DISTRICT BARAMULLA,gmsgarkote[at]gmail[dot]com,010221013,1008224,0102210006,1001033,1,34,Uri,242003,2549,Garkote,Garkote-B,,,,,2026-27,13,2026-01-30 12:17:47.559,,101,1002,10183,kys_by_year,2026-09-04T23:16:25+00:00
01021304001,GIRLS MIDDLE SCHOOL GOSHBUGH,01,JAMMU & KASHMIR,0102,BARAMULLA,010213,PATTAN,GOSH BUGH,GOSHBUGH,Primary with Upper Primary,Department of Education,3-Co-educational,Rural,Operational,193121,34.221744,74.547183,2026-09-02T17:02:56,1004316,0,Operational,,,2,50,0,0,50,0,1,8,2,1,Department of Education,Department of Education,1,1,3,3-Co-educational,1,GM S GOSHBUGH PATTAN,gmsgoshbugh[at]gmail[dot]com,010213040,1006896,0102130011,1000975,1,27,Pattan,288806,2325,Goushbugh,Goshbugh B,,,,,2026-27,13,2026-01-25 13:19:22.872,,101,1002,10177,kys_by_year,2026-09-04T23:16:26+00:00
01021002202,GIRLS MIDDLE SCHOOL GOWALTA,01,JAMMU & KASHMIR,0102,BARAMULLA,010210,JHULLA,GOWALTA,C8 MS UROOSA,Primary with Upper Primary,Department of Education,3-Co-educational,Rural,Operational,193123,34.0761,73.932,2026-09-02T17:02:56,1003879,0,Operational,,,2,50,0,0,50,0,1,8,2,1,Department of Education,Department of Education,1,1,3,3-Co-educational,1,"GOWALTA, URI, BARAMULLA",gms23[at]gmail[dot]com,010210022,1008418,0102100008,1001098,1,7015,Paranpeela,241987,2525,Gowaltha,Gawalta,,,,,2026-27,13,2026-08-01 12:46:39.631,,101,1002,10174,kys_by_year,2026-09-04T23:16:26+00:00
01021203902,GIRLS MIDDLE SCHOOL GUIWA,01,JAMMU & KASHMIR,0102,BARAMULLA,010212,NEHALPORA,GOWIA,BMS CHECK SEERI,Primary with Upper Primary,Department of Education,3-Co-educational,Rural,Operational,193121,34.1608,74.5538,2026-09-02T17:02:56,1004120,0,Operational,,,2,50,0,0,50,0,1,8,2,1,Department of Education,Department of Education,1,1,3,3-Co-educational,1,GUIWA PATTAN BARAMULLA,gmsguiwa01021203902[at]gmail[dot]com,010212039,1008756,0102120006,1000967,1,27,Pattan,241866,2379,Sero Gowa Dangerpora,Dangerpora,,,,,2026-27,13,2026-01-28 14:15:28.157,,101,1002,10176,kys_by_year,2026-09-04T23:16:26+00:00
01021701404,GIRLS MIDDLE SCHOOL GUND KHAWAJA QASIM,01,JAMMU & KASHMIR,0102,BARAMULLA,010217,SINGHPORA PATTAN,GUND-KH-QASIM,BMS ARAMPORA,Primary with Upper Primary,Department of Education,3-Co-educational,Rural,Operational,193401,34.125787,74.604883,2026-09-02T17:02:56,1004609,0,Operational,,,2,50,0,0,50,0,1,8,2,1,Department of Education,Department of Education,1,1,3,3-Co-educational,1,GUND KH QASIM 193401,gmsgundkhqasim[at]gmail[dot]com,010217014,1007216,0102170005,1001014,1,7017,Sherabad Khore,241911,2370,Gund Khawaja Qasim,Gk Qasim,,,,,2026-27,13,2026-01-25 20:14:52.008,,101,1002,10180,kys_by_year,2026-09-04T23:16:27+00:00
01021800205,GIRLS MIDDLE SCHOOL GUR SEER,01,JAMMU & KASHMIR,0102,BARAMULLA,010218,SOPORE,SEER JAGIR,MS PETH SEER,Primary with Upper Primary,Department of Education,3-Co-educational,Rural,Operational,193201,34.2602,74.4305,2026-09-02T17:02:56,1004713,0,Operational,,,2,50,0,0,50,0,1,8,2,1,Department of Education,Department of Education,1,1,3,3-Co-educational,1,GURSEER SEER JAGIR SOPORE BARAMULLA,gmsgurseer19[at]gmail[dot]com,010218002,1008520,0102180005,1001104,1,7016,Sangrama,241954,2214,Seer Jagir,Manzseer,,,,,2026-27,13,2025-03-02 23:31:14.501,,101,1002,10181,kys_by_year,2026-09-04T23:16:27+00:00
01022003201,GIRLS MIDDLE SCHOOL GUTLIPORA,01,JAMMU & KASHMIR,0102,BARAMULLA,010220,TANGMARG,GUTLIPORA,GMS SOLINDA,Primary with Upper Primary,Department of Education,3-Co-educational,Rural,Operational,193402,34.085215,74.433981,2026-09-02T17:02:56,1004956,0,Operational,,,2,50,0,0,50,0,1,8,2,1,Department of Education,Department of Education,1,1,3,3-Co-educational,1,GUTLIPORA TANGMARG KMR,gmsgutlipora22[at]gmail[dot]com[dot]COM,010220032,1007275,0102200006,1001023,1,33,Tangmarag,241959,2662,Gutlipora,Hard Madam,,,,,2026-27,13,2026-01-30 21:42:15.002,,101,1002,10182,kys_by_year,2026-09-04T23:16:27+00:00
01021503201,GIRLS MIDDLE SCHOOL HADIPORA,01,JAMMU & KASHMIR,0102,BARAMULLA,010215,ROHAMA,HADIPORA,GMS HADIPORA,Primary with Upper Primary,Department of Education,3-Co-educational,Rural,Operational,193301,34.2911,74.3882,2026-09-02T17:02:56,1004424,0,Operational,,,2,50,0,0,50,0,1,8,2,1,Department of Education,Department of Education,1,1,3,3-Co-educational,1,Hadipora Rafiabad Baramulla,GMSH2126[at]gmail[dot]com,010215032,1007156,0102150013,1000989,1,29,Rohama,241885,2243,Hadi Pora,Hadipora A,,,,,2026-27,13,2026-01-22 20:13:47.713,,101,1002,10178,kys_by_year,2026-09-04T23:16:28+00:00
01021704601,GIRLS MIDDLE SCHOOL HAGERPORA,01,JAMMU & KASHMIR,0102,BARAMULLA,010217,SINGHPORA PATTAN,HAGAR PORA,BMS KONGAM DARA,Primary with Upper Primary,Department of Education,3-Co-educational,Rural,Operational,193401,34.1177,74.596,2026-09-02T17:02:56,1004682,0,Operational,,,2,50,0,0,50,0,1,8,2,1,Department of Education,Department of Education,1,1,3,3-Co-educational,1,HAGERPORA SINGHPORA PATTAN,gmshagerpora5[at]gmail[dot]com,010217046,1008202,0102170003,1001012,1,7017,Sherabad Khore,241912,2367,Bodibugh,Budibugh,,,,,2026-27,13,2026-01-25 20:27:38.366,,101,1002,10180,kys_by_year,2026-09-04T23:16:28+00:00
01021302702,GIRLS MIDDLE SCHOOL HAMRAY,01,JAMMU & KASHMIR,0102,BARAMULLA,010213,PATTAN,HAMRAY,HAMRAY,Primary with Upper Primary,Department of Education,3-Co-educational,Rural,Operational,193121,34.212915,74.507594,2026-09-02T17:02:56,1004278,0,Operational,,,2,50,0,0,50,0,1,8,2,1,Department of Education,Department of Education,1,1,3,3-Co-educational,1,HAMRAY PATTAN BARAMULLA,middleschoolhamray12[at]gmail[dot]com,010213027,1008792,0102130009,1000961,1,27,Pattan,241874,2319,Hamrey,Hamray,,,,,2026-27,13,2026-01-25 13:02:09.325,,101,1002,10177,kys_by_year,2026-09-04T23:16:28+00:00
01021701001,GIRLS MIDDLE SCHOOL HANJIWERA BALA,01,JAMMU & KASHMIR,0102,BARAMULLA,010217,SINGHPORA PATTAN,HANJIWARA BALA,GMS HANJIWERA,Primary with Upper Primary,Department of Education,3-Co-educational,Rural,Operational,193121,34.139579,74.587358,2026-09-02T17:02:56,1004591,0,Operational,,,2,50,0,0,50,0,1,8,2,1,Department of Education,Department of Education,1,1,3,3-Co-educational,1,HANJIWARABALA SINGHPORA PATTAN 193121,gmshanjiwerabala[at]gmail[dot]com,010217010,1007212,0102170008,1001017,1,30,Singhpora,288837,2374,Hanjiwara,Hanjiwera B,,,,,2026-27,13,2026-01-25 20:12:02.229,,101,1002,10180,kys_by_year,2026-09-04T23:16:29+00:00
01021700903,GIRLS MIDDLE SCHOOL HANJIWERA PAYEEN,01,JAMMU & KASHMIR,0102,BARAMULLA,010217,SINGHPORA PATTAN,HANJIWERA PAYEEN,GMS HANJIWERA,Primary with Upper Primary,Department of Education,3-Co-educational,Rural,Operational,193121,34.143152,74.590837,2026-09-02T17:02:56,1004587,0,Operational,,,2,50,0,0,50,0,1,8,2,1,Department of Education,Department of Education,1,1,3,3-Co-educational,1,HANJIWARA PAYEEN SINGHPORA PATTAN 193121,gpayeen[at]gmail[dot]com,010217009,1007211,0102170008,1001017,1,30,Singhpora,241931,2374,Hanjiwara,Hanjiwara A,,,,,2026-27,13,2026-01-25 20:13:11.621,,101,1002,10180,kys_by_year,2026-09-04T23:16:29+00:00
01020602602,GIRLS MIDDLE SCHOOL HARDU CHANAM,01,JAMMU & KASHMIR,0102,BARAMULLA,010206,DANGIWACHA,HARDU CHANAM,BAKHIPORA,Primary with Upper Primary,Department of Education,3-Co-educational,Rural,Operational,193303,34.3062,74.3016,2026-09-02T17:02:56,1003643,0,Operational,,,2,50,0,0,50,0,1,8,2,1,Department of Education,Department of Education,1,1,3,3-Co-educational,1,HARDU CHANAM RAFIABAD,Gmsarifbagh123[at]gmail[dot]com,010206026,1008360,0102060010,1001081,1,28,Rafiabad,242413,2259,Hardu Chanam,Chanum,,,,,2026-27,13,2026-02-01 22:28:26.17,,101,1002,10172,kys_by_year,2026-09-04T23:16:29+00:00
01020501003,GIRLS MIDDLE SCHOOL HATHLANGOO,01,JAMMU & KASHMIR,0102,BARAMULLA,010205,DANGERPORA,HATHLANGOO,C2 GMS WARPORA,Primary with Upper Primary,Department of Education,3-Co-educational,Rural,Operational,193201,34.343,74.502,2026-09-02T17:02:56,1003386,0,Operational,,,2,50,0,0,50,0,1,8,2,1,Department of Education,Department of Education,1,1,3,3-Co-educational,1,HATHLANGOO DANGERPORA SOPORE,gmshtahlangoo[at]gmail[dot]com,010205010,1008290,0102050002,1001065,1,36,Zaingeer,242035,2191,Hathlangoo,Hathlangoo,,,,,2026-27,13,2026-01-25 18:41:54.885,,101,1002,10171,kys_by_year,2026-09-04T23:16:30+00:00
01022002401,GIRLS MIDDLE SCHOOL HERIWATNOO,01,JAMMU & KASHMIR,0102,BARAMULLA,010220,TANGMARG,HERIWATNOO,MS HARI WATNOO,Primary with Upper Primary,Department of Education,3-Co-educational,Rural,Operational,193402,34.082,74.451,2026-09-02T17:02:56,1004933,0,Operational,,,2,50,0,0,50,0,1,8,2,1,Department of Education,Department of Education,1,1,3,3-Co-educational,1,HERIWATNOO TANGMARG KMR,GGMSHARIWATNOO[at]GMAIL[dot]COM,010220024,1007267,0102200005,1001022,1,33,Tangmarag,241978,2661,Hariwatnoo,Hariwatnoo,,,,,2026-27,13,2026-01-30 21:11:35.25,,101,1002,10182,kys_by_year,2026-09-04T23:16:30+00:00
01020600502,GIRLS MIDDLE SCHOOL HIB DANGERPORA,01,JAMMU & KASHMIR,0102,BARAMULLA,010206,DANGIWACHA,HIB DANGERPORA,HIB C2,Primary with Upper Primary,Department of Education,3-Co-educational,Rural,Operational,193301,34.3211,74.4054,2026-09-02T17:02:56,1003586,0,Operational,,,2,50,0,0,50,0,1,8,2,1,Department of Education,Department of Education,1,1,3,3-Co-educational,1,Hib Dangerpora Rafiabad Kashmir,Gmshib2021[at]gmail[dot]com,010206005,1008341,0102060002,1001073,1,28,Rafiabad,242428,2238,Hib Danger Pora,Hib Dangerpora,,,,,2026-27,13,2026-02-01 22:18:34.813,,101,1002,10172,kys_by_year,2026-09-04T23:16:30+00:00
01020301502,GIRLS MIDDLE SCHOOL HILLER,01,JAMMU & KASHMIR,0102,BARAMULLA,010203,BONIYAR,HILLER PEERNIA,(C4) BONIYAR,Primary with Upper Primary,Department of Education,3-Co-educational,Rural,Operational,193122,34.1238,74.1815,2026-09-02T17:02:56,1003180,0,Operational,,,2,50,0,0,50,0,1,8,2,1,Department of Education,Department of Education,1,1,3,3-Co-educational,1,HILLER PEERNIYA Tehsil Boniyar,gmshiller2016[at]gmail[dot]com,010203015,1008563,0102030004,1001135,1,23,Boniyar,241805,2588,Hiller Pernia,Bela Salamabad,,,,,2026-27,13,2026-01-27 19:39:59.935,,101,1002,10169,kys_by_year,2026-09-04T23:16:31+00:00
01020302901,GIRLS MIDDLE SCHOOL HUNDI,01,JAMMU & KASHMIR,0102,BARAMULLA,010203,BONIYAR,HUNDI,(C8) NOWSHERA,Primary with Upper Primary,Department of Education,3-Co-educational,Rural,Operational,193122,34.1538,74.2288,2026-09-02T17:02:56,1003225,0,Operational,,,2,50,0,0,50,0,1,8,2,1,Department of Education,Department of Education,1,1,3,3-Co-educational,1,Malik Mohalla Hundi Nowshera,GMSHN786[at]gmail[dot]com,010203029,1008575,0102030008,1001139,1,23,Boniyar,241801,2569,Hundi Nowshara,Nowshera A,,,,,2026-27,13,2026-01-27 20:05:52.09,,101,1002,10169,kys_by_year,2026-09-04T23:16:31+00:00
01021303102,GIRLS MIDDLE SCHOOL INDERGAM,01,JAMMU & KASHMIR,0102,BARAMULLA,010213,PATTAN,ANDERGAM,HAMRAY,Primary with Upper Primary,Department of Education,3-Co-educational,Rural,Operational,193121,34.2128,74.5161,2026-09-02T17:02:56,1004291,0,Operational,,,2,50,0,0,50,0,1,8,2,1,Department of Education,Department of Education,1,1,3,3-Co-educational,1,ANDERGAM PATTAN BARAMULLA,gmsandergam[at]gmail[dot]com,010213031,1006887,0102130009,1000961,1,27,Pattan,241875,2320,Andergam,Indergam,,,,,2026-27,13,2026-01-25 13:06:35.912,,101,1002,10177,kys_by_year,2026-09-04T23:16:31+00:00
01020401201,GIRLS MIDDLE SCHOOL JABADAR BIJHAMA,01,JAMMU & KASHMIR,0102,BARAMULLA,010204,CHANDANWARI,BIJHAMA,GMS BIJHAMA,Primary with Upper Primary,Department of Education,3-Co-educational,Rural,Operational,193122,34.1568,74.095,2026-09-02T17:02:56,1003285,0,Operational,,,2,50,0,0,50,0,1,8,2,1,Department of Education,Department of Education,1,1,3,3-Co-educational,1,Jabbadar Bijhama Boniyar,,010204012,1008692,0102040004,1001057,1,7006,Bijhama,288827,2556,Bijhama,Bijhama B,,,,,2026-27,13,2026-01-28 13:11:04.712,,101,1002,10170,kys_by_year,2026-09-04T23:16:32+00:00
01020203901,GIRLS MIDDLE SCHOOL JADEED,01,JAMMU & KASHMIR,0102,BARAMULLA,010202,BARAMULLA,Faqir wani WARD NO 05,GMS RAMGHAT,Primary with Upper Primary,Department of Education,3-Co-educational,Urban,Operational,193101,34.2144,74.3362,2026-09-02T17:02:56,1003087,0,Operational,,,2,50,0,0,50,0,1,8,2,1,Department of Education,Department of Education,1,1,3,3-Co-educational,2,Faqeerwani Baramulla Kashmir,gmsjadeed001[at]gmail[dot]com,010202039,1008627,0102020011,1001119,1,0,,,,,,248151,Municipal Council Baramulla-Notified Area Council,67967,Baramula (TC) - Ward No.5,2026-27,13,2026-01-24 12:46:45.893,,101,1002,10168,kys_by_year,2026-09-04T23:16:32+00:00
01020200705,GIRLS MIDDLE SCHOOL JANBAZPORA,01,JAMMU & KASHMIR,0102,BARAMULLA,010202,BARAMULLA,JANBAZPORA,CHAKLOO BLA,Primary with Upper Primary,Department of Education,3-Co-educational,Urban,Operational,193101,34.2236,74.3637,2026-09-02T17:02:56,1003022,0,Operational,,,2,50,0,0,50,0,1,8,2,1,Department of Education,Department of Education,1,1,3,3-Co-educational,2,Janbazora Baramulla kmr,gmsjanbazporabla[at]gmail[dot]com,010202007,1008595,0102020001,1001109,1,0,,,,,,248151,Municipal Council Baramulla-Notified Area Council,67972,Baramula (TC) - Ward No.10,2026-27,13,2025-03-03 13:19:02.95,,101,1002,10168,kys_by_year,2026-09-04T23:16:32+00:00
01022200301,GIRLS MIDDLE SCHOOL KALANTRA PAYEEN,01,JAMMU & KASHMIR,0102,BARAMULLA,010222,WAGOORA,KALANTRA PAYEEN,KALANTRA PAYEEN,Primary with Upper Primary,Department of Education,3-Co-educational,Rural,Operational,193101,34.1378,74.4094,2026-09-02T17:02:56,1005136,0,Operational,,,2,50,0,0,50,0,1,8,2,1,Department of Education,Department of Education,1,1,3,3-Co-educational,1,Kalantra Payeen Tehsil Kreeri District Baramulla,govtgirlsschoolkalantra[at]gmail[dot]com,010222003,1008254,0102220001,1001036,1,35,Wagoora,242444,2490,Kalantra Payeen,Kalantara,,,,,2026-27,13,2026-01-22 15:35:14.039,,101,1002,10184,kys_by_year,2026-09-04T23:16:33+00:00
01020203002,GIRLS MIDDLE SCHOOL KANLIBAGH,01,JAMMU & KASHMIR,0102,BARAMULLA,010202,BARAMULLA,Kanlibagh WARD NO 15,GMS KHANPORA,Primary with Upper Primary,Department of Education,3-Co-educational,Urban,Operational,193101,34.195509,74.344827,2026-09-02T17:02:56,1003067,0,Operational,,,2,50,0,0,50,0,1,8,2,1,Department of Education,Department of Education,1,1,3,3-Co-educational,2,Kanlibagh Baramulla Kmr,gmskb2022[at]gmail[dot]com,010202030,1008618,0102020007,1001115,1,0,,,,,,248151,Municipal Council Baramulla-Notified Area Council,67977,Baramula (TC) - Ward No.15,2026-27,13,2026-01-24 12:44:51.22,,101,1002,10168,kys_by_year,2026-09-04T23:16:33+00:00
01022005001,GIRLS MIDDLE SCHOOL KHAIPORA BALA,01,JAMMU & KASHMIR,0102,BARAMULLA,010220,TANGMARG,KHAIPORA,M/S HOOM,Primary with Upper Primary,Department of Education,3-Co-educational,Rural,Operational,193402,34.120161,74.433224,2026-09-02T17:02:56,1004989,0,Operational,,,2,50,0,0,50,0,1,8,2,1,Department of Education,Department of Education,1,1,3,3-Co-educational,1,KHAIPORA BALA TANGMARG KMR,gmskhaiporabala[at]gmail[dot]com,010220050,1007293,0102200009,1001026,1,7010,Khaipora,241970,2609,Khaipora Bala,Khaipora,,,,,2026-27,13,2026-02-02 14:21:22.502,,101,1002,10182,kys_by_year,2026-09-04T23:16:33+00:00
01021603201,GIRLS MIDDLE SCHOOL KHAITANGAN,01,JAMMU & KASHMIR,0102,BARAMULLA,010216,SINGHPORA (KALAN),KHAITAINGAN,HSS KHAITANGAN,Primary with Upper Primary,Department of Education,3-Co-educational,Rural,Operational,193103,34.1883,74.4027,2026-09-02T17:02:56,1000856,0,Operational,,,2,50,0,0,50,0,1,8,2,1,Department of Education,Department of Education,1,1,3,3-Co-educational,1,village - Khaitangan,Govtmiddleschool356[at]gmail[dot]com,010216032,1008511,0102160010,1001005,1,22,Baramulla,242438,2421,Khaitangan,Khaitangan,,,,,2026-27,13,2026-01-27 19:53:19.071,,101,1002,10179,kys_by_year,2026-09-04T23:16:34+00:00
01020202501,GIRLS MIDDLE SCHOOL KHANPORA,01,JAMMU & KASHMIR,0102,BARAMULLA,010202,BARAMULLA,Khanpora A  WARD NO 11,GMS KHANPORA,Primary with Upper Primary,Department of Education,3-Co-educational,Urban,Operational,193101,34.2085,74.3327,2026-09-02T17:02:56,1003057,0,Operational,,,2,50,0,0,50,0,1,8,2,1,Department of Education,Department of Education,1,1,3,3-Co-educational,2,lower Mohalla Khanpora Baramulla,gmskhanpora920[at]gmail[dot]com,010202025,1008613,0102020007,1001115,1,0,,,,,,248151,Municipal Council Baramulla-Notified Area Council,67973,Baramula (TC) - Ward No.11,2026-27,13,2026-01-24 12:42:54.068,,101,1002,10168,kys_by_year,2026-09-04T23:16:34+00:00
01020203501,GIRLS MIDDLE SCHOOL KHAWAJA BAGH,01,JAMMU & KASHMIR,0102,BARAMULLA,010202,BARAMULLA,KHAWAJA BAGH BLA,GMS K-BAGH,Primary with Upper Primary,Department of Education,3-Co-educational,Urban,Operational,193103,34.217,74.372,2026-09-02T17:02:56,1003074,0,Operational,,,2,50,0,0,50,0,1,8,2,1,Department of Education,Department of Education,1,1,3,3-Co-educational,2,kHAWAJABAGH BARAMULLA KMR,gmskhwajabag[at]gmail[dot]com,010202035,1008623,0102020008,1001116,1,0,,,,,,248151,Municipal Council Baramulla-Notified Area Council,67982,Takia Sultan (OG) - Ward No.20,2026-27,13,2026-01-24 12:48:01.132,,101,1002,10168,kys_by_year,2026-09-04T23:16:34+00:00
01021203601,GIRLS MIDDLE SCHOOL KRALPORA,01,JAMMU & KASHMIR,0102,BARAMULLA,010212,NEHALPORA,KRALPORA,BMS MAHMOOD PORA,Primary with Upper Primary,Department of Education,3-Co-educational,Rural,Operational,193404,34.134,74.484,2026-09-02T17:02:56,1004113,0,Operational,,,2,50,0,0,50,0,1,8,2,1,Department of Education,Department of Education,1,1,3,3-Co-educational,1,KRALPORA KUNZER BARAMULLA,miraltaf832[at]gmail[dot]com,010212036,1008753,0102120001,1000962,1,7019,Wailoo,241834,2340,Wailoo Kralpora,Kralpora,,,,,2026-27,13,2025-03-05 11:53:18.969,,101,1002,10176,kys_by_year,2026-09-04T23:16:35+00:00
01021803301,GIRLS MIDDLE SCHOOL KRANKSHIVAN,01,JAMMU & KASHMIR,0102,BARAMULLA,010218,SOPORE,KRANKSHIVAN,CHANKHAN,Primary with Upper Primary,Department of Education,3-Co-educational,Rural,Operational,193201,34.2051,74.3426,2026-09-02T17:02:56,1004854,0,Operational,,,2,50,0,0,50,0,1,8,2,1,Department of Education,Department of Education,1,1,3,3-Co-educational,1,KRANKSHIVAN SOPORE BARAMULLA,gmskrankshivan[at]gmail[dot]com,010218033,1002510,0102180009,1001108,1,7016,Sangrama,241950,2221,Krank Shivan,Krankshivan,,,,,2026-27,13,2026-01-29 12:29:12.129,,101,1002,10181,kys_by_year,2026-09-04T23:16:35+00:00
01021700805,GIRLS MIDDLE SCHOOL KRIPALPORA SARI,01,JAMMU & KASHMIR,0102,BARAMULLA,010217,SINGHPORA PATTAN,SINGHPORA,GMS HANJIWERA,Primary with Upper Primary,Department of Education,3-Co-educational,Rural,Operational,193121,34.150391,74.614602,2026-09-02T17:02:56,1004579,0,Operational,,,2,50,0,0,50,0,1,8,2,1,Department of Education,Department of Education,1,1,3,3-Co-educational,1,KP SARI SINGHPORA PATTAN 193121,gmskpsari[at]gmail[dot]com,010217008,1007210,0102170008,1001017,1,30,Singhpora,241917,2356,Mati Pora,Kp Sari,,,,,2026-27,13,2026-01-25 20:07:16.32,,101,1002,10180,kys_by_year,2026-09-04T23:16:35+00:00
01021000402,GIRLS MIDDLE SCHOOL KUNDI,01,JAMMU & KASHMIR,0102,BARAMULLA,010210,JHULLA,KHUNDI BIRJALLA,C1 HS SHAHDARA,Primary with Upper Primary,Department of Education,3-Co-educational,Rural,Operational,193123,34.126652,73.973931,2026-09-02T17:02:56,1003798,0,Operational,,,2,50,0,0,50,0,1,8,2,1,Department of Education,Department of Education,1,1,3,3-Co-educational,1,"KUNDI BIRJALLA, URI, BARAMULLA",gmskundi22[at]gmail[dot]com,010210004,1008404,0102100001,1001091,1,7015,Paranpeela,241995,2515,Kandi Brajala,Kundibarjal,,,,,2026-27,13,2026-08-01 14:00:58.07,,101,1002,10174,kys_by_year,2026-09-04T23:16:36+00:00
01020703603,GIRLS MIDDLE SCHOOL LARRIDORA,01,JAMMU & KASHMIR,0102,BARAMULLA,010207,FATEHGRAH,LALPORA LARIDOORA,BMS DANGERPORA,Primary with Upper Primary,Department of Education,3-Co-educational,Rural,Operational,193101,34.1381,74.3516,2026-09-02T17:02:56,1003773,0,Operational,,,2,50,0,0,50,0,1,8,2,1,Department of Education,Department of Education,1,1,3,3-Co-educational,1,JAMMIA MOHALLA LALPORA LARRIDORA,Sameerkhanskr357[at]gmail[dot]com,010207036,1008673,0102070007,1001088,1,7013,Narwah,241206,2448,Lalpora,Laridora,,,,,2026-27,13,2026-01-31 11:17:56.431,,101,1002,10173,kys_by_year,2026-09-04T23:16:36+00:00
01020600301,GIRLS MIDDLE SCHOOL MALGONIPORA,01,JAMMU & KASHMIR,0102,BARAMULLA,010206,DANGIWACHA,MALGONIPORA,BEHRAMPORA C1,Primary with Upper Primary,Department of Education,3-Co-educational,Rural,Operational,193303,34.3394,74.4037,2026-09-02T17:02:56,1003582,0,Operational,,,2,50,0,0,50,0,1,8,2,1,Department of Education,Department of Education,1,1,3,3-Co-educational,1,Malgonipora watergam ,gmsmmalgonipora[at]gmail[dot]com,010206003,1008339,0102060001,1001072,1,28,Rafiabad,242429,2235,Malagonipora,Malganipora,,,,,2026-27,13,2026-02-01 22:05:36.881,,101,1002,10172,kys_by_year,2026-09-04T23:16:36+00:00
01020401806,"GIRLS MIDDLE SCHOOL, MARTYR RFN MOHAMMAD SAFEER KHAN , MAIDANAN URANBOHA CHANDANWARI",01,JAMMU & KASHMIR,0102,BARAMULLA,010204,CHANDANWARI,URAN BOHA,BMS URANBOHA,Primary with Upper Primary,Department of Education,3-Co-educational,Rural,Operational,193122,34.1423,74.1196,2026-09-02T17:02:56,1003324,0,Operational,,,2,50,0,0,50,0,1,8,2,1,Department of Education,Department of Education,1,1,3,3-Co-educational,1,Uranboha Chandanwari Boniyar,gmschandanwari[at]gmail[dot]com,010204018,1008698,0102040008,1001061,1,23,Boniyar,241804,2582,Uranbowa,Uranbowa,,,,,2026-27,13,2026-01-28 13:57:13.461,,101,1002,10170,kys_by_year,2026-09-04T23:16:37+00:00
01020401505,GIRLS MIDDLE SCHOOL MIR MOHALLA MAYAN,01,JAMMU & KASHMIR,0102,BARAMULLA,010204,CHANDANWARI,MAYAN,MS MUQAM PEERAN,Primary with Upper Primary,Department of Education,3-Co-educational,Rural,Operational,193122,34.1796,74.051,2026-09-02T17:02:56,1003302,0,Operational,,,2,50,0,0,50,0,1,8,2,1,Department of Education,Department of Education,1,1,3,3-Co-educational,1,Mayan Tehsil Boniyar,mayangms053[at]gmail[dot]com,010204015,1008695,0102040006,1001059,1,7006,Bijhama,241786,2552,Mayan,Muqamprina,,,,,2026-27,13,2026-01-28 13:46:01.75,,101,1002,10170,kys_by_year,2026-09-04T23:16:37+00:00
01022000202,GIRLS MIDDLE SCHOOL MOHAYAN,01,JAMMU & KASHMIR,0102,BARAMULLA,010220,TANGMARG,MOHAYAN,GMS FEROZPORA,Primary with Upper Primary,Department of Education,3-Co-educational,Rural,Operational,193402,34.051,74.422,2026-09-02T17:02:56,1004868,0,Operational,,,2,50,0,0,50,0,1,8,2,1,Department of Education,Department of Education,1,1,3,3-Co-educational,1,MOHYAN FEROZORA TANGMARG KMR,GMSMAHYAN01[at]GMAIL[dot]COM,010220002,1007247,0102200001,1001018,1,33,Tangmarag,241966,2672,Feroz Pora,Mohiyen,,,,,2026-27,13,2026-01-30 19:54:51.676,,101,1002,10182,kys_by_year,2026-09-04T23:16:37+00:00
01022005004,GIRLS MIDDLE SCHOOL MUGALPORA,01,JAMMU & KASHMIR,0102,BARAMULLA,010220,TANGMARG,KHAIPORA,M/S HOOM,Primary with Upper Primary,Department of Education,3-Co-educational,Rural,Operational,193402,34.218028,74.449441,2026-09-02T17:02:56,1004991,0,Operational,,,2,50,0,0,50,0,1,8,2,1,Department of Education,Department of Education,1,1,3,3-Co-educational,1,MUGHALPORA TANGMARG KMR,gmsmughalpora[at]gmail[dot]com,010220050,1007293,0102200009,1001026,1,7010,Khaipora,241971,2606,Mugalpora,Mughalpora,,,,,2026-27,13,2026-01-30 22:08:47.145,,101,1002,10182,kys_by_year,2026-09-04T23:16:38+00:00
01020202601,GIRLS MIDDLE SCHOOL NAI BASTI,01,JAMMU & KASHMIR,0102,BARAMULLA,010202,BARAMULLA,Noorbagh WARD NO 14,GMS KHANPORA,Primary with Upper Primary,Department of Education,3-Co-educational,Urban,Operational,193101,34.1942,74.3437,2026-09-02T17:02:56,1003062,0,Operational,,,2,50,0,0,50,0,1,8,2,1,Department of Education,Department of Education,1,1,3,3-Co-educational,2,Nai Basti Kanlibagh Baramulla,gmsnaibasti2022[at]gmail[dot]com,010202026,1008614,0102020007,1001115,1,0,,,,,,248151,Municipal Council Baramulla-Notified Area Council,67976,Baramula (TC) - Ward No.14,2026-27,13,2026-01-24 12:45:06.995,,101,1002,10168,kys_by_year,2026-09-04T23:16:38+00:00
01020401204,GIRLS MIDDLE SCHOOL NAJAR MOHALLA BIJHAMA,01,JAMMU & KASHMIR,0102,BARAMULLA,010204,CHANDANWARI,BIJHAMA,GMS BIJHAMA,Primary with Upper Primary,Department of Education,3-Co-educational,Rural,Operational,193122,34.164,74.0906,2026-09-02T17:02:56,1003288,0,Operational,,,2,50,0,0,50,0,1,8,2,1,Department of Education,Department of Education,1,1,3,3-Co-educational,1,Bijhama Tehsil Boniyar,abwaheedshah58[at]gmail[dot]com,010204012,1008692,0102040004,1001057,1,7006,Bijhama,288827,2556,Bijhama,Bijhama B,,,,,2026-27,13,2026-01-28 13:41:04.531,,101,1002,10170,kys_by_year,2026-09-04T23:16:38+00:00
01021204304,GIRLS MIDDLE SCHOOL NEHALPORA,01,JAMMU & KASHMIR,0102,BARAMULLA,010212,NEHALPORA,NEHALPORA,BMS NEHALPORA,Primary with Upper Primary,Department of Education,3-Co-educational,Rural,Operational,193121,34.1491,74.528,2026-09-02T17:02:56,1004134,0,Operational,,,2,50,0,0,50,0,1,8,2,1,Department of Education,Department of Education,1,1,3,3-Co-educational,1,NEHALPORA PATTAN BARAMULLA,gmsnehalpora29[at]gmail[dot]com,010212043,1008759,0102120005,1000966,1,27,Pattan,241856,2348,Nehalpora,Nihalpora-B,,,,,2026-27,13,2026-01-28 14:18:19.868,,101,1002,10176,kys_by_year,2026-09-04T23:16:39+00:00
01021802701,GIRLS MIDDLE SCHOOL NEHARPORA,01,JAMMU & KASHMIR,0102,BARAMULLA,010218,SOPORE,NEHAR PORA,NOWPORA,Primary with Upper Primary,Department of Education,3-Co-educational,Urban,Operational,193201,34.2876,74.449,2026-09-02T17:02:56,1004786,0,Operational,,,2,50,0,0,50,0,1,8,2,1,Department of Education,Department of Education,1,1,3,3-Co-educational,2,BAGH I REHMAT IQBAL NAGAR SOPORE BARAMULLA,govtmiddleschoolneharporasopor[at]gmail[dot]com,010218027,1007317,0102180004,1001103,1,0,,,,,,248149,Municipal Council Sopore-Notified Area Council,67906,Sopore (TC) - Ward No.10,2026-27,13,2025-03-02 23:47:02.57,,101,1002,10181,kys_by_year,2026-09-04T23:16:39+00:00
01020205401,GIRLS MIDDLE SCHOOL NOWGAM,01,JAMMU & KASHMIR,0102,BARAMULLA,010202,BARAMULLA,NOWGAM,CHAKLOO BLA,Primary with Upper Primary,Department of Education,3-Co-educational,Rural,Operational,193301,34.2749,74.3756,2026-09-02T17:02:56,1003133,0,Operational,,,2,50,0,0,50,0,1,8,2,1,Department of Education,Department of Education,1,1,3,3-Co-educational,1,Nowgam Rafiabad Baramulla,gmsnowgam18[at]gmail[dot]com,010202054,1008642,0102020001,1001109,1,7012,Nadihal,241217,2411,Nowgam,Sadipora,,,,,2026-27,13,2025-03-03 13:20:41.303,,101,1002,10168,kys_by_year,2026-09-04T23:16:39+00:00
01021103902,GIRLS MIDDLE SCHOOL OGMUNA,01,JAMMU & KASHMIR,0102,BARAMULLA,010211,KUNZAR,OGMUNA,MS OGMUNA,Primary with Upper Primary,Department of Education,3-Co-educational,Rural,Operational,193404,34.0793,74.4908,2026-09-02T17:02:56,1003949,0,Operational,,,2,50,0,0,50,0,1,8,2,1,Department of Education,Department of Education,1,1,3,3-Co-educational,1,OGMUNA KUNZER BARAMULLA,syedrazia46[at]gmail[dot]com,010211039,1008460,0102110006,1001128,1,26,Kunzer,241821,2688,Ogmona,Ogmuna,,,,,2026-27,13,2026-01-25 21:54:47.248,,101,1002,10175,kys_by_year,2026-09-04T23:16:40+00:00
01021301403,GIRLS MIDDLE SCHOOL PALHALLAN,01,JAMMU & KASHMIR,0102,BARAMULLA,010213,PATTAN,PALHALLAN,GMS PALHALLAN,Primary with Upper Primary,Department of Education,3-Co-educational,Rural,Operational,193121,34.1754,74.5434,2026-09-02T17:02:56,1004227,0,Operational,,,2,50,0,0,50,0,1,8,2,1,Department of Education,Department of Education,1,1,3,3-Co-educational,1,NEW COLONY PALHALLAN PATTAN BARAMULLA,gmspalhallan786[at]gmail[dot]com,010213014,1008784,0102130005,1000957,1,27,Pattan,241877,2329,Palhallan,Palhalan-B,,,,,2026-27,13,2026-01-25 12:56:17.813,,101,1002,10177,kys_by_year,2026-09-04T23:16:40+00:00
01021505101,GIRLS MIDDLE SCHOOL PARAYPORA,01,JAMMU & KASHMIR,0102,BARAMULLA,010215,ROHAMA,PARRAYPORA,GMS HADIPORA,Primary with Upper Primary,Department of Education,3-Co-educational,Rural,Operational,193301,34.2942,74.4005,2026-09-02T17:02:56,1004474,0,Operational,,,2,50,0,0,50,0,1,8,2,1,Department of Education,Department of Education,1,1,3,3-Co-educational,1,Govt. Middle School Paraypora Rafiabad,gmsparaypora786[at]gmail[dot]com,010215051,1007173,0102150013,1000989,1,29,Rohama,241887,2241,Parrypora,Parraypora,,,,,2026-27,13,2026-01-22 20:01:59.751,,101,1002,10178,kys_by_year,2026-09-04T23:16:40+00:00
01021803032,GIRLS MIDDLE SCHOOL PIRMOHALLA,01,JAMMU & KASHMIR,0102,BARAMULLA,010218,SOPORE,SOPORE,GMS BABAYOUSUF,Primary with Upper Primary,Department of Education,3-Co-educational,Urban,Operational,193201,34.2876,74.4492,2026-09-02T17:02:56,1004798,0,Operational,,,2,50,0,0,50,0,1,8,2,1,Department of Education,Department of Education,1,1,3,3-Co-educational,2,CHAN KHAN SOPORE BARAMULLA,gmspirmohalla[at]gmail[dot]com,010218030,1002508,0102180002,1001101,1,0,,,,,,248149,Municipal Council Sopore-Notified Area Council,67900,Sopore (TC) - Ward No.3,2026-27,13,2025-03-03 00:06:33.118,,101,1002,10181,kys_by_year,2026-09-04T23:16:41+00:00
01021301320,GIRLS MIDDLE SCHOOL POSHWANI,01,JAMMU & KASHMIR,0102,BARAMULLA,010213,PATTAN,PATTAN,BMS PATTAN,Primary with Upper Primary,Department of Education,3-Co-educational,Urban,Operational,193121,34.1754,74.5436,2026-09-02T17:02:56,1004225,0,Operational,,,2,50,0,0,50,0,1,8,2,1,Department of Education,Department of Education,1,1,3,3-Co-educational,2,POSHWANI PATTAN BARAMULLA,gmsposwani[at]gmail[dot]com,010213013,1007993,0102130004,1000956,1,0,,,,,,248150,Municipal Committee Pattan-Municipality,10025,Pattan (NAC) - Ward No.1,2026-27,13,2026-01-25 12:56:02.168,,101,1002,10177,kys_by_year,2026-09-04T23:16:41+00:00
01022102501,GIRLS MIDDLE SCHOOL POWDAIN THAJAL,01,JAMMU & KASHMIR,0102,BARAMULLA,010221,URI,PAWADIAN,BMS TILAWARI,Primary with Upper Primary,Department of Education,3-Co-educational,Rural,Operational,193123,34.07,74.062,2026-09-02T17:02:56,1005135,0,Operational,,,2,50,0,0,50,0,1,8,2,1,Department of Education,Department of Education,1,1,3,3-Co-educational,1,Govt.Girls Middle school Powdian,gmspawdianuri[at]gmail[dot]com,010221025,1008235,0102210004,1001031,1,34,Uri,242004,2543,Thajal,Thajal,,,,,2026-27,13,2025-05-06 12:07:19.731,,101,1002,10183,kys_by_year,2026-09-04T23:16:41+00:00
01020204001,GIRLS MIDDLE SCHOOL RAMGHAT,01,JAMMU & KASHMIR,0102,BARAMULLA,010202,BARAMULLA,Mir Shahib WARD NO 06,GMS RAMGHAT,Primary with Upper Primary,Department of Education,3-Co-educational,Urban,Operational,193101,34.2134,74.333,2026-09-02T17:02:56,1003090,0,Operational,,,2,50,0,0,50,0,1,8,2,1,Department of Education,Department of Education,1,1,3,3-Co-educational,2,MOHALLA MIR SAHIB BARAMULLA,GMSRAMGHATBLA[at]GMAIL[dot]COM,010202040,1008628,0102020011,1001119,1,0,,,,,,248151,Municipal Council Baramulla-Notified Area Council,67968,Baramula (TC) - Ward No.6,2026-27,13,2026-01-24 12:46:28.887,,101,1002,10168,kys_by_year,2026-09-04T23:16:42+00:00
01020401701,GIRLS MIDDLE SCHOOL RAWATHPORA LACHIPORA,01,JAMMU & KASHMIR,0102,BARAMULLA,010204,CHANDANWARI,LACHIPORA,MS GAWAS,Primary with Upper Primary,Department of Education,3-Co-educational,Rural,Operational,193122,34.1808,74.0819,2026-09-02T17:02:56,1003309,0,Operational,,,2,50,0,0,50,0,1,8,2,1,Department of Education,Department of Education,1,1,3,3-Co-educational,1, Sherwanipora lachipora,gmslachipora[at]gmail[dot]com,010204017,1008697,0102040005,1001058,1,7006,Bijhama,241784,2557,Sheer Wanipora,Lachipora A,,,,,2026-27,13,2026-01-28 13:44:07.849,,101,1002,10170,kys_by_year,2026-09-04T23:16:42+00:00
01020602202,GIRLS MIDDLE SCHOOL RAWOOCHA,01,JAMMU & KASHMIR,0102,BARAMULLA,010206,DANGIWACHA,RAWOOCHA,RAWOOCHA C5,Primary with Upper Primary,Department of Education,3-Co-educational,Rural,Operational,193303,34.3097,74.3302,2026-09-02T17:02:56,1003635,0,Operational,,,2,50,0,0,50,0,1,8,2,1,Department of Education,Department of Education,1,1,3,3-Co-educational,1,RAWOOCHA RAFIABAD BARAMULLA ,gmsrrawoocha2022[at]gmail[dot]com,010206022,1008357,0102060005,1001076,1,28,Rafiabad,242417,2257,Rawoocha,Rawoocha,,,,,2026-27,13,2026-02-01 22:29:11.042,,101,1002,10172,kys_by_year,2026-09-04T23:16:42+00:00
01021503702,GIRLS MIDDLE SCHOOL REBAN,01,JAMMU & KASHMIR,0102,BARAMULLA,010215,ROHAMA,REBAN,GMS HADIPORA,Primary with Upper Primary,Department of Education,3-Co-educational,Rural,Operational,193301,34.2993,74.4135,2026-09-02T17:02:56,1004437,0,Operational,,,2,50,0,0,50,0,1,8,2,1,Department of Education,Department of Education,1,1,3,3-Co-educational,1,Reban Rafiabad Baramulla,gmsreban2005[at]gmail[dot]com,010215037,1007159,0102150013,1000989,1,29,Rohama,241890,936678,Reban,Reban A,,,,,2026-27,13,2026-01-22 20:16:43.789,,101,1002,10178,kys_by_year,2026-09-04T23:16:43+00:00
01020600602,GIRLS MIDDLE SCHOOL REHMATABAD,01,JAMMU & KASHMIR,0102,BARAMULLA,010206,DANGIWACHA,REHMAT ABAD,HIB C2,Primary with Upper Primary,Department of Education,3-Co-educational,Urban,Operational,193301,34.3143,74.3994,2026-09-02T17:02:56,1003591,0,Operational,,,2,50,0,0,50,0,1,8,2,1,Department of Education,Department of Education,1,1,3,3-Co-educational,2,GMS rehmatabad zone Dangiwacha,rehmatabadgms[at]gmail[dot]com,010206006,1008342,0102060002,1001073,1,28,Rafiabad,,,,,296985,Municipal Committee Watergam,2241520,Watergam (MC) - Ward No.10,2026-27,13,2026-02-01 22:19:12.259,,101,1002,10172,kys_by_year,2026-09-04T23:16:43+00:00
01021702901,GIRLS MIDDLE SCHOOL RESHIPORA,01,JAMMU & KASHMIR,0102,BARAMULLA,010217,SINGHPORA PATTAN,RESHIPORA,HS T K BALA,Primary with Upper Primary,Department of Education,3-Co-educational,Rural,Operational,193121,34.146505,74.601914,2026-09-02T17:02:56,1004636,0,Operational,,,2,50,0,0,50,0,1,8,2,1,Department of Education,Department of Education,1,1,3,3-Co-educational,1,RESHIPORA HANJIWARA SINGHPORA PATTAN 193121,gmsreshipora24[at]gmail[dot]com,010217029,1008186,0102170006,1001015,1,30,Singhpora,288837,2374,Hanjiwara,Hanjiwera B,,,,,2026-27,13,2026-01-25 20:21:31.511,,101,1002,10180,kys_by_year,2026-09-04T23:16:43+00:00
01021301439,GIRLS MIDDLE SCHOOL SADERBAL,01,JAMMU & KASHMIR,0102,BARAMULLA,010213,PATTAN,PALHALLAN,GMS PALHALLAN,Primary with Upper Primary,Department of Education,3-Co-educational,Rural,Operational,193121,34.172662,74.548342,2026-09-02T17:02:56,1004252,0,Operational,,,2,50,0,0,50,0,1,8,2,1,Department of Education,Department of Education,1,1,3,3-Co-educational,1,SADRABAL PATTAN BARAMULLA,Gmssaderbal321[at]gmail[dot]com,010213014,1008784,0102130005,1000957,1,27,Pattan,241880,2351,Saderbal,Palhalan-E,,,,,2026-27,13,2026-01-25 12:58:33.488,,101,1002,10177,kys_by_year,2026-09-04T23:16:44+00:00
01020200202,GIRLS MIDDLE SCHOOL SADIPORA,01,JAMMU & KASHMIR,0102,BARAMULLA,010202,BARAMULLA,SAIDIPORA,CHAKLOO BLA,Primary with Upper Primary,Department of Education,3-Co-educational,Rural,Operational,193301,34.2254,74.4046,2026-09-02T17:02:56,1003006,0,Operational,,,2,50,0,0,50,0,1,8,2,1,Department of Education,Department of Education,1,1,3,3-Co-educational,1,Sadipora Rafiabad Baramulla,gmssadipora[at]gmail[dot]com,010202053,1008641,0102020001,1001109,1,7012,Nadihal,241217,2412,Sadipora,Sadipora,,,,,2026-27,13,2025-03-03 13:11:11.248,,101,1002,10168,kys_by_year,2026-09-04T23:16:44+00:00
01021500101,GIRLS MIDDLE SCHOOL SAILKOTE,01,JAMMU & KASHMIR,0102,BARAMULLA,010215,ROHAMA,SAILKOTE,SAILKOTE,Primary with Upper Primary,Department of Education,3-Co-educational,Rural,Operational,193301,34.2562,74.2676,2026-09-02T17:02:56,1004338,0,Operational,,,2,50,0,0,50,0,1,8,2,1,Department of Education,Department of Education,1,1,3,3-Co-educational,1,Sangral Mohalla Sailkote,gmssailkote321[at]gmail[dot]com,010215001,1007128,0102150001,1000978,1,29,Rohama,241894,2288,Sail Kote,Sailikote,,,,,2026-27,13,2025-03-03 11:52:22.355,,101,1002,10178,kys_by_year,2026-09-04T23:16:44+00:00
01020501510,GIRLS MIDDLE SCHOOL SALIPORA DANGERPORA,01,JAMMU & KASHMIR,0102,BARAMULLA,010205,DANGERPORA,DANGERPORA,C3 BHS BRAT KALAN,Primary with Upper Primary,Department of Education,3-Co-educational,Rural,Operational,193201,34.3681,74.5164,2026-09-02T17:02:56,1003421,0,Operational,,,2,50,0,0,50,0,1,8,2,1,Department of Education,Department of Education,1,1,3,3-Co-educational,1,DANGERPORA SOPORE BLA,mssaliporadangerpora[at]gmail[dot]com,010205015,1008295,0102050003,1001066,1,36,Zaingeer,242029,2205,Dangarpora,Dangerpora B,,,,,2026-27,13,2026-01-25 18:52:31.308,,101,1002,10171,kys_by_year,2026-09-04T23:16:45+00:00
01022203402,GIRLS MIDDLE SCHOOL SALOOSA,01,JAMMU & KASHMIR,0102,BARAMULLA,010222,WAGOORA,SALOOSA,SALOOSA,Primary with Upper Primary,Department of Education,3-Co-educational,Rural,Operational,193108,34.1939,74.4553,2026-09-02T17:02:56,1005229,0,Operational,,,2,50,0,0,50,0,1,8,2,1,Department of Education,Department of Education,1,1,3,3-Co-educational,1,SALOOSA Kreeri Baramulla ,Gmssaloosa[at]gmail[dot]com,010222034,1008241,0102220007,1001041,1,35,Wagoora,242452,2455,Saloosa,Saloosa,,,,,2026-27,13,2026-01-22 20:52:00.126,,101,1002,10184,kys_by_year,2026-09-04T23:16:45+00:00
01020400404,GIRLS MIDDLE SCHOOL SARAN SALAMABAD DACHANA,01,JAMMU & KASHMIR,0102,BARAMULLA,010204,CHANDANWARI,SALAMABAD DACHINA,GPS SALAM ABAD,Primary with Upper Primary,Department of Education,3-Co-educational,Rural,Operational,193122,34.1785,74.1299,2026-09-02T17:02:56,1003255,0,Operational,,,2,50,0,0,50,0,1,8,2,1,Department of Education,Department of Education,1,1,3,3-Co-educational,1,Saran salamabad dechina,,010204004,1008686,0102040009,1001062,1,7006,Bijhama,241788,2559,Salamabad Dachhna,Salamabad Dachina A,,,,,2026-27,13,2026-01-28 12:52:05.785,,101,1002,10170,kys_by_year,2026-09-04T23:16:45+00:00
01020501801,GIRLS MIDDLE SCHOOL SEELU,01,JAMMU & KASHMIR,0102,BARAMULLA,010205,DANGERPORA,SEELU,C4,Primary with Upper Primary,Department of Education,3-Co-educational,Rural,Operational,193201,34.3681,74.5164,2026-09-02T17:02:56,1003438,0,Operational,,,2,50,0,0,50,0,1,8,2,1,Department of Education,Department of Education,1,1,3,3-Co-educational,1,G MIDDLE SCHOL SEELU,gmsseelu[at]gmail[dot]com,010205018,1008298,0102050004,1001067,1,31,Sopore,242032,2203,Seeloo,Seeloo,,,,,2026-27,13,2025-03-03 11:27:05.03,,101,1002,10171,kys_by_year,2026-09-04T23:16:46+00:00
01021300602,GIRLS MIDDLE SCHOOL SHEERPORA,01,JAMMU & KASHMIR,0102,BARAMULLA,010213,PATTAN,SHEERPORA,BURAN,Primary with Upper Primary,Department of Education,3-Co-educational,Rural,Operational,193121,34.133112,74.559077,2026-09-02T17:02:56,1004194,0,Operational,,,2,50,0,0,50,0,1,8,2,1,Department of Education,Department of Education,1,1,3,3-Co-educational,1,SHIRPORA PATTAN BARAMULLA,gmsshirpora59[at]gmail[dot]com,010213006,1008778,0102130003,1001986,1,7017,Sherabad Khore,241859,2377,Sheerpora Bangil,Sherpora-B,,,,,2026-27,13,2026-01-25 12:53:17.712,,101,1002,10177,kys_by_year,2026-09-04T23:16:46+00:00
01021704301,GIRLS MIDDLE SCHOOL SHERABAD,01,JAMMU & KASHMIR,0102,BARAMULLA,010217,SINGHPORA PATTAN,SHERABAD,BMS KONGAM DARA,Primary with Upper Primary,Department of Education,3-Co-educational,Rural,Operational,193121,34.1268,74.5716,2026-09-02T17:02:56,1004669,0,Operational,,,2,50,0,0,50,0,1,8,2,1,Department of Education,Department of Education,1,1,3,3-Co-educational,1,SHERABAD SINGHPORA PATTAN ,gmssherabad1[at]gmail[dot]com,010217043,1008199,0102170003,1001012,1,7017,Sherabad Khore,241932,2375,Sheerabad Khoor,Khore,,,,,2026-27,13,2026-01-25 19:14:45.359,,101,1002,10180,kys_by_year,2026-09-04T23:16:47+00:00
01022205301,GIRLS MIDDLE SCHOOL SHIRPORA,01,JAMMU & KASHMIR,0102,BARAMULLA,010222,WAGOORA,SHIRPORA,KAKOTHAL,Primary with Upper Primary,Department of Education,3-Co-educational,Rural,Operational,193402,34.146267,74.448511,2026-09-02T17:02:56,1005275,0,Operational,,,2,50,0,0,50,0,1,8,2,1,Department of Education,Department of Education,1,1,3,3-Co-educational,1,Girls Middle School Shirpora,gmsshirpora786[at]gmail[dot]com,010222053,1008558,0102220012,1001046,1,7010,Khaipora,241972,2604,Harnow Kawcheck,Harnow Kawcheck,,,,,2026-27,13,2026-01-23 12:05:21.837,,101,1002,10184,kys_by_year,2026-09-04T23:16:47+00:00
01020503901,GIRLS MIDDLE SCHOOL SHIVA,01,JAMMU & KASHMIR,0102,BARAMULLA,010205,DANGERPORA,SHIVA,C7 DUROO,Primary with Upper Primary,Department of Education,3-Co-educational,Rural,Operational,193201,34.373982,74.45107,2026-09-02T17:02:56,1003519,0,Operational,,,2,50,0,0,50,0,1,8,2,1,Department of Education,Department of Education,1,1,3,3-Co-educational,1,HARDUSHIVA BLOCK DANGERPORA,gmsshiva786[at]gmail[dot]com,010205039,1008318,0102050007,1001070,1,36,Zaingeer,242045,2231,Hardushiva,Shiva A,,,,,2026-27,13,2026-01-25 18:56:32.496,,101,1002,10171,kys_by_year,2026-09-04T23:16:47+00:00
01021001902,GIRLS MIDDLE SCHOOL SHUDWANI,01,JAMMU & KASHMIR,0102,BARAMULLA,010210,JHULLA,DARDKOTE,C7 HS DARDKOTE,Primary with Upper Primary,Department of Education,3-Co-educational,Rural,Operational,193123,34.1012,73.9806,2026-09-02T17:02:56,1003861,0,Operational,,,2,50,0,0,50,0,1,8,2,1,Department of Education,Department of Education,1,1,3,3-Co-educational,1,"DARDKOTE, URI, BARAMULLA",gmsshudwani9[at]gmail[dot]com,010210019,1007794,0102100007,1001097,1,7015,Paranpeela,241990,2529,Dardkote,Dardkote,,,,,2026-27,13,2026-08-01 13:13:28.573,,101,1002,10174,kys_by_year,2026-09-04T23:16:48+00:00
01021303803,GIRLS MIDDLE SCHOOL SULTANPORA,01,JAMMU & KASHMIR,0102,BARAMULLA,010213,PATTAN,SULTANPORA,GOSHBUGH,Primary with Upper Primary,Department of Education,3-Co-educational,Rural,Operational,193121,34.231065,74.573519,2026-09-02T17:02:56,1004310,0,Operational,,,2,50,0,0,50,0,1,8,2,1,Department of Education,Department of Education,1,1,3,3-Co-educational,1,sultanpora pattan bla. kmr,gmssultanporapattan[at]gmail[dot]com,010213038,1006894,0102130011,1000975,1,27,Pattan,288813,2324,Sultanpora Khoie,Sultanpora C,,,,,2026-27,13,2026-01-25 13:17:27.674,,101,1002,10177,kys_by_year,2026-09-04T23:16:48+00:00
01020604801,GIRLS MIDDLE SCHOOL TANGMULLA,01,JAMMU & KASHMIR,0102,BARAMULLA,010206,DANGIWACHA,TANGMULLA,KANGROOSA,Primary with Upper Primary,Department of Education,3-Co-educational,Rural,Operational,193303,34.2902,74.2466,2026-09-02T17:02:56,1003671,0,Operational,,,2,50,0,0,50,0,1,8,2,1,Department of Education,Department of Education,1,1,3,3-Co-educational,1,"Tangamulla, Rafiabad",gmstangmulla123[at]gmail[dot]com,010206048,1008377,0102060008,1001079,1,7009,Kandi Rafiabad,242408,2276,Tanga Mula,Chatoosa,,,,,2026-27,13,2026-02-01 22:43:20.03,,101,1002,10172,kys_by_year,2026-09-04T23:16:48+00:00
01022005602,GIRLS MIDDLE SCHOOL TANTRAYPORA,01,JAMMU & KASHMIR,0102,BARAMULLA,010220,TANGMARG,TANTRAY PORA,M/S HOOM,Primary with Upper Primary,Department of Education,3-Co-educational,Rural,Operational,193402,34.123905,74.444306,2026-09-02T17:02:56,1005004,0,Operational,,,2,50,0,0,50,0,1,8,2,1,Department of Education,Department of Education,1,1,3,3-Co-educational,1,TANTRAYPORA TANGMARG KMR.,gmstantraypora2005[at]gmail[dot]com,010220056,1007225,0102200009,1001026,1,7010,Khaipora,241970,2616,Tantrapora,Khaipora,,,,,2026-27,13,2026-01-30 21:53:41.317,,101,1002,10182,kys_by_year,2026-09-04T23:16:48+00:00
01021302005,GIRLS MIDDLE SCHOOL TAPPERWARIPORA,01,JAMMU & KASHMIR,0102,BARAMULLA,010213,PATTAN,TAPPER WARIPORA,TAPPER,Primary with Upper Primary,Department of Education,3-Co-educational,Rural,Operational,193121,34.192805,74.50911,2026-09-02T17:02:56,1004260,0,Operational,,,2,50,0,0,50,0,1,8,2,1,Department of Education,Department of Education,1,1,3,3-Co-educational,1,TAPPERWARIPORA PATTAN,gmstapperwaripora5[at]gmail[dot]com,010213020,1007992,0102130007,1000959,1,27,Pattan,241862,2314,Tapper Waripora,Tapper Waripora,,,,,2026-27,13,2026-01-25 13:00:04.671,,101,1002,10177,kys_by_year,2026-09-04T23:16:49+00:00
01021502802,GIRLS MIDDLE SCHOOL TRAGPORA,01,JAMMU & KASHMIR,0102,BARAMULLA,010215,ROHAMA,TREGPORA,GMS TREGPORA,Primary with Upper Primary,Department of Education,3-Co-educational,Rural,Operational,193301,34.279,74.3794,2026-09-02T17:02:56,1004405,0,Operational,,,2,50,0,0,50,0,1,8,2,1,Department of Education,Department of Education,1,1,3,3-Co-educational,1,Tragpora Rohama Rafiabad,gmsttragpora[at]gmail[dot]com,010215028,1007152,0102150009,1000986,1,29,Rohama,241889,2304,Tragapora,Tragpora,,,,,2026-27,13,2026-01-22 20:03:53.331,,101,1002,10178,kys_by_year,2026-09-04T23:16:49+00:00
01021603702,GIRLS MIDDLE SCHOOL UPLINA,01,JAMMU & KASHMIR,0102,BARAMULLA,010216,SINGHPORA (KALAN),UPILNA,UPILNA,Primary with Upper Primary,Department of Education,3-Co-educational,Rural,Operational,193101,34.1989,74.3947,2026-09-02T17:02:56,1004548,0,Operational,,,2,50,0,0,50,0,1,8,2,1,Department of Education,Department of Education,1,1,3,3-Co-educational,1,UPLINA SINGHPORA KALAN BARAMULLA,UPLINAMS21[at]GMAIL[dot]COM,010216037,1008944,0102160014,1001009,1,22,Baramulla,241210,2452,Frastahar,Fresthar,,,,,2026-27,13,2026-01-27 19:53:35.61,,101,1002,10179,kys_by_year,2026-09-04T23:16:50+00:00
01020503907,GIRLS MIDDLE SCHOOL UPPERSHIVA,01,JAMMU & KASHMIR,0102,BARAMULLA,010205,DANGERPORA,SHIVA,C7 DUROO,Primary with Upper Primary,Department of Education,3-Co-educational,Rural,Operational,193201,34.373,74.444616,2026-09-02T17:02:56,1003522,0,Operational,,,2,50,0,0,50,0,1,8,2,1,Department of Education,Department of Education,1,1,3,3-Co-educational,1,UPPERSHIVA HARDUSHIVA ,uppershivagms[at]gmail[dot]com,010205039,1008318,0102050007,1001070,1,36,Zaingeer,242045,2231,Hardushiva,Shiva A,,,,,2026-27,13,2026-01-25 18:56:44.337,,101,1002,10171,kys_by_year,2026-09-04T23:16:50+00:00
01022102306,GIRLS MIDDLE SCHOOL URI,01,JAMMU & KASHMIR,0102,BARAMULLA,010221,URI,URI TOWN,BMS URI,Primary with Upper Primary,Department of Education,3-Co-educational,Urban,Operational,193123,34.0779,74.221,2026-09-02T17:02:56,1005118,0,Operational,,,2,50,0,0,50,0,1,8,2,1,Department of Education,Department of Education,1,1,3,3-Co-educational,2,"Ward 10 ,Uri, Distrct Baramulla",gmsuri123[at]gmail[dot]com,010221023,1008233,0102210003,1001030,1,0,,,,,,248152,Municipal Committee Uri-Municipality,10040,Uri (NAC) - Ward No.3,2026-27,13,2026-01-30 12:30:36.532,,101,1002,10183,kys_by_year,2026-09-04T23:16:50+00:00
01020204502,GIRLS MIDDLE SCHOOL USHKARA,01,JAMMU & KASHMIR,0102,BARAMULLA,010202,BARAMULLA,Ushkura WARD NO 17,MS USHKURA,Primary with Upper Primary,Department of Education,3-Co-educational,Urban,Operational,193101,34.1978,74.3652,2026-09-02T17:02:56,1003113,0,Operational,,,2,50,0,0,50,0,1,8,2,1,Department of Education,Department of Education,1,1,3,3-Co-educational,2,Hyder Mohalla Ushkura,gmsushkura11[at]gmail[dot]com,010202045,1008633,0102020009,1001117,1,0,,,,,,248151,Municipal Council Baramulla-Notified Area Council,67979,Kanis Pora (OG) - Ward No.17,2026-27,13,2026-01-24 12:49:32.946,,101,1002,10168,kys_by_year,2026-09-04T23:16:51+00:00
01021204906,GIRLS MIDDLE SCHOOL WANIGAM PAYEEN,01,JAMMU & KASHMIR,0102,BARAMULLA,010212,NEHALPORA,WANIGAM PAYEEN,MS WANIGAM,Primary with Upper Primary,Department of Education,3-Co-educational,Rural,Operational,193121,34.173,74.5118,2026-09-02T17:02:56,1004158,0,Operational,,,2,50,0,0,50,0,1,8,2,1,Department of Education,Department of Education,1,1,3,3-Co-educational,1,WANIGAM PAYEEN BARAMULLA,Gmszahoor2014[at]gmail[dot]com,010212049,1008761,0102120003,1000964,1,27,Pattan,241853,2332,Wanigam Payeen,Wanigam Payeen A,,,,,2026-27,13,2026-01-28 14:21:06.999,,101,1002,10176,kys_by_year,2026-09-04T23:16:51+00:00
01021501601,GIRLS MIDDLE SCHOOL WANPORA,01,JAMMU & KASHMIR,0102,BARAMULLA,010215,ROHAMA,WANPORA,KUSHIPORA,Primary with Upper Primary,Department of Education,3-Co-educational,Rural,Operational,193301,34.2778,74.3241,2026-09-02T17:02:56,1004378,0,Operational,,,2,50,0,0,50,0,1,8,2,1,Department of Education,Department of Education,1,1,3,3-Co-educational,1,Wanpora Rohama Rafiabad,wanporaschool123[at]gmail[dot]com,010215016,1002476,0102150005,1000982,1,29,Rohama,241902,2297,Wanpora,Wanpora,,,,,2026-27,13,2026-01-22 19:50:47.571,,101,1002,10178,kys_by_year,2026-09-04T23:16:51+00:00
01020605102,GIRLS MIDDLE SCHOOL WARIPORA,01,JAMMU & KASHMIR,0102,BARAMULLA,010206,DANGIWACHA,WARIPORA,RAWOOCHA C5,Primary with Upper Primary,Department of Education,3-Co-educational,Rural,Operational,193303,34.306,74.315,2026-09-02T17:02:56,1003678,0,Operational,,,2,50,0,0,50,0,1,8,2,1,Department of Education,Department of Education,1,1,3,3-Co-educational,1,WARIPORA RAFIABAD TEHSIL DANGIWACHA,gmswaripora[at]gmail[dot]com,010206051,1008380,0102060005,1001076,1,28,Rafiabad,242413,2256,Wari Pora,Chanum,,,,,2026-27,13,2026-02-01 22:50:32.237,,101,1002,10172,kys_by_year,2026-09-04T23:16:52+00:00
01021107401,GIRLS MIDDLE SCHOOL WARIPORA BANGAIL,01,JAMMU & KASHMIR,0102,BARAMULLA,010211,KUNZAR,WARIPORA,MS CHICHILORA,Primary with Upper Primary,Department of Education,3-Co-educational,Rural,Operational,193401,34.0778,74.4835,2026-09-02T17:02:56,1004033,0,Operational,,,2,50,0,0,50,0,1,8,2,1,Department of Education,Department of Education,1,1,3,3-Co-educational,1,waripora kwarhama baramulla,rahirehman56[at]gmail[dot]com,010211074,1008493,0102110009,1001131,1,7011,Lalpora,241815,2405,Waripora Bangil,Waripora Bangil,,,,,2026-27,13,2026-01-25 22:19:04.905,,101,1002,10175,kys_by_year,2026-09-04T23:16:52+00:00
01020501102,GIRLS MIDDLE SCHOOL WARPORA,01,JAMMU & KASHMIR,0102,BARAMULLA,010205,DANGERPORA,WARPORA,C2 GMS WARPORA,Primary with Upper Primary,Department of Education,3-Co-educational,Rural,Operational,193201,34.3681,74.5164,2026-09-02T17:02:56,1003392,0,Operational,,,2,50,0,0,50,0,1,8,2,1,Department of Education,Department of Education,1,1,3,3-Co-educational,1,WARPORA DANGERPORA SOPORE,headmastergmswarpora[at]gmail[dot]com,010205011,1008291,0102050002,1001065,1,36,Zaingeer,242036,2206,Warpora,Warpora A,,,,,2026-27,13,2026-01-25 18:49:26.675,,101,1002,10171,kys_by_year,2026-09-04T23:16:52+00:00
01022004901,GIRLS MIDDLE SCHOOL WATALPORA,01,JAMMU & KASHMIR,0102,BARAMULLA,010220,TANGMARG,WATALPOTA,M/S HOOM,Primary with Upper Primary,Department of Education,3-Co-educational,Rural,Operational,193402,34.111035,74.425618,2026-09-02T17:02:56,1004988,0,Operational,,,2,50,0,0,50,0,1,8,2,1,Department of Education,Department of Education,1,1,3,3-Co-educational,1,WATALPORA TANGMARG KRM,mswatalpora[at]gmail[dot]com,010220049,1007292,0102200009,1001026,1,7010,Khaipora,241973,2611,Watalpora,Hardichloo,,,,,2026-27,13,2026-01-30 21:48:55.385,,101,1002,10182,kys_by_year,2026-09-04T23:16:53+00:00
01021301431,GIRLS MIDDLE SCHOOL YADIPORA,01,JAMMU & KASHMIR,0102,BARAMULLA,010213,PATTAN,PALHALLAN,USSAN KHOIE,Primary with Upper Primary,Department of Education,3-Co-educational,Rural,Operational,193121,34.1831,74.5358,2026-09-02T17:02:56,1004244,0,Operational,,,2,50,0,0,50,0,1,8,2,1,Department of Education,Department of Education,1,1,3,3-Co-educational,1,Yadipora Palhallan Tehsil Pattan,gmsyadipora2008[at]gmail[dot]com,010213014,1008784,0102130013,1000977,1,27,Pattan,241879,2329,Palhallan,Palhalan-D,,,,,2026-27,13,2026-01-25 12:57:37.387,,101,1002,10177,kys_by_year,2026-09-04T23:16:53+00:00
01020504808,GIRLS MIDDLE SCHOOL ZALOORA,01,JAMMU & KASHMIR,0102,BARAMULLA,010205,DANGERPORA,ZALOORA,C8 SAGIPORA,Primary with Upper Primary,Department of Education,3-Co-educational,Rural,Operational,193201,34.3681,74.5164,2026-09-02T17:02:56,1003542,0,Operational,,,2,50,0,0,50,0,1,8,2,1,Department of Education,Department of Education,1,1,3,3-Co-educational,1,ZALOORA ZAINAGEER BARAMULLA,,010205048,1007961,0102050008,1001071,1,7018,Tujjar Sharief,242039,2176,Zaloora,Zaloora B,,,,,2026-27,13,2025-03-03 12:20:10.413,,101,1002,10171,kys_by_year,2026-09-04T23:16:53+00:00
01020605501,GIRLS MIDDLE SCHOOL ZETHAN,01,JAMMU & KASHMIR,0102,BARAMULLA,010206,DANGIWACHA,ZETHAN,ZETHAN,Primary with Upper Primary,Department of Education,3-Co-educational,Rural,Operational,193303,34.3037,74.2668,2026-09-02T17:02:56,1003682,0,Operational,,,2,50,0,0,50,0,1,8,2,1,Department of Education,Department of Education,1,1,3,3-Co-educational,1,Zethan Rafiabad Baramulla ,gmszethan[at]gmail[dot]com,010206055,1008383,0102060007,1001078,1,7009,Kandi Rafiabad,242410,2263,Zethan,Zethan,,,,,2026-27,13,2026-02-01 22:49:06.951,,101,1002,10172,kys_by_year,2026-09-04T23:16:54+00:00
01021705601,GIRLS PRIMARY SCHOOL AMARGRAH,01,JAMMU & KASHMIR,0102,BARAMULLA,010217,SINGHPORA PATTAN,AMARGARH,BMS ARAMPORA,Primary,Department of Education,3-Co-educational,Rural,Operational,193121,34.129754,74.597667,2026-09-02T17:02:56,1004694,0,Operational,,,2,50,0,0,50,0,1,5,1,1,Department of Education,Department of Education,1,1,3,3-Co-educational,1,SHALBONI SINGHPORA PATTAN 193121,gpsamargarh123[at]gmail[dot]com,010217056,1008211,0102170005,1001014,1,30,Singhpora,288818,2356,Mati Pora,K P Payeen B,,,,,2026-27,13,2026-01-25 20:34:06.029,,101,1002,10180,kys_by_year,2026-09-04T23:16:54+00:00
01020605301,GIRLS PRIMARY SCHOOL BABAGUND,01,JAMMU & KASHMIR,0102,BARAMULLA,010206,DANGIWACHA,BABA GUND,BEHRAMPORA C1,Primary,Department of Education,3-Co-educational,Rural,Operational,193303,34.3407,74.4122,2026-09-02T17:02:56,1003681,0,Operational,,,2,50,0,0,50,0,1,5,1,1,Department of Education,Department of Education,1,1,3,3-Co-educational,1,Babagund behrampora watergam,,010206053,1008381,0102060001,1001072,1,28,Rafiabad,242429,2235,Malagonipora,Malganipora,,,,,2026-27,13,2026-02-01 22:49:25.238,,101,1002,10172,kys_by_year,2026-09-04T23:16:54+00:00
01020300301,GIRLS PRIMARY SCHOOL BADIAN,01,JAMMU & KASHMIR,0102,BARAMULLA,010203,BONIYAR,BADIAN,(C1) MADANAN,Primary,Department of Education,3-Co-educational,Rural,Operational,193122,34.0227,74.2012,2026-09-02T17:02:56,1003142,0,Operational,,,2,50,0,0,50,0,1,5,1,1,Department of Education,Department of Education,1,1,3,3-Co-educational,1,Badian Trikanjan Boniyar,Badianps223[at]gmail[dot]com,010203003,1008536,0102030001,1001132,1,23,Boniyar,241811,2599,Badain,Baidan,,,,,2026-27,13,2026-01-27 19:17:10.553,,101,1002,10169,kys_by_year,2026-09-04T23:16:55+00:00
01022101109,GIRLS PRIMARY SCHOOL BALAKOTE,01,JAMMU & KASHMIR,0102,BARAMULLA,010221,URI,BALKOTE,HS BALKOTE,Primary,Department of Education,3-Co-educational,Rural,Operational,193123,34.056,74.0774,2026-09-02T17:02:56,1005060,0,Operational,,,2,50,0,0,50,0,1,5,1,1,Department of Education,Department of Education,1,1,3,3-Co-educational,1,Balkote Uri jamming kashmir,gulzarmir606[at]gmail[dot]com,010221011,1008929,0102210005,1001032,1,34,Uri,242011,2544,Balkote,Balkote,,,,,2026-27,13,2026-01-30 12:16:46.543,,101,1002,10183,kys_by_year,2026-09-04T23:16:55+00:00
01022101101,GIRLS PRIMARY SCHOOL BALKOTE,01,JAMMU & KASHMIR,0102,BARAMULLA,010221,URI,BALKOTE,HS BALKOTE,Primary,Department of Education,3-Co-educational,Rural,Operational,193123,34.0436,74.0784,2026-09-02T17:02:56,1005055,0,Operational,,,2,50,0,0,50,0,1,5,1,1,Department of Education,Department of Education,1,1,3,3-Co-educational,1,Balkote uri baramulla ,,010221011,1008929,0102210005,1001032,1,34,Uri,242011,2544,Balkote,Balkote,,,,,2026-27,13,2025-03-24 22:09:42.194,,101,1002,10183,kys_by_year,2026-09-04T23:16:55+00:00
01020201003,GIRLS PRIMARY SCHOOL BRANWARI (SSA),01,JAMMU & KASHMIR,0102,BARAMULLA,010202,BARAMULLA,KHADINYAR,RAJGHAT,Primary,Department of Education,3-Co-educational,Rural,Operational,193101,34.1994,74.3384,2026-09-02T17:02:56,1003032,0,Operational,,,2,50,0,0,50,0,1,5,1,1,Department of Education,Department of Education,1,1,3,3-Co-educational,1,BRANWARI KHADNIYAR BARAMULLA,gpsbranwari68[at]gmail[dot]com,010202010,1008598,0102020006,1001114,1,22,Baramulla,241188,2428,Khadiniyar,Khadniyar,,,,,2026-27,13,2026-01-24 12:39:11.878,,101,1002,10168,kys_by_year,2026-09-04T23:16:56+00:00
01021700801,Girls Primary School Chan Mohalla ,01,JAMMU & KASHMIR,0102,BARAMULLA,010217,SINGHPORA PATTAN,SINGHPORA,GMS HANJIWERA,Primary,Department of Education,3-Co-educational,Rural,Operational,193121,34.1442,74.6169,2026-09-02T17:02:56,1004577,0,Operational,,,2,50,0,0,50,0,1,5,1,1,Department of Education,Department of Education,1,1,3,3-Co-educational,1,SINGHPORA PATTAN 193121,MASRATJ07[at]gmail[dot]com,010217008,1007210,0102170008,1001017,1,30,Singhpora,241919,2357,Singh Pora,Singhpora,,,,,2026-27,13,2026-01-25 20:08:04.802,,101,1002,10180,kys_by_year,2026-09-04T23:16:56+00:00
01020603602,GIRLS PRIMARY SCHOOL CHATOOSA,01,JAMMU & KASHMIR,0102,BARAMULLA,010206,DANGIWACHA,CHATOOSA,ZETHAN,Primary,Department of Education,3-Co-educational,Rural,Operational,193303,34.2899,74.2569,2026-09-02T17:02:56,1003659,0,Operational,,,2,50,0,0,50,0,1,5,1,1,Department of Education,Department of Education,1,1,3,3-Co-educational,1,Chatoosa Rafiabad baramulla,gpschatoosa602[at]gmail[dot]com,010206036,1008367,0102060007,1001078,1,7009,Kandi Rafiabad,242408,2278,Chatoosa,Chatoosa,,,,,2026-27,13,2026-02-01 22:35:18.717,,101,1002,10172,kys_by_year,2026-09-04T23:16:56+00:00
01022000802,GIRLS PRIMARY SCHOOL CHECK TRERAN,01,JAMMU & KASHMIR,0102,BARAMULLA,010220,TANGMARG,TRERAN,M/S SHRAIE,Primary,Department of Education,3-Co-educational,Rural,Operational,193402,34.057256,74.450937,2026-09-02T17:02:56,1004898,0,Operational,,,2,50,0,0,50,0,1,5,1,1,Department of Education,Department of Education,1,1,3,3-Co-educational,1,CHECK TRERAN TANGMARG KMR,GPSCHECKTRERAN73[at]GMAIL[dot]COM,010220008,1007252,0102200003,1001020,1,33,Tangmarag,241963,2680,Treran,Trairan,,,,,2026-27,13,2026-01-30 20:56:49.132,,101,1002,10182,kys_by_year,2026-09-04T23:16:57+00:00
01021704403,GIRLS PRIMARY SCHOOL CHEKI KHER KHAN,01,JAMMU & KASHMIR,0102,BARAMULLA,010217,SINGHPORA PATTAN,KONGAMDARA,BMS KONGAM DARA,Primary,Department of Education,3-Co-educational,Rural,Operational,193121,34.1268,74.5893,2026-09-02T17:02:56,1004678,0,Operational,,,2,50,0,0,50,0,1,5,1,1,Department of Education,Department of Education,1,1,3,3-Co-educational,1,KUNGAMDARA SINGHPORA PATTAN,,010217044,1008200,0102170003,1001012,1,7017,Sherabad Khore,241929,2373,Mehrajpora (Kungamdara),Kungamdara,,,,,2026-27,13,2025-03-03 11:38:09.468,,101,1002,10180,kys_by_year,2026-09-04T23:16:57+00:00
01020605001,GIRLS PRIMARY SCHOOL DAZNA,01,JAMMU & KASHMIR,0102,BARAMULLA,010206,DANGIWACHA,DAZNA,KANGROOSA,Primary,Department of Education,3-Co-educational,Rural,Operational,193303,34.2856,74.2319,2026-09-02T17:02:56,1003676,0,Operational,,,2,50,0,0,50,0,1,5,1,1,Department of Education,Department of Education,1,1,3,3-Co-educational,1,GPS Dazna zone Dangiwacha Baramulla,gpsdazna[at]gmail[dot]com,010206050,1008379,0102060008,1001079,1,7009,Kandi Rafiabad,242409,2274,Dazna,Pazalpora A,,,,,2026-27,13,2026-02-01 22:49:59.553,,101,1002,10172,kys_by_year,2026-09-04T23:16:58+00:00
01021000802,GIRLS PRIMARY SCHOOL DHANI BAGHRATOO,01,JAMMU & KASHMIR,0102,BARAMULLA,010210,JHULLA,BUSGRAN,C3 MS BUSGRAN,Primary,Department of Education,3-Co-educational,Rural,Operational,193123,34.111247,74.011808,2026-09-02T17:02:56,1003818,0,Operational,,,2,50,0,0,50,0,1,5,1,1,Department of Education,Department of Education,1,1,3,3-Co-educational,1,"BUSGRAN, URI, BARAMULLA",gpsdhanibagrattoo1984[at]gmail[dot]com,010210008,1008408,0102100003,1001093,1,7015,Paranpeela,242007,2510,Busgran,Dachi,,,,,2026-27,13,2026-08-01 13:35:55.896,,101,1002,10174,kys_by_year,2026-09-04T23:16:58+00:00
01021002203,GIRLS PRIMARY SCHOOL DHARIAN,01,JAMMU & KASHMIR,0102,BARAMULLA,010210,JHULLA,GOWALTA,C8 MS UROOSA,Primary,Department of Education,3-Co-educational,Rural,Operational,193123,34.089882,73.925136,2026-09-02T17:02:56,1003880,0,Operational,,,2,50,0,0,50,0,1,5,1,1,Department of Education,Department of Education,1,1,3,3-Co-educational,1,"GOWALTA, URI, BARAMULLA",psdharian2[at]gmail[dot]com,010210022,1008418,0102100008,1001098,1,7015,Paranpeela,241987,2525,Gowaltha,Gawalta,,,,,2026-27,13,2026-08-01 12:46:07.396,,101,1002,10174,kys_by_year,2026-09-04T23:16:58+00:00
01020402104,GIRLS PRIMARY SCHOOL GALI DARAGUTTLAIN,01,JAMMU & KASHMIR,0102,BARAMULLA,010204,CHANDANWARI,DARA GUTLIAN,PS SHUKERLARI,Primary,Department of Education,3-Co-educational,Rural,Operational,193122,34.1349,74.081,2026-09-02T17:02:56,1003331,0,Operational,,,2,50,0,0,50,0,1,5,1,1,Department of Education,Department of Education,1,1,3,3-Co-educational,1,Daraguttlian Tehsil uri,gpsgally[at]gmail[dot]com,010204021,1008700,0102040007,1001060,1,7015,Paranpeela,242010,2504,Daragutliyan,Daragutlian,,,,,2026-27,13,2026-01-28 14:03:09.871,,101,1002,10170,kys_by_year,2026-09-04T23:16:59+00:00
01020700103,GIRLS PRIMARY SCHOOL GANTAMULLA,01,JAMMU & KASHMIR,0102,BARAMULLA,010207,FATEHGRAH,GANTAMULLA BALA,BMS KITCHAMA,Primary,Department of Education,3-Co-educational,Rural,Operational,193101,34.1728,74.2533,2026-09-02T17:02:56,1003698,0,Operational,,,2,50,0,0,50,0,1,5,1,1,Department of Education,Department of Education,1,1,3,3-Co-educational,1,GANTAMULLA BALA NARVAW BARAMULLA,shona.baba2013[at]gmail[dot]com,010207001,1008325,0102070001,1001082,1,7013,Narwah,241195,2433,Gantamulla Bala,Gantamulla Bala,,,,,2026-27,13,2025-03-06 13:09:44.165,,101,1002,10173,kys_by_year,2026-09-04T23:16:59+00:00
01021303001,GIRLS PRIMARY SCHOOL GUNDBAL,01,JAMMU & KASHMIR,0102,BARAMULLA,010213,PATTAN,GUNDBAL,HAMRAY,Primary,Department of Education,3-Co-educational,Rural,Operational,193121,34.211,74.5273,2026-09-02T17:02:56,1004290,0,Operational,,,2,50,0,0,50,0,1,5,1,1,Department of Education,Department of Education,1,1,3,3-Co-educational,1,GUNDBAL ANDERGAM PATTAN BARAMULLA,gpsgundbal2[at]gmail[dot]com,010213030,1006886,0102130009,1000961,1,27,Pattan,241875,2320,Andergam,Indergam,,,,,2026-27,13,2026-01-25 13:04:05.234,,101,1002,10177,kys_by_year,2026-09-04T23:16:59+00:00
01021703001,GIRLS PRIMARY SCHOOL HARTRETH,01,JAMMU & KASHMIR,0102,BARAMULLA,010217,SINGHPORA PATTAN,HARTRAH,GMS KHANPETH,Primary,Department of Education,3-Co-educational,Rural,Operational,193121,34.1498,74.6227,2026-09-02T17:02:56,1004637,0,Operational,,,2,50,0,0,50,0,1,5,1,1,Department of Education,Department of Education,1,1,3,3-Co-educational,1,HARTRETH SINGHPORA PATTAN 193121,gpshartreth2022[at]gmail[dot]com,010217030,1008187,0102170004,1001013,1,30,Singhpora,288817,2358,Hartrath,Khanapeth Haratreth A,,,,,2026-27,13,2026-01-25 20:21:13.882,,101,1002,10180,kys_by_year,2026-09-04T23:17:00+00:00
01020701102,GIRLS PRIMARY SCHOOL HEEWAN,01,JAMMU & KASHMIR,0102,BARAMULLA,010207,FATEHGRAH,SHEERI,GHS HEEWAN,Primary,Department of Education,3-Co-educational,Rural,Operational,193101,34.1777,74.322,2026-09-02T17:02:56,1003730,0,Operational,,,2,50,0,0,50,0,1,5,1,1,Department of Education,Department of Education,1,1,3,3-Co-educational,1,HEEWAN NARVAW BARAMULLA,,010207011,1008653,0102070004,1001085,1,7013,Narwah,241192,2424,Heewan,Heevan B,,,,,2026-27,13,2026-01-31 11:09:12.757,,101,1002,10173,kys_by_year,2026-09-04T23:17:00+00:00
01020204516,GIRLS PRIMARY SCHOOL HILL TOP USHKARA,01,JAMMU & KASHMIR,0102,BARAMULLA,010202,BARAMULLA,Ushkura WARD NO 17,MS USHKURA,Primary,Department of Education,3-Co-educational,Urban,Operational,193101,34.1958,74.3615,2026-09-02T17:02:56,1003119,0,Operational,,,2,50,0,0,50,0,1,5,1,1,Department of Education,Department of Education,1,1,3,3-Co-educational,2,USHKURA BARAMULLA KASHMIR,gpsushkurahilltop[at]gmail[dot]com,010202045,1008633,0102020009,1001117,1,0,,,,,,248151,Municipal Council Baramulla-Notified Area Council,67979,Kanis Pora (OG) - Ward No.17,2026-27,13,2026-01-24 12:38:09.563,,101,1002,10168,kys_by_year,2026-09-04T23:17:00+00:00
01022100203,GIRLS PRIMARY SCHOOL KANDERWAN MOHURA,01,JAMMU & KASHMIR,0102,BARAMULLA,010221,URI,MOHURA,BMS DAWARAN,Primary,Department of Education,3-Co-educational,Rural,Operational,193122,34.0791,74.0559,2026-09-02T17:02:56,1005030,0,Operational,,,2,50,0,0,50,0,1,5,1,1,Department of Education,Department of Education,1,1,3,3-Co-educational,1,Mohura Uri Baramulla JK UT,shabirahmedtantry2468[at]gmail[dot]com,010221002,1005688,0102210001,1001028,1,34,Uri,242017,2581,Mohra,Mohurra,,,,,2026-27,13,2025-03-24 22:03:27.941,,101,1002,10183,kys_by_year,2026-09-04T23:17:01+00:00
01020203201,GIRLS PRIMARY SCHOOL KANTH BAGH,01,JAMMU & KASHMIR,0102,BARAMULLA,010202,BARAMULLA,KANT BAGH WARD-18,GMS K-BAGH,Primary,Department of Education,3-Co-educational,Urban,Operational,193103,34.1978,74.3652,2026-09-02T17:02:56,1003070,0,Operational,,,2,50,0,0,50,0,1,5,1,1,Department of Education,Department of Education,1,1,3,3-Co-educational,2,Kanthbagh Baramulla kmr,gpskanthbagh[at]rgmail[dot]com,010202032,1008620,0102020008,1001116,1,0,,,,,,248151,Municipal Council Baramulla-Notified Area Council,67980,Gotiyar (OG) - Ward No.18,2026-27,13,2026-01-24 12:43:54.264,,101,1002,10168,kys_by_year,2026-09-04T23:17:01+00:00
01020400403,GIRLS PRIMARY SCHOOL KHAWAJA MOHALLA SALAMABAD DACHINA,01,JAMMU & KASHMIR,0102,BARAMULLA,010204,CHANDANWARI,SALAMABAD DACHINA,GPS SALAM ABAD,Primary,Department of Education,3-Co-educational,Rural,Operational,193122,34.1654,74.1334,2026-09-02T17:02:56,1003254,0,Operational,,,2,50,0,0,50,0,1,5,1,1,Department of Education,Department of Education,1,1,3,3-Co-educational,1,Salamabad Dechina uri,gpssalamabad[at]gmail[dot]com,010204004,1008686,0102040009,1001062,1,7006,Bijhama,241789,2559,Salamabad Dachhna,Salamabad Dachina B,,,,,2026-27,13,2026-01-28 12:52:25.098,,101,1002,10170,kys_by_year,2026-09-04T23:17:01+00:00
01020401302,GIRLS PRIMARY SCHOOL KHOJA MOHALLA BRARIPORA,01,JAMMU & KASHMIR,0102,BARAMULLA,010204,CHANDANWARI,BRARIPORA,MS MUQAM PEERAN,Primary,Department of Education,3-Co-educational,Rural,Operational,193122,34.1638,74.09,2026-09-02T17:02:56,1003296,0,Operational,,,2,50,0,0,50,0,1,5,1,1,Department of Education,Department of Education,1,1,3,3-Co-educational,1,BRARIPORA TEHSIL BONIYAR,mirfan61009[at]gmail[dot]com,010204013,1008693,0102040006,1001059,1,7006,Bijhama,241787,2555,Brari Pora,Bijhama A,,,,,2026-27,13,2026-01-28 13:39:24.38,,101,1002,10170,kys_by_year,2026-09-04T23:17:02+00:00
01020700202,GIRLS PRIMARY SCHOOL KITCHAMA,01,JAMMU & KASHMIR,0102,BARAMULLA,010207,FATEHGRAH,KITCHAMA,BMS KITCHAMA,Primary,Department of Education,3-Co-educational,Rural,Operational,193101,34.1783,74.2823,2026-09-02T17:02:56,1003702,0,Operational,,,2,50,0,0,50,0,1,5,1,1,Department of Education,Department of Education,1,1,3,3-Co-educational,1,Kitchama Fatehgarh Baramulla ,gpskitchama9[at]gmail[dot]com,010207002,1008645,0102070001,1001082,1,7013,Narwah,241194,2431,Kitchhama,Kitchama,,,,,2026-27,13,2025-03-06 13:14:20.509,,101,1002,10173,kys_by_year,2026-09-04T23:17:02+00:00
01021105502,GIRLS PRIMARY SCHOOL LALPORA PETHAKAL,01,JAMMU & KASHMIR,0102,BARAMULLA,010211,KUNZAR,LALPORA,MS Mongloora,Primary,Department of Education,3-Co-educational,Rural,Operational,193121,34.0791,74.4917,2026-09-02T17:02:56,1003989,0,Operational,,,2,50,0,0,50,0,1,5,1,1,Department of Education,Department of Education,1,1,3,3-Co-educational,1,GIRLS PRIMERY SCHOOL PETHKHAL,lalporapethkhal[at]gmail[dot]com,010211055,1008476,0102110008,1001130,1,7011,Lalpora,241844,2697,Lalpora,Lalpora B,,,,,2026-27,13,2026-01-25 22:08:38.22,,101,1002,10175,kys_by_year,2026-09-04T23:17:02+00:00
01020401902,GIRLS PRIMARY SCHOOL LONE MOHALLA RAMPORE,01,JAMMU & KASHMIR,0102,BARAMULLA,010204,CHANDANWARI,RAMPUR,BMS URANBOHA,Primary,Department of Education,3-Co-educational,Rural,Operational,193122,34.1415,74.168,2026-09-02T17:02:56,1003327,0,Operational,,,2,50,0,0,50,0,1,5,1,1,Department of Education,Department of Education,1,1,3,3-Co-educational,1,Rampore Tehsil Boniyar,rajurameez[at]gmail[dot]com,010204019,1008699,0102040008,1001061,1,23,Boniyar,241803,2576,Rampora,Boniyar,,,,,2026-27,13,2026-01-28 14:04:36.329,,101,1002,10170,kys_by_year,2026-09-04T23:17:03+00:00
01020401002,GIRLS PRIMARY SCHOOL LOWER GINGAL,01,JAMMU & KASHMIR,0102,BARAMULLA,010204,CHANDANWARI,GINGAL,BMS NOORKHAH,Primary,Department of Education,3-Co-educational,Rural,Operational,193122,34.1331,74.0983,2026-09-02T17:02:56,1003275,0,Operational,,,2,50,0,0,50,0,1,5,1,1,Department of Education,Department of Education,1,1,3,3-Co-educational,1,Lower Gingal Tehsil Uri B,Momanbudoo5628[at]gmail[dot]com,010204010,1008690,0102040003,1001056,1,7015,Paranpeela,242000,2551,Gingal,Gingle A,,,,,2026-27,13,2026-01-28 13:37:37.812,,101,1002,10170,kys_by_year,2026-09-04T23:17:03+00:00
01021704501,GIRLS PRIMARY SCHOOL MEHRAJPORA,01,JAMMU & KASHMIR,0102,BARAMULLA,010217,SINGHPORA PATTAN,MEHRAJ PORA,BMS KONGAM DARA,Primary,Department of Education,3-Co-educational,Rural,Operational,193121,34.1193,74.5941,2026-09-02T17:02:56,1004681,0,Operational,,,2,50,0,0,50,0,1,5,1,1,Department of Education,Department of Education,1,1,3,3-Co-educational,1,MEHRAJPORA KUNGAMDARA SINGHPORA PATTAN,gpsmehrajpora[at]gmail[dot]com,010217045,1008201,0102170003,1001012,1,7017,Sherabad Khore,241929,2373,Mehrajpora (Kungamdara),Kungamdara,,,,,2026-27,13,2025-03-03 11:39:01.706,,101,1002,10180,kys_by_year,2026-09-04T23:17:03+00:00
01021107202,GIRLS PRIMARY SCHOOL MIRGUND,01,JAMMU & KASHMIR,0102,BARAMULLA,010211,KUNZAR,KRESHHAMA,MS KUNZER,Primary,Department of Education,3-Co-educational,Rural,Operational,193121,34.0778,74.4835,2026-09-02T17:02:56,1004028,0,Operational,,,2,50,0,0,50,0,1,5,1,1,Department of Education,Department of Education,1,1,3,3-Co-educational,1,MIRGUND KRESHHAMA KUNZER,bashirnaikoo100[at]gmail[dot]com,010211072,1008491,0102110007,1001129,1,7011,Lalpora,241830,2390,Krishama,Mughama,,,,,2026-27,13,2026-01-25 22:20:33.282,,101,1002,10175,kys_by_year,2026-09-04T23:17:04+00:00
01021705101,GIRLS PRIMARY SCHOOL MIRGUND TILWANPORA,01,JAMMU & KASHMIR,0102,BARAMULLA,010217,SINGHPORA PATTAN,TILWANPORA,GMS CR KHAN,Primary,Department of Education,3-Co-educational,Rural,Operational,193121,34.1341,74.6596,2026-09-02T17:02:56,1004689,0,Operational,,,2,50,0,0,50,0,1,5,1,1,Department of Education,Department of Education,1,1,3,3-Co-educational,1,TILWANPORA MIRGUND 193121,lateefdar517[at]gmail[dot]com,010217051,1008206,0102170001,1001010,1,30,Singhpora,241925,2364,Mirchmar,Merchimar,,,,,2026-27,13,2026-01-25 20:28:10.01,,101,1002,10180,kys_by_year,2026-09-04T23:17:04+00:00
01020200301,GIRLS PRIMARY SCHOOL NADIHAL,01,JAMMU & KASHMIR,0102,BARAMULLA,010202,BARAMULLA,NADIHAL,CHAKLOO BLA,Primary,Department of Education,3-Co-educational,Rural,Operational,193301,34.2578,74.3718,2026-09-02T17:02:56,1003007,0,Operational,,,2,50,0,0,50,0,1,5,1,1,Department of Education,Department of Education,1,1,3,3-Co-educational,1,NADIHAL BRAAMULLA KASHMIR,psnadihal301[at]gmail[dot]com,010202003,1008591,0102020001,1001109,1,7012,Nadihal,288803,2413,Nadihal,Nadihal C,,,,,2026-27,13,2026-01-24 12:34:29.415,,101,1002,10168,kys_by_year,2026-09-04T23:17:04+00:00
01020403001,GIRLS PRIMARY SCHOOL NAGADAI BRARIPORA,01,JAMMU & KASHMIR,0102,BARAMULLA,010204,CHANDANWARI,NAGADAI,MS MUQAM PEERAN,Primary,Department of Education,3-Co-educational,Rural,Operational,193122,34.205,74.3484,2026-09-02T17:02:56,1003354,0,Operational,,,2,50,0,0,50,0,1,5,1,1,Department of Education,Department of Education,1,1,3,3-Co-educational,1,Braripora Tehsil Boniyaar,farooqaziz156[at]gmail[dot]com,010204030,1008707,0102040006,1001059,1,7006,Bijhama,241787,2555,Brari Pora,Bijhama A,,,,,2026-27,13,2026-01-28 14:11:43.464,,101,1002,10170,kys_by_year,2026-09-04T23:17:05+00:00
01022101707,GIRLS PRIMARY SCHOOL NAMBLA BALA,01,JAMMU & KASHMIR,0102,BARAMULLA,010221,URI,NAMBLA,HS NAMBLA,Primary,Department of Education,3-Co-educational,Rural,Operational,193123,34.0765,74.107,2026-09-02T17:02:56,1005090,0,Operational,,,2,50,0,0,50,0,1,5,1,1,Department of Education,Department of Education,1,1,3,3-Co-educational,1,Nambla Uri Baramulla JK Ut,zeouri2015[at]gmail[dot]com,010221017,1008010,0102210008,1001035,1,34,Uri,242015,2548,Nambla,Nambla C,,,,,2026-27,13,2026-01-30 12:24:51.12,,101,1002,10183,kys_by_year,2026-09-04T23:17:05+00:00
01021001002,GIRLS PRIMARY SCHOOL PARANPILLAN,01,JAMMU & KASHMIR,0102,BARAMULLA,010210,JHULLA,PARANPILLAN,C4 MS DACHI,Primary,Department of Education,3-Co-educational,Rural,Operational,193123,34.090161,74.048923,2026-09-02T17:02:56,1003823,0,Operational,,,2,50,0,0,50,0,1,5,1,1,Department of Education,Department of Education,1,1,3,3-Co-educational,1,"PARANPILLAN, URI, BARAMULLA",khanyounis7756[at]gmail[dot]com,010210010,1008410,0102100004,1001094,1,7015,Paranpeela,242006,2508,Paranpillan,Paranpeela,,,,,2026-27,13,2026-08-01 13:30:33.833,,101,1002,10174,kys_by_year,2026-09-04T23:17:05+00:00
01021001003,GIRLS PRIMARY SCHOOL PARANPILLAN NAR,01,JAMMU & KASHMIR,0102,BARAMULLA,010210,JHULLA,PARANPILLAN,C4 MS DACHI,Primary,Department of Education,3-Co-educational,Rural,Operational,193123,34.115328,74.044298,2026-09-02T17:02:56,1003824,0,Operational,,,2,50,0,0,50,0,1,5,1,1,Department of Education,Department of Education,1,1,3,3-Co-educational,1,"PARANPILLAN, URI, BARAMULLA",,010210010,1008410,0102100004,1001094,1,7015,Paranpeela,242006,2508,Paranpillan,Paranpeela,,,,,2026-27,13,2026-08-01 13:30:19.359,,101,1002,10174,kys_by_year,2026-09-04T23:17:06+00:00
01022101712,GIRLS PRIMARY SCHOOL PAYEEN A NAMBLA,01,JAMMU & KASHMIR,0102,BARAMULLA,010221,URI,NAMBLA,GPS NAMBLA-A,Primary,Department of Education,3-Co-educational,Rural,Operational,193123,34.0736,74.1066,2026-09-02T17:02:56,1005094,0,Operational,,,2,50,0,0,50,0,1,5,1,1,Department of Education,Department of Education,1,1,3,3-Co-educational,1,NAMBLA URI BARAMULLA,moonamryia[at]gmail[dot]com,010221017,1008010,0102210007,1001034,1,34,Uri,242015,2548,Nambla,Nambla C,,,,,2026-27,13,2026-01-30 12:24:02.921,,101,1002,10183,kys_by_year,2026-09-04T23:17:06+00:00
01020302001,GIRLS PRIMARY SCHOOL PEERNIA,01,JAMMU & KASHMIR,0102,BARAMULLA,010203,BONIYAR,PEERNIYAN,(C6) PAHLIPORA,Primary,Department of Education,3-Co-educational,Rural,Operational,193122,34.1776,74.2451,2026-09-02T17:02:56,1003205,0,Operational,,,2,50,0,0,50,0,1,5,1,1,Department of Education,Department of Education,1,1,3,3-Co-educational,1,Peernia Boniyar Baramulla,k.asif12671[at]gmail[dot]com,010203020,1008566,0102030006,1001137,1,7014,Noorkah,241796,2566,Peernia,Ijara,,,,,2026-27,13,2026-01-27 20:02:33.569,,101,1002,10169,kys_by_year,2026-09-04T23:17:06+00:00
01020302501,GIRLS PRIMARY SCHOOL PRINGAL,01,JAMMU & KASHMIR,0102,BARAMULLA,010203,BONIYAR,PRINGAL,(C5) BIMYAR,Primary,Department of Education,3-Co-educational,Rural,Operational,193122,34.1498,74.1877,2026-09-02T17:02:56,1003218,0,Operational,,,2,50,0,0,50,0,1,5,1,1,Department of Education,Department of Education,1,1,3,3-Co-educational,1,PRINGAL BONIYAR BARAMULLA,gpspringal2501[at]gmail[dot]com,010203025,1008571,0102030005,1001136,1,7014,Noorkah,288804,2571,Pringle,Pringal Warikhah,,,,,2026-27,13,2026-01-27 20:08:20.048,,101,1002,10169,kys_by_year,2026-09-04T23:17:07+00:00
01021702402,GIRLS PRIMARY SCHOOL RAKHI DUSLIPORA,01,JAMMU & KASHMIR,0102,BARAMULLA,010217,SINGHPORA PATTAN,R.D PORA,GMS KHANPETH,Primary,Department of Education,3-Co-educational,Rural,Operational,193121,34.169186,74.613944,2026-09-02T17:02:56,1004623,0,Operational,,,2,50,0,0,50,0,1,5,1,1,Department of Education,Department of Education,1,1,3,3-Co-educational,1,RAKHI DUSLIPORA SINGHPORA PATTAN 193121,rdporagps[at]gmail[dot]com,010217024,1008181,0102170004,1001013,1,30,Singhpora,288819,2354,Rakh Dosli Pora,Rahk Duslipora,,,,,2026-27,13,2026-01-25 20:18:15.434,,101,1002,10180,kys_by_year,2026-09-04T23:17:07+00:00
01020302401,GIRLS PRIMARY SCHOOL SHAHKOTE,01,JAMMU & KASHMIR,0102,BARAMULLA,010203,BONIYAR,SHAHKOTE,(C5) BIMYAR,Primary,Department of Education,3-Co-educational,Rural,Operational,193122,34.154,74.1898,2026-09-02T17:02:56,1003216,0,Operational,,,2,50,0,0,50,0,1,5,1,1,Department of Education,Department of Education,1,1,3,3-Co-educational,1,Shahkote Bimyar Boniyar,gps.shahkote2020[at]gmail[dot]com,010203024,1008570,0102030005,1001136,1,7014,Noorkah,241794,2560,Limber,Limber B,,,,,2026-27,13,2026-01-27 20:08:52.251,,101,1002,10169,kys_by_year,2026-09-04T23:17:07+00:00
01021301409,GIRLS PRIMARY SCHOOL SHALLAPORA,01,JAMMU & KASHMIR,0102,BARAMULLA,010213,PATTAN,PALHALLAN,GMS PALHALLAN,Primary,Department of Education,3-Co-educational,Rural,Operational,193121,34.181531,74.551666,2026-09-02T17:02:56,1004230,0,Operational,,,2,50,0,0,50,0,1,5,1,1,Department of Education,Department of Education,1,1,3,3-Co-educational,1,PALHALLAN PATTAN BARAMULLA,ashraf.sheikh99[at]gmail[dot]com,010213014,1008784,0102130005,1000957,1,27,Pattan,288808,2329,Palhallan,Palhallan H,,,,,2026-27,13,2026-01-25 12:56:24.362,,101,1002,10177,kys_by_year,2026-09-04T23:17:08+00:00
01020204706,GIRLS PRIMARY SCHOOL STADIUM COLONY (SSA),01,JAMMU & KASHMIR,0102,BARAMULLA,010202,BARAMULLA,Azad Gunj Ward NO 10,BMS BANGLOWBAGH,Primary,Department of Education,3-Co-educational,Urban,Operational,193101,34.1994,74.3384,2026-09-02T17:02:56,1003130,0,Operational,,,2,50,0,0,50,0,1,5,1,1,Department of Education,Department of Education,1,1,3,3-Co-educational,2,STADIUM COLONY BARAMULLA,govtprimaryschoolst[at]gmail[dot]com,010202047,1008635,0102020010,1001118,1,0,,,,,,248151,Municipal Council Baramulla-Notified Area Council,67972,Baramula (TC) - Ward No.10,2026-27,13,2026-01-24 12:51:34.479,,101,1002,10168,kys_by_year,2026-09-04T23:17:08+00:00
01020700705,GIRLS PRIMARY SCHOOL TAWHEED MOHALLA FATEHGARH,01,JAMMU & KASHMIR,0102,BARAMULLA,010207,FATEHGRAH,FATEHGARH,GHS FATEHGARH,Primary,Department of Education,3-Co-educational,Rural,Operational,193101,34.1761,74.3201,2026-09-02T17:02:56,1003718,0,Operational,,,2,50,0,0,50,0,1,5,1,1,Department of Education,Department of Education,1,1,3,3-Co-educational,1,TAWHEED MOHALLA FATEHGARH TBARAMULLA,sheikhbashirmu1[at]gmail[dot]com,010207007,1008649,0102070003,1001084,1,7013,Narwah,241184,2435,Fetehgrah,Fategarah,,,,,2026-27,13,2026-01-31 11:08:23.953,,101,1002,10173,kys_by_year,2026-09-04T23:17:08+00:00
01020300504,GIRLS PRIMARY SCHOOL TRIKANJAN (A),01,JAMMU & KASHMIR,0102,BARAMULLA,010203,BONIYAR,TRIKANJAN,(C2) BANALI,Primary,Department of Education,3-Co-educational,Rural,Operational,193122,34.0944,74.1972,2026-09-02T17:02:56,1003146,0,Operational,,,2,50,0,0,50,0,1,5,1,1,Department of Education,Department of Education,1,1,3,3-Co-educational,1,Trikanjan Boniyar Baramulla,gpstrikanjanA[at]gmail[dot]com,010203005,1008007,0102030002,1001133,1,23,Boniyar,241807,2594,Trikanjan,Trinakajan,,,,,2026-27,13,2026-01-27 19:21:15.684,,101,1002,10169,kys_by_year,2026-09-04T23:17:09+00:00
01020300505,GIRLS PRIMARY SCHOOL TRIKANJAN (B),01,JAMMU & KASHMIR,0102,BARAMULLA,010203,BONIYAR,TRIKANJAN,(C2) BANALI,Primary,Department of Education,3-Co-educational,Rural,Operational,193122,34.1005,74.1936,2026-09-02T17:02:56,1003147,0,Operational,,,2,50,0,0,50,0,1,5,1,1,Department of Education,Department of Education,1,1,3,3-Co-educational,1,Trikanjan Boniyar Baramulla,gpstrikanjan.b[at]gmail[dot]com,010203005,1008007,0102030002,1001133,1,23,Boniyar,241807,2594,Trikanjan,Trinakajan,,,,,2026-27,13,2026-01-27 19:23:26.573,,101,1002,10169,kys_by_year,2026-09-04T23:17:09+00:00
01020401003,GIRLS PRIMARY SCHOOL UPPER GINGAL,01,JAMMU & KASHMIR,0102,BARAMULLA,010204,CHANDANWARI,GINGAL,BMS NOORKHAH,Primary,Department of Education,3-Co-educational,Rural,Operational,193122,34.1352,74.1089,2026-09-02T17:02:56,1003276,0,Operational,,,2,50,0,0,50,0,1,5,1,1,Department of Education,Department of Education,1,1,3,3-Co-educational,1,Gingal Tehsil Uri Baramulla,shaheenara1553[at]gmail[dot]com,010204010,1008690,0102040003,1001056,1,7015,Paranpeela,288829,2551,Gingal,Gingle B,,,,,2026-27,13,2026-01-28 13:37:19.007,,101,1002,10170,kys_by_year,2026-09-04T23:17:10+00:00
01022005901,GIRLS PRIMARY SCHOOL WANILOO,01,JAMMU & KASHMIR,0102,BARAMULLA,010220,TANGMARG,WANILOO,MS HAJI BAL,Primary,Department of Education,3-Co-educational,Rural,Operational,193402,34.101656,74.413328,2026-09-02T17:02:56,1005007,0,Operational,,,2,50,0,0,50,0,1,5,1,1,Department of Education,Department of Education,1,1,3,3-Co-educational,1,WANILOO HAJIBAL TANGMARG,info.gpswaniloo25[at]gmail[dot]com,010220059,1007228,0102200007,1001024,1,33,Tangmarag,241958,2630,Hajibal,Baba Reshi Chintipathri,,,,,2026-27,13,2026-02-02 14:18:32.685,,101,1002,10182,kys_by_year,2026-09-04T23:17:10+00:00
01020400103,GIRLS PRIMARY SCHOOL WAPELHAQMERG AHTISHAMPORA,01,JAMMU & KASHMIR,0102,BARAMULLA,010204,CHANDANWARI,ATISHAMPORA,BPS KHARHAR,Primary,Department of Education,3-Co-educational,Rural,Operational,193123,34.1416,74.1746,2026-09-02T17:02:56,1003241,0,Operational,,,2,50,0,0,50,0,1,5,1,1,Department of Education,Department of Education,1,1,3,3-Co-educational,1,Village Ahitishampora,gps.wapalhakmarg[at]gmail[dot]com,010204001,1008684,0102040010,1001063,1,7014,Noorkah,241792,2573,Athishampora,Atishampora,,,,,2026-27,13,2026-01-28 12:45:00.927,,101,1002,10170,kys_by_year,2026-09-04T23:17:10+00:00
01021301436,GIRLS PRIMARY SCHOOL YATTIPORA,01,JAMMU & KASHMIR,0102,BARAMULLA,010213,PATTAN,PALHALLAN,GMS PALHALLAN,Primary,Department of Education,3-Co-educational,Rural,Operational,193121,34.1848,74.5474,2026-09-02T17:02:56,1004249,0,Operational,,,2,50,0,0,50,0,1,5,1,1,Department of Education,Department of Education,1,1,3,3-Co-educational,1,"GIrls Primary school ,Yatipora,Palhallan",gpsyatipora[at]gmail[dot]com,010213014,1008784,0102130005,1000957,1,27,Pattan,241876,2329,Palhallan,Palhalan-A,,,,,2026-27,13,2026-01-25 12:58:16.728,,101,1002,10177,kys_by_year,2026-09-04T23:17:10+00:00
01020302103,GIRLS PRIMARY SCHOOL ZEHAMPORA,01,JAMMU & KASHMIR,0102,BARAMULLA,010203,BONIYAR,ZEHAMPORA,(C7) ZEHAMPORA,Primary,Department of Education,3-Co-educational,Rural,Operational,193122,34.1845,74.2575,2026-09-02T17:02:56,1003208,0,Operational,,,2,50,0,0,50,0,1,5,1,1,Department of Education,Department of Education,1,1,3,3-Co-educational,1,Zehampora Boniyar Baramulla,gpszehamporagps[at]gmail[dot]com,010203021,1008567,0102030007,1001138,1,7014,Noorkah,241799,2567,Zehem Pora,Zehanpora,,,,,2026-27,13,2026-01-27 19:59:10.312,,101,1002,10169,kys_by_year,2026-09-04T23:17:11+00:00
01021203308,GIUSIA MEMORIAL ISLAMIC PUBLIC SCHOOL,01,JAMMU & KASHMIR,0102,BARAMULLA,010212,NEHALPORA,WAILOO,BMS MAHMOOD PORA,Primary,Private Unaided (Recognized) ,3-Co-educational,Rural,Operational,193404,34.12541,74.476743,2026-09-02T17:02:56,1004110,0,Operational,,,2,50,0,0,50,0,1,5,1,5,Private Unaided (Recognized) ,Private Unaided (Recognized),3,5,3,3-Co-educational,1,wailoo kunzer baramulla,,010212033,1008750,0102120001,1000962,1,7019,Wailoo,241834,2340,Wailoo Kralpora,Kralpora,,,,,2026-27,13,2026-01-28 14:08:06.91,,101,1002,10176,kys_by_year,2026-09-04T23:17:11+00:00
01020602114,GOLDEN GATE EDUCAIONAL INSTITUTE DANGIWACHA,01,JAMMU & KASHMIR,0102,BARAMULLA,010206,DANGIWACHA,DANGIWACHA,DANGIWACHA C4,Primary with Upper Primary,Private Unaided (Recognized) ,3-Co-educational,Rural,Operational,193303,34.315,74.3533,2026-09-02T17:02:56,1003630,0,Operational,,,2,50,0,0,50,0,1,8,2,5,Private Unaided (Recognized) ,Private Unaided (Recognized),3,5,3,3-Co-educational,1,Golden Gate Educational Institute Dangiwacha Rfd 193303,goldengateschool.writes[at]gmail[dot]com,010206021,1008356,0102060004,1001075,1,28,Rafiabad,242424,2251,Danghiwacha,Dangiwacha,,,,,2026-27,13,2026-02-01 22:23:52.137,,101,1002,10172,kys_by_year,2026-09-04T23:17:12+00:00
01020501305,GOSIA MODEL PUBLIC SCHOOL  AADIPORA,01,JAMMU & KASHMIR,0102,BARAMULLA,010205,DANGERPORA,AADIPORA,C2 GMS WARPORA,Pr. Up Pr. and Secondary Only,Private Unaided (Recognized) ,3-Co-educational,Rural,Operational,193201,34.3681,74.5164,2026-09-02T17:02:56,1003408,0,Operational,,,2,50,0,0,50,0,1,10,6,5,Private Unaided (Recognized) ,Private Unaided (Recognized),3,5,3,3-Co-educational,1,GOUSIA MODEL PUBLIC SCHOOL AADIPORA,gousiaschool13[at]gmail[dot]com,010205013,1008293,0102050002,1001065,1,31,Sopore,241935,2209,Adipora,Aadipora,,,,,2026-27,13,2026-01-25 18:51:27.553,,101,1002,10171,kys_by_year,2026-09-04T23:17:12+00:00
01022001504,GOUSIA MODEL SCHOOL KALHAMA,01,JAMMU & KASHMIR,0102,BARAMULLA,010220,TANGMARG,KULHAMA,M/S SHRAIE,Primary with Upper Primary,Private Unaided (Recognized) ,3-Co-educational,Rural,Operational,193401,34.058364,74.473257,2026-09-02T17:02:56,1004917,0,Operational,,,2,50,0,0,50,0,1,8,2,5,Private Unaided (Recognized) ,Private Unaided (Recognized),3,5,3,3-Co-educational,1,KULAHAMA TANGMARG BARAMULLA,gousiaschoolkulhama[at]gmail[dot]com,010220015,1007259,0102200003,1001020,1,7007,Chandil Wangam,241976,2683,Kulhama,Kulhama,,,,,2026-27,13,2026-01-30 21:06:31.744,,101,1002,10182,kys_by_year,2026-09-04T23:17:12+00:00
01021704303,GOUSL  AZAM SEC SCHOOL SHERABAD,01,JAMMU & KASHMIR,0102,BARAMULLA,010217,SINGHPORA PATTAN,SHERABAD,BMS KONGAM DARA,Pr. Up Pr. and Secondary Only,Private Unaided (Recognized) ,3-Co-educational,Rural,Operational,193121,34.1296,74.5752,2026-09-02T17:02:56,1004670,0,Operational,,,2,50,0,0,50,0,1,10,6,5,Private Unaided (Recognized) ,Private Unaided (Recognized),3,5,3,3-Co-educational,1,SHERABAD SINGHPORA PATTAN,gousalazamra[at]gmail[dot]com,010217043,1008199,0102170003,1001012,1,7017,Sherabad Khore,241932,2375,Sheerabad Khoor,Khore,,,,,2026-27,13,2026-01-25 20:27:10.532,,101,1002,10180,kys_by_year,2026-09-04T23:17:13+00:00
01021204101,GOVT  HIGH SCHOOL CHECKISARI,01,JAMMU & KASHMIR,0102,BARAMULLA,010212,NEHALPORA,SERIA WARPORA,BMS CHECK SEERI,Pr. Up Pr. and Secondary Only,Department of Education,3-Co-educational,Rural,Operational,193121,34.1396,74.5308,2026-09-02T17:02:56,1004123,0,Operational,,,2,50,0,0,50,0,1,10,6,1,Department of Education,Department of Education,1,1,3,3-Co-educational,1,chakisari pattan baramulla,hschecksari[at]gmail[dot]com,010212041,1008758,0102120006,1000967,1,27,Pattan,288809,2378,Sari Warpora,Sariwarpora B,,,,,2026-27,13,2026-01-28 14:16:30.497,,101,1002,10176,kys_by_year,2026-09-04T23:17:13+00:00
01020501307,GREEN GABLES GRAMMER SCH JALALABAD,01,JAMMU & KASHMIR,0102,BARAMULLA,010205,DANGERPORA,AADIPORA,C2 GMS WARPORA,Primary with Upper Primary,Private Unaided (Recognized) ,3-Co-educational,Rural,Operational,193201,34.3681,74.5164,2026-09-02T17:02:56,1003410,0,Operational,,,2,50,0,0,50,0,1,8,2,5,Private Unaided (Recognized) ,Private Unaided (Recognized),3,5,3,3-Co-educational,1,AAADIPORA SOPORE ZONE DANGERPORA,Ghulambh8[at]gmail[dot]com,010205013,1008293,0102050002,1001065,1,31,Sopore,241935,2209,Adipora,Aadipora,,,,,2026-27,13,2026-01-25 18:51:46.933,,101,1002,10171,kys_by_year,2026-09-04T23:17:13+00:00
01020200110,Green Hills Experimental School Chakloo,01,JAMMU & KASHMIR,0102,BARAMULLA,010202,BARAMULLA,CHAKLOO,CHAKLOO BLA,Primary,Private Unaided (Recognized) ,3-Co-educational,Rural,Operational,193101,34.240248,74.37241,2026-09-02T17:02:56,1003005,0,Operational,,,2,50,0,0,50,0,1,5,1,5,Private Unaided (Recognized) ,Private Unaided (Recognized),3,5,3,3-Co-educational,1,National High Way Chakloo Rafiabad,greenhills.exp.school[at]gmail[dot]com,010202001,1008006,0102020001,1001109,1,7012,Nadihal,241218,2414,Chakloo,Chakla,,,,,2026-27,13,2026-01-24 12:35:02.363,,101,1002,10168,kys_by_year,2026-09-04T23:17:14+00:00
01022203012,GREEN LAND ENG MEDIUM SCHOOL KREERI,01,JAMMU & KASHMIR,0102,BARAMULLA,010222,WAGOORA,KREERI,KREERI,Pr. Up Pr. and Secondary Only,Private Unaided (Recognized) ,3-Co-educational,Rural,Operational,193108,34.1717,74.4665,2026-09-02T17:02:56,1005211,0,Operational,,,2,50,0,0,50,0,1,10,6,5,Private Unaided (Recognized) ,Private Unaided (Recognized),3,5,3,3-Co-educational,1,Kreeri Baramull tehsil kreeri,greenlandsecschoolkreeri[at]gmail[dot]com,010222030,1008238,0102220011,1001045,1,35,Wagoora,242451,2458,Kreeri,Kreeri-B,,,,,2026-27,13,2026-01-22 20:46:44.985,,101,1002,10184,kys_by_year,2026-09-04T23:17:14+00:00
01020700708,GREENLAND PUBLIC SCHOOL FATEHGARH,01,JAMMU & KASHMIR,0102,BARAMULLA,010207,FATEHGRAH,FATEHGARH,GHS FATEHGARH,Primary with Upper Primary,Private Unaided (Recognized) ,3-Co-educational,Rural,Operational,193101,34.1742,74.3209,2026-09-02T17:02:56,1003721,0,Operational,,,2,50,0,0,50,0,1,8,2,5,Private Unaided (Recognized) ,Private Unaided (Recognized),3,5,3,3-Co-educational,1,Fatehgarh Narvaw Baramulla,gpsf2003[at]gmail[dot]com,010207007,1008649,0102070003,1001084,1,7013,Narwah,241184,2435,Fetehgrah,Fategarah,,,,,2026-27,13,2026-01-24 12:14:59.609,,101,1002,10173,kys_by_year,2026-09-04T23:17:14+00:00
01021800803,GREEN LAND PUBLIC SCHOOL SANGRAMA SOPORE,01,JAMMU & KASHMIR,0102,BARAMULLA,010218,SOPORE,SANGRAMA,HS AMARGRAH,Primary with Upper Primary,Private Unaided (Recognized) ,3-Co-educational,Rural,Operational,193201,34.2408,74.4512,2026-09-02T17:02:56,1004747,0,Operational,,,2,50,0,0,50,0,1,8,2,5,Private Unaided (Recognized) ,Private Unaided (Recognized),3,5,3,3-Co-educational,1,MAIN CHOWK SANGRAMA SOPORE BARAMULLA,greenlandsangrama[at]gmail[dot]com,010218008,1007300,0102180003,1001102,1,7016,Sangrama,241936,2224,Sangrama,Sangrama,,,,,2026-27,13,2025-03-02 23:37:49.593,,101,1002,10181,kys_by_year,2026-09-04T23:17:15+00:00
01020503908,GREEN LAND PUBLIC SCHOOL SHIVA,01,JAMMU & KASHMIR,0102,BARAMULLA,010205,DANGERPORA,SHIVA,C7 DUROO,Primary with Upper Primary,Private Unaided (Recognized) ,3-Co-educational,Rural,Operational,193201,34.3681,74.5164,2026-09-02T17:02:56,1003523,0,Operational,,,2,50,0,0,50,0,1,8,2,5,Private Unaided (Recognized) ,Private Unaided (Recognized),3,5,3,3-Co-educational,1,Hardushiva Block Dangerpora,glemps1990[at]gmail[dot]com,010205039,1008318,0102050007,1001070,1,36,Zaingeer,242045,2231,Hardushiva,Shiva A,,,,,2026-27,13,2026-01-25 18:56:56.467,,101,1002,10171,kys_by_year,2026-09-04T23:17:15+00:00
01021601113,GREEN LAND PUB SCHOOL,01,JAMMU & KASHMIR,0102,BARAMULLA,010216,SINGHPORA (KALAN),DELINA,Delina-B,Pr. Up Pr. and Secondary Only,Private Unaided (Recognized) ,3-Co-educational,Rural,Operational,193103,34.2383,74.4204,2026-09-02T17:02:56,1004505,0,Operational,,,2,50,0,0,50,0,1,10,6,5,Private Unaided (Recognized) ,Private Unaided (Recognized),3,5,3,3-Co-educational,1,DELINA SINGHPORA KALAN BARAMULLA,greenlandpss2025[at]gmail[dot]com,010216011,1008147,0102160012,1001007,1,22,Baramulla,241216,2417,Delina,Delina D,,,,,2026-27,13,2026-01-27 19:49:47.23,,101,1002,10179,kys_by_year,2026-09-04T23:17:15+00:00
01022204004,GREENLAND SCHOOL DOULATPORA,01,JAMMU & KASHMIR,0102,BARAMULLA,010222,WAGOORA,DOULATPORA,ATHOORA,Pr. Up Pr. and Secondary Only,Private Unaided (Recognized) ,3-Co-educational,Rural,Operational,193108,34.2091,74.4678,2026-09-02T17:02:56,1005252,0,Operational,,,2,50,0,0,50,0,1,10,6,5,Private Unaided (Recognized) ,Private Unaided (Recognized),3,5,3,3-Co-educational,1,Doulatpora athoora kreeri,glemsd004[at]gmail[dot]com,010222040,1008247,0102220008,1001042,1,35,Wagoora,242454,2466,Dulatpora,Dawlatpora,,,,,2026-27,13,2026-01-22 21:20:23.592,,101,1002,10184,kys_by_year,2026-09-04T23:17:16+00:00
01020202201,GREEN LAND SCHOOL KANLIBAGH,01,JAMMU & KASHMIR,0102,BARAMULLA,010202,BARAMULLA,SANGRI COLONY,GMS KHANPORA,Primary with Upper Primary,Private Unaided (Recognized) ,3-Co-educational,Urban,Operational,193101,34.195,74.3452,2026-09-02T17:02:56,1003051,0,Operational,,,2,50,0,0,50,0,1,8,2,5,Private Unaided (Recognized) ,Private Unaided (Recognized),3,5,3,3-Co-educational,2,Sangri Col Baramulla Kmr,greenland8827[at]gmail[dot]com,010202022,1008610,0102020007,1001115,1,0,,,,,,248151,Municipal Council Baramulla-Notified Area Council,67977,Baramula (TC) - Ward No.15,2026-27,13,2026-01-24 12:42:02.756,,101,1002,10168,kys_by_year,2026-09-04T23:17:16+00:00
01022100102,GRILS PRIMARY SCHOOL DAWARAN,01,JAMMU & KASHMIR,0102,BARAMULLA,010221,URI,DAWARAN,BMS DAWARAN,Primary,Department of Education,3-Co-educational,Rural,Operational,193122,34.1221,74.0744,2026-09-02T17:02:56,1005023,0,Operational,,,2,50,0,0,50,0,1,5,1,1,Department of Education,Department of Education,1,1,3,3-Co-educational,1,Dawaran Uri Baramulla kashmir,gpsdawaran23[at]gmail[dot]com,010221001,1007296,0102210001,1001028,1,7015,Paranpeela,242001,2550,Dawaran,Dawaran,,,,,2026-27,13,2025-03-24 22:01:34.088,,101,1002,10183,kys_by_year,2026-09-04T23:17:16+00:00
01021800112,GULZAR MEMORIAL EDUCATIONAL TRUST NOWPORA KALAN SOPORE,01,JAMMU & KASHMIR,0102,BARAMULLA,010218,SOPORE,NOWPORA,NOWPORA,Pr. Up Pr. and Secondary Only,Private Unaided (Recognized) ,3-Co-educational,Rural,Operational,193201,34.2867,74.4619,2026-09-02T17:02:56,1004706,0,Operational,,,2,50,0,0,50,0,1,10,6,5,Private Unaided (Recognized) ,Private Unaided (Recognized),3,5,3,3-Co-educational,1,MADINA BAGH NOWPORA KALAN SOPORE,gulzar2004[at]gmail[dot]com,010218001,1008519,0102180004,1001103,1,31,Sopore,241952,2234,Nowpora Kalan,Nowpora -B,,,,,2026-27,13,2026-01-30 13:21:42.316,,101,1002,10181,kys_by_year,2026-09-04T23:17:17+00:00
01020204603,GURU NANAK DEV MODEL HS BLA,01,JAMMU & KASHMIR,0102,BARAMULLA,010202,BARAMULLA,Dewanbagh WARD NO 13,MS USHKURA,Pr. Up Pr. and Secondary Only,Private Unaided (Recognized) ,3-Co-educational,Urban,Operational,193101,34.2042,74.3479,2026-09-02T17:02:56,1003125,0,Operational,,,2,50,0,0,50,0,1,10,6,5,Private Unaided (Recognized) ,Private Unaided (Recognized),3,5,3,3-Co-educational,2,Nanak Bawan Baramulla ,gndhsbla123[at]gmail[dot]com,010202046,1008634,0102020009,1001117,1,0,,,,,,248151,Municipal Council Baramulla-Notified Area Council,67975,Baramula (TC) - Ward No.13,2026-27,13,2026-01-24 12:53:15.686,,101,1002,10168,kys_by_year,2026-09-04T23:17:17+00:00
01021803070,HAMDANIA MODEL PUBLIC SCHOOL JAMIA QADEEM,01,JAMMU & KASHMIR,0102,BARAMULLA,010218,SOPORE,SOPORE,CHANKHAN,Primary with Upper Primary,Private Unaided (Recognized) ,3-Co-educational,Urban,Operational,193201,34.284,74.4645,2026-09-02T17:02:56,1004816,0,Operational,,,2,50,0,0,50,0,1,8,2,5,Private Unaided (Recognized) ,Private Unaided (Recognized),3,5,3,3-Co-educational,2,JAMIA QADEEM SOPORE BARAMULLA,hamdaniamodelpublicschooljq[at]gmail[dot]com,010218030,1002508,0102180009,1001108,1,0,,,,,,248149,Municipal Council Sopore-Notified Area Council,67901,Sopore (TC) - Ward No.4,2026-27,13,2025-03-03 00:10:36.008,,101,1002,10181,kys_by_year,2026-09-04T23:17:17+00:00
01021108101,HAMDANIA PUB. HIGH SCHOOL KUNZER,01,JAMMU & KASHMIR,0102,BARAMULLA,010211,KUNZAR,KUNZER,MS KUNZER,Pr. Up Pr. and Secondary Only,Private Unaided (Recognized) ,3-Co-educational,Urban,Operational,193404,34.0778,74.4835,2026-09-02T17:02:56,1004040,0,Operational,,,2,50,0,0,50,0,1,10,6,5,Private Unaided (Recognized) ,Private Unaided (Recognized),3,5,3,3-Co-educational,2,KUNZER BARAMULLA 193404,hphskunzer[at]gmail[dot]com,010211081,1008500,0102110007,1001129,1,0,,,,,,248153,Municipal Committee Kunzer-Municipality,10044,Kunzer (NAC) - Ward No.3,2026-27,13,2026-01-25 22:24:21.673,,101,1002,10175,kys_by_year,2026-09-04T23:17:18+00:00
01021104202,HAMDANIA PUBLIC SCHOOL BONGAM,01,JAMMU & KASHMIR,0102,BARAMULLA,010211,KUNZAR,BONGAM,MS OGMUNA,Primary,Private Unaided (Recognized) ,3-Co-educational,Rural,Operational,193404,34.067878,74.490116,2026-09-02T17:02:56,1003956,0,Operational,,,2,50,0,0,50,0,1,5,1,5,Private Unaided (Recognized) ,Private Unaided (Recognized),3,5,3,3-Co-educational,1,Village Bongam Kawarhama zone Kunzer ,khandaysajad4[at]gmail[dot]com,010211042,1008463,0102110006,1001128,1,26,Kunzer,241822,2654,Bungam,Pariswani,,,,,2026-27,13,2026-01-25 21:52:32.204,,101,1002,10175,kys_by_year,2026-09-04T23:17:18+00:00
01020502503,HAMDANIA PUBLIC SCHOOL HARWAN,01,JAMMU & KASHMIR,0102,BARAMULLA,010205,DANGERPORA,HARWAN,C5 GMS TUJAR,Primary with Upper Primary,Private Unaided (Recognized) ,3-Co-educational,Rural,Operational,193201,34.3681,74.5164,2026-09-02T17:02:56,1003464,0,Operational,,,2,50,0,0,50,0,1,8,2,5,Private Unaided (Recognized) ,Private Unaided (Recognized),3,5,3,3-Co-educational,1,HARWAN ZAINAGIR BOMAI,bhatfayaz101[at]gmail[dot]com,010205025,1008305,0102050005,1001068,1,7018,Tujjar Sharief,242020,2177,Harwan,Harwan,,,,,2026-27,13,2025-03-03 11:39:05.925,,101,1002,10171,kys_by_year,2026-09-04T23:17:18+00:00
01021502217,HAMLET INTERNATIONAL SCHOOL ROHAMA,01,JAMMU & KASHMIR,0102,BARAMULLA,010215,ROHAMA,ROHAMA,ROHAMA,Primary,Private Unaided (Recognized) ,3-Co-educational,Rural,Operational,193301,34.279542,74.368057,2026-09-02T17:02:56,1030740,0,Operational,,,2,50,50,50,50,50,1,5,1,5,Private Unaided (Recognized) ,Private Unaided (Recognized),3,5,3,3-Co-educational,1,Rohama Rafiabad Baramulla,hamletschool1[at]gmail[dot]com,010215022,1007145,0102150019,1000995,1,29,Rohama,241901,2300,Rohama,Rohama B,,,,,2026-27,13,2026-01-22 19:30:36.58,,101,1002,10178,kys_by_year,2026-09-04T23:17:19+00:00
01021503005,HANFIA CENTRAL SCHOOL CHIJHAMA,01,JAMMU & KASHMIR,0102,BARAMULLA,010215,ROHAMA,CHIJHAMA,HS SARIPORA,Primary with Upper Primary,Private Unaided (Recognized) ,3-Co-educational,Rural,Operational,193301,34.2864,74.374,2026-09-02T17:02:56,1004412,0,Operational,,,2,50,0,0,50,0,1,8,2,5,Private Unaided (Recognized) ,Private Unaided (Recognized),3,5,3,3-Co-educational,1,Chijhama Rafiabad Baramulla,Malikmehak954[at]gmail[dot]com,010215030,1007154,0102150015,1000991,1,29,Rohama,241888,2302,Chij Hama,Chijama,,,,,2026-27,13,2026-01-22 20:06:18.793,,101,1002,10178,kys_by_year,2026-09-04T23:17:19+00:00
01021203904,HANFIA ENGLISH MEDIUM SCHOOL GUIWA ,01,JAMMU & KASHMIR,0102,BARAMULLA,010212,NEHALPORA,GOWIA,BMS CHECK SEERI,Primary with Upper Primary,Private Unaided (Recognized) ,3-Co-educational,Rural,Operational,193121,34.1608,74.5538,2026-09-02T17:02:56,1030488,0,Operational,,,2,50,50,50,50,0,1,8,2,5,Private Unaided (Recognized) ,Private Unaided (Recognized),3,5,3,3-Co-educational,1,Guiwa Pattan Baramulla,rk098390[at]gmail[dot]com,010212039,1008756,0102120006,1000967,1,27,Pattan,241866,2379,Sero Gowa Dangerpora,Dangerpora,,,,,2026-27,13,2026-01-28 14:15:47.446,,101,1002,10176,kys_by_year,2026-09-04T23:17:19+00:00
01021301415,HANFIA GOUSIA MODEL SCHOOL PALHALLAN,01,JAMMU & KASHMIR,0102,BARAMULLA,010213,PATTAN,PALHALLAN,GMS PALHALLAN,Pr. Up Pr. and Secondary Only,Private Unaided (Recognized) ,3-Co-educational,Rural,Operational,193121,34.1845,74.5598,2026-09-02T17:02:56,1004232,0,Operational,,,2,50,0,0,50,0,1,10,6,5,Private Unaided (Recognized) ,Private Unaided (Recognized),3,5,3,3-Co-educational,1,RAIPORA PALHALLAN PATTAN BARAMULLA,hanfiagousiapalhallan[at]gmail[dot]com,010213014,1008784,0102130005,1000957,1,27,Pattan,241876,2329,Palhallan,Palhalan-A,,,,,2026-27,13,2026-01-25 12:56:29.977,,101,1002,10177,kys_by_year,2026-09-04T23:17:20+00:00
01021603208,HANFIA ISLAMIA MODEL  SCHOOL Khaitangan,01,JAMMU & KASHMIR,0102,BARAMULLA,010216,SINGHPORA (KALAN),KHAITAINGAN,HSS KHAITANGAN,Primary with Upper Primary,Private Unaided (Recognized) ,3-Co-educational,Rural,Operational,193103,34.1866,74.3984,2026-09-02T17:02:56,1004542,0,Operational,,,2,50,0,0,50,0,1,8,2,5,Private Unaided (Recognized) ,Private Unaided (Recognized),3,5,3,3-Co-educational,1,KHAITANGAN SINGHPORA KALAN BARAMULLA,,010216032,1008511,0102160010,1001005,1,22,Baramulla,242438,2421,Khaitangan,Khaitangan,,,,,2026-27,13,2026-01-27 19:53:52.045,,101,1002,10179,kys_by_year,2026-09-04T23:17:20+00:00
01021800309,HANFIA ISLAMIA PUBLIC SCHOOL TARZOO SOPORE,01,JAMMU & KASHMIR,0102,BARAMULLA,010218,SOPORE,TARZOO,MS TARZOO,Primary with Upper Primary,Private Unaided (Recognized) ,3-Co-educational,Rural,Operational,193201,34.2614,74.4831,2026-09-02T17:02:56,1004722,0,Operational,,,2,50,0,0,50,0,1,8,2,5,Private Unaided (Recognized) ,Private Unaided (Recognized),3,5,3,3-Co-educational,1,TARZOO SOPORE BARAMULLA,hanfiapstarzoo[at]gmail[dot]com,010218003,1008220,0102180006,1001105,1,31,Sopore,241939,2216,Tarzoo,Tarzoo C,,,,,2026-27,13,2025-03-02 23:31:33.068,,101,1002,10181,kys_by_year,2026-09-04T23:17:20+00:00
01021503704,HANFIA MIDDLE SCHOOL,01,JAMMU & KASHMIR,0102,BARAMULLA,010215,ROHAMA,REBAN,GMS HADIPORA,Primary with Upper Primary,Private Unaided (Recognized) ,3-Co-educational,Rural,Operational,193301,34.3001,74.418,2026-09-02T17:02:56,1004439,0,Operational,,,2,50,0,0,50,0,1,8,2,5,Private Unaided (Recognized) ,Private Unaided (Recognized),3,5,3,3-Co-educational,1,Reban Rafiabad Baramulla,hmsreban[at]gmail[dot]com,010215037,1007159,0102150013,1000989,1,29,Rohama,241890,936678,Reban,Reban A,,,,,2026-27,13,2026-01-22 20:17:10.424,,101,1002,10178,kys_by_year,2026-09-04T23:17:21+00:00
01022203011,HANFIA MISSION SCHOOL,01,JAMMU & KASHMIR,0102,BARAMULLA,010222,WAGOORA,KREERI,KREERI,Pr. Up Pr. and Secondary Only,Private Unaided (Recognized) ,3-Co-educational,Rural,Operational,193108,34.1686,74.4669,2026-09-02T17:02:56,1005210,0,Operational,,,2,50,0,0,50,0,1,10,6,5,Private Unaided (Recognized) ,Private Unaided (Recognized),3,5,3,3-Co-educational,1,KREERI BARAMULLA TEHSIL KREERI,hanfiamission[at]gmail[dot]com,010222030,1008238,0102220011,1001045,1,35,Wagoora,242451,2458,Kreeri,Kreeri-B,,,,,2026-27,13,2026-01-22 20:46:10.62,,101,1002,10184,kys_by_year,2026-09-04T23:17:21+00:00
01022200710,HANFIA MODEL ENG MED SCHOOL KUCHWA,01,JAMMU & KASHMIR,0102,BARAMULLA,010222,WAGOORA,KACHWA,KALANTRA PAYEEN,Primary,Private Unaided (Recognized) ,3-Co-educational,Rural,Operational,193101,34.1387,74.4046,2026-09-02T17:02:56,1005151,0,Operational,,,2,50,0,0,50,0,1,5,1,5,Private Unaided (Recognized) ,Private Unaided (Recognized),3,5,3,3-Co-educational,1,Kachwa Muqam Wagoora Baramulla,hanfiaschool299[at]gmail[dot]com,010222007,1008257,0102220001,1001036,1,35,Wagoora,288825,2484,Kachwa Muqam,Kachwa Muqam B,,,,,2026-27,13,2025-03-03 10:37:01.029,,101,1002,10184,kys_by_year,2026-09-04T23:17:21+00:00
01021601112,HANFIA MODEL HIGH SCHOOL DELINA-B,01,JAMMU & KASHMIR,0102,BARAMULLA,010216,SINGHPORA (KALAN),DELINA,Delina-B,Pr. Up Pr. and Secondary Only,Private Unaided (Recognized) ,3-Co-educational,Rural,Operational,193103,34.2375,74.42,2026-09-02T17:02:56,1004504,0,Operational,,,2,50,0,0,50,0,1,10,6,5,Private Unaided (Recognized) ,Private Unaided (Recognized),3,5,3,3-Co-educational,1,DELINA SINGHPORA KALAN BARAMULLA,hanfiamodelhighschool99[at]gmail[dot]com,010216011,1008147,0102160012,1001007,1,22,Baramulla,241216,2417,Delina,Delina D,,,,,2026-27,13,2026-01-27 19:49:34.856,,101,1002,10179,kys_by_year,2026-09-04T23:17:22+00:00
01021204103,HANFIA MODEL HIGH SCHOOL WARPORA,01,JAMMU & KASHMIR,0102,BARAMULLA,010212,NEHALPORA,SERIA WARPORA,BMS NEHALPORA,Pr. Up Pr. and Secondary Only,Private Unaided (Recognized) ,3-Co-educational,Rural,Operational,193121,34.1574,74.5584,2026-09-02T17:02:56,1004125,0,Operational,,,2,50,0,0,50,0,1,10,6,5,Private Unaided (Recognized) ,Private Unaided (Recognized),3,5,3,3-Co-educational,1,warpora pattan baramulla,HanfiaModelschoolwarpora9[at]gmail[dot]com,010212041,1008758,0102120005,1000966,1,27,Pattan,288809,2378,Sari Warpora,Sariwarpora B,,,,,2026-27,13,2026-01-28 14:18:06.258,,101,1002,10176,kys_by_year,2026-09-04T23:17:22+00:00
01020204703,HANFIA MODEL HR SEC,01,JAMMU & KASHMIR,0102,BARAMULLA,010202,BARAMULLA,Azad Gunj Ward NO 10,BMS BANGLOWBAGH,Pr. Up Pr. and Secondary Only,Private Unaided (Recognized) ,3-Co-educational,Urban,Operational,193101,34.2099,74.3466,2026-09-02T17:02:56,1003129,0,Operational,,,2,50,0,0,50,0,1,10,6,5,Private Unaided (Recognized) ,Private Unaided (Recognized),3,5,3,3-Co-educational,2,AZAD GUNJ BARAMULLA KASHMIR,hanfiaschoolbla[at]gmail[dot]com,010202047,1008635,0102020010,1001118,1,0,,,,,,248151,Municipal Council Baramulla-Notified Area Council,67972,Baramula (TC) - Ward No.10,2026-27,13,2026-01-24 12:52:11.611,,101,1002,10168,kys_by_year,2026-09-04T23:17:22+00:00
01022203015,HANFIA MODEL H S KREERI,01,JAMMU & KASHMIR,0102,BARAMULLA,010222,WAGOORA,KREERI,KREERI,Pr. with Up.Pr. Sec. and H.Sec.,Private Unaided (Recognized) ,3-Co-educational,Rural,Operational,193108,34.184,74.4749,2026-09-02T17:02:56,1005213,0,Operational,,,2,50,0,0,50,0,1,12,3,5,Private Unaided (Recognized) ,Private Unaided (Recognized),3,5,3,3-Co-educational,1,Kreeri Baramulla kashmir ,shetkreeri[at]gmail[dot]com,010222030,1008238,0102220011,1001045,1,35,Wagoora,242451,2458,Kreeri,Kreeri-B,,,,,2026-27,13,2026-01-22 20:47:37.604,,101,1002,10184,kys_by_year,2026-09-04T23:17:23+00:00
01021801302,HANFIA MODEL PUBLIC SCHOOL BULGAM SOPORE,01,JAMMU & KASHMIR,0102,BARAMULLA,010218,SOPORE,BULGAM,MS MUQAM,Primary with Upper Primary,Private Unaided (Recognized) ,3-Co-educational,Rural,Operational,193201,34.2462,74.5065,2026-09-02T17:02:56,1004762,0,Operational,,,2,50,0,0,50,0,1,8,2,5,Private Unaided (Recognized) ,Private Unaided (Recognized),3,5,3,3-Co-educational,1,BULGAM SOPORE BARAMULLA,hmpsbulgamsopore13[at]gmail[dot]com,010218013,1007305,0102180008,1001107,1,7016,Sangrama,241948,2227,Bulgam,Bulgam,,,,,2026-27,13,2026-01-30 16:58:37.351,,101,1002,10181,kys_by_year,2026-09-04T23:17:23+00:00
01021301002,HANFIA MODEL SCHOOL BURAN,01,JAMMU & KASHMIR,0102,BARAMULLA,010213,PATTAN,BURAN,BURAN,Primary with Upper Primary,Private Unaided (Recognized) ,3-Co-educational,Rural,Operational,193121,34.1459,74.5669,2026-09-02T17:02:56,1004208,0,Operational,,,2,50,0,0,50,0,1,8,2,5,Private Unaided (Recognized) ,Private Unaided (Recognized),3,5,3,3-Co-educational,1,BURAN PATTAN BARAMULLA,hanfiamodel3[at]gmail[dot]com,010213010,1008782,0102130003,1001986,1,30,Singhpora,241934,2352,Om Buran,Omburn,,,,,2026-27,13,2026-01-25 12:54:12.292,,101,1002,10177,kys_by_year,2026-09-04T23:17:23+00:00
01020200103,HANFIA MODEL SCHOOL CHAKLOO,01,JAMMU & KASHMIR,0102,BARAMULLA,010202,BARAMULLA,CHAKLOO,CHAKLOO BLA,Primary with Upper Primary,Private Unaided (Recognized) ,3-Co-educational,Rural,Operational,193301,34.2375,74.3853,2026-09-02T17:02:56,1003001,0,Operational,,,2,50,0,0,50,0,1,8,2,5,Private Unaided (Recognized) ,Private Unaided (Recognized),3,5,3,3-Co-educational,1,CHAKLOO BARAMULLA KASHMIR,sofishowkat31[at]gmail[dot]com,010202001,1008006,0102020001,1001109,1,7012,Nadihal,241218,2414,Chakloo,Chakla,,,,,2026-27,13,2025-03-03 12:35:31.286,,101,1002,10168,kys_by_year,2026-09-04T23:17:24+00:00
01022000605,HANFIA MODEL SCHOOL CHANDILORA,01,JAMMU & KASHMIR,0102,BARAMULLA,010220,TANGMARG,CHANDILORA,M/S SHRAIE,Pr. Up Pr. and Secondary Only,Private Unaided (Recognized) ,3-Co-educational,Rural,Operational,193402,34.075202,74.45058,2026-09-02T17:02:56,1004890,0,Operational,,,2,50,0,0,50,0,1,10,6,5,Private Unaided (Recognized) ,Private Unaided (Recognized),3,5,3,3-Co-educational,1,CHANDILORA TANGMARG KMR,hmhsct11[at]gmail[dot]com,010220006,1007251,0102200003,1001020,1,33,Tangmarag,241962,2676,Chandiloora,Chandiloora,,,,,2026-27,13,2026-01-30 20:54:46.462,,101,1002,10182,kys_by_year,2026-09-04T23:17:24+00:00
01021503206,HANFIA MODEL SCHOOL HADIPORA,01,JAMMU & KASHMIR,0102,BARAMULLA,010215,ROHAMA,HADIPORA,GMS HADIPORA,Primary with Upper Primary,Private Unaided (Recognized) ,3-Co-educational,Rural,Operational,193301,34.2925,74.3896,2026-09-02T17:02:56,1004427,0,Operational,,,2,50,0,0,50,0,1,8,2,5,Private Unaided (Recognized) ,Private Unaided (Recognized),3,5,3,3-Co-educational,1,Hanfia Model School Hadipora Rafiabad,hanfiamodelschoolhadipora706[at]gmail[dot]com,010215032,1007156,0102150013,1000989,1,29,Rohama,241885,2243,Hadi Pora,Hadipora A,,,,,2026-27,13,2026-01-22 20:14:46.642,,101,1002,10178,kys_by_year,2026-09-04T23:17:24+00:00
01022002403,HANFIA MODEL SCHOOL HARIWATNOO,01,JAMMU & KASHMIR,0102,BARAMULLA,010220,TANGMARG,HERIWATNOO,MS HARI WATNOO,Primary with Upper Primary,Private Unaided (Recognized) ,3-Co-educational,Rural,Operational,193402,34.084362,74.453169,2026-09-02T17:02:56,1004934,0,Operational,,,2,50,0,0,50,0,1,8,2,5,Private Unaided (Recognized) ,Private Unaided (Recognized),3,5,3,3-Co-educational,1,HERIWATNOO TANGMARG KMR,Naseeraaff[at]gmail[dot]com,010220024,1007267,0102200005,1001022,1,33,Tangmarag,241978,2661,Hariwatnoo,Hariwatnoo,,,,,2026-27,13,2026-01-30 21:11:19.268,,101,1002,10182,kys_by_year,2026-09-04T23:17:25+00:00
01021501505,HANFIA MODEL SCHOOL Ladoora,01,JAMMU & KASHMIR,0102,BARAMULLA,010215,ROHAMA,LADOORA,GMS TREGPORA,Primary with Upper Primary,Private Unaided (Recognized) ,3-Co-educational,Rural,Operational,193201,34.2564,74.3928,2026-09-02T17:02:56,1004373,0,Operational,,,2,50,0,0,50,0,1,8,2,5,Private Unaided (Recognized) ,Private Unaided (Recognized),3,5,3,3-Co-educational,1,Ladoora Rafiabad Baramulla,hmsladoora07[at]gmail[dot]com,010215015,1007140,0102150009,1000986,1,7012,Nadihal,241892,2307,Ladoora,Ladoora,,,,,2026-27,13,2026-01-22 19:50:36.012,,101,1002,10178,kys_by_year,2026-09-04T23:17:25+00:00
01021105504,HANFIA MODEL SCHOOL LALPORA KUNZER,01,JAMMU & KASHMIR,0102,BARAMULLA,010211,KUNZAR,LALPORA,MS Mongloora,Pr. Up Pr. and Secondary Only,Private Unaided (Recognized) ,3-Co-educational,Rural,Operational,193404,34.0791,74.4917,2026-09-02T17:02:56,1003991,0,Operational,,,2,50,0,0,50,0,1,10,6,5,Private Unaided (Recognized) ,Private Unaided (Recognized),3,5,3,3-Co-educational,1,HANFIA MODEL SCHOOL LALPORA,hmslalpora91[at]gmail[dot]com,010211055,1008476,0102110008,1001130,1,7011,Lalpora,241844,2697,Lalpora,Lalpora B,,,,,2026-27,13,2026-01-25 22:07:03.209,,101,1002,10175,kys_by_year,2026-09-04T23:17:25+00:00
01020501607,Hanfia Model school Saidpora,01,JAMMU & KASHMIR,0102,BARAMULLA,010205,DANGERPORA,SAIDPORA,C3 BHS BRAT KALAN,Primary,Private Unaided (Recognized) ,3-Co-educational,Rural,Operational,193201,34.321482,74.461904,2026-09-02T17:02:56,1030465,0,Operational,,,2,50,50,50,50,0,1,5,1,5,Private Unaided (Recognized) ,Private Unaided (Recognized),3,5,3,3-Co-educational,1,HANFIA MODEL SCHOOL SYEDPORA,,010205016,1008296,0102050003,1001066,1,36,Zaingeer,242030,2205,Dangarpora,Dangerpora C,,,,,2026-27,13,2026-01-25 18:55:01.287,,101,1002,10171,kys_by_year,2026-09-04T23:17:26+00:00
01021300604,HANFIA MODEL SCHOOL  SHEERPORA A,01,JAMMU & KASHMIR,0102,BARAMULLA,010213,PATTAN,SHEERPORA,BURAN,Primary with Upper Primary,Private Unaided (Recognized) ,3-Co-educational,Rural,Operational,193121,34.1323,74.5585,2026-09-02T17:02:56,1004196,0,Operational,,,2,50,0,0,50,0,1,8,2,5,Private Unaided (Recognized) ,Private Unaided (Recognized),3,5,3,3-Co-educational,1,SHEERPORA PATTAN BARAMULLA,hanfiamodelschoolshirpora[at]gmail[dot]com,010213006,1008778,0102130003,1001986,1,7017,Sherabad Khore,241859,2377,Sheerpora Bangil,Sherpora-B,,,,,2026-27,13,2026-01-25 12:53:00.533,,101,1002,10177,kys_by_year,2026-09-04T23:17:26+00:00
01020204504,HANFIA MODEL SCHOOL USHKURA,01,JAMMU & KASHMIR,0102,BARAMULLA,010202,BARAMULLA,Ushkura WARD NO 17,MS USHKURA,Pr. Up Pr. and Secondary Only,Private Unaided (Recognized) ,3-Co-educational,Urban,Operational,193101,34.1943,74.3591,2026-09-02T17:02:56,1003114,0,Operational,,,2,50,0,0,50,0,1,10,6,5,Private Unaided (Recognized) ,Private Unaided (Recognized),3,5,3,3-Co-educational,2,Ushkura Bramulla Kmr,schoolhanfia425[at]gmail[dot]com,010202045,1008633,0102020009,1001117,1,0,,,,,,248151,Municipal Council Baramulla-Notified Area Council,67979,Kanis Pora (OG) - Ward No.17,2026-27,13,2026-01-24 12:49:16.366,,101,1002,10168,kys_by_year,2026-09-04T23:17:26+00:00
01020200604,HANFIA MOD. SCHOOL BINNER,01,JAMMU & KASHMIR,0102,BARAMULLA,010202,BARAMULLA,BINNER,CHAKLOO BLA,Primary with Upper Primary,Private Unaided (Recognized) ,3-Co-educational,Rural,Operational,193301,34.2397,74.3491,2026-09-02T17:02:56,1003017,0,Operational,,,2,50,0,0,50,0,1,8,2,5,Private Unaided (Recognized) ,Private Unaided (Recognized),3,5,3,3-Co-educational,1,Binner Baramulla Kashmir,hanfiamiddleschool123[at]gmail[dot]com,010202006,1008594,0102020001,1001109,1,7012,Nadihal,241202,936667,Sheerwaniabad,Binner A,,,,,2026-27,13,2025-03-03 13:16:04.835,,101,1002,10168,kys_by_year,2026-09-04T23:17:27+00:00
01020200304,HANFIA MOD. SCHOOL NADIHAL,01,JAMMU & KASHMIR,0102,BARAMULLA,010202,BARAMULLA,NADIHAL,CHAKLOO BLA,Primary with Upper Primary,Private Unaided (Recognized) ,3-Co-educational,Rural,Operational,193301,34.2582,74.3713,2026-09-02T17:02:56,1003009,0,Operational,,,2,50,0,0,50,0,1,8,2,5,Private Unaided (Recognized) ,Private Unaided (Recognized),3,5,3,3-Co-educational,1,NADIHAL RAFIABAD BARAMULLA,lonmubashir845[at]gmail[dot]com,010202003,1008591,0102020001,1001109,1,7012,Nadihal,288803,2413,Nadihal,Nadihal C,,,,,2026-27,13,2025-03-03 13:12:38.131,,101,1002,10168,kys_by_year,2026-09-04T23:17:27+00:00
01020201302,HANFIA MOD. SCHOOL SHITLOO,01,JAMMU & KASHMIR,0102,BARAMULLA,010202,BARAMULLA,SHUTLOO,VOHULITRA,Primary,Private Unaided (Recognized) ,3-Co-educational,Rural,Operational,193301,34.2495,74.3071,2026-09-02T17:02:56,1003037,0,Operational,,,2,50,0,0,50,0,1,5,1,5,Private Unaided (Recognized) ,Private Unaided (Recognized),3,5,3,3-Co-educational,1,Shutloo rafiabad Baramulla,hanfiaislamiamodel[at]gmail[dot]com,010202013,1008601,0102020003,1001111,1,29,Rohama,241197,2408,Shutloo,Shutloo,,,,,2026-27,13,2026-01-24 12:39:56.799,,101,1002,10168,kys_by_year,2026-09-04T23:17:27+00:00
01020703004,HANFIA PUBLIC SCHOOL DANGERPORA,01,JAMMU & KASHMIR,0102,BARAMULLA,010207,FATEHGRAH,DANGERPORA,BMS DANGERPORA,Primary,Private Unaided (Recognized) ,3-Co-educational,Rural,Operational,193101,34.1391,74.345,2026-09-02T17:02:56,1003758,0,Operational,,,2,50,0,0,50,0,1,5,1,5,Private Unaided (Recognized) ,Private Unaided (Recognized),3,5,3,3-Co-educational,1,Dangerpora Baramulla,hanfiapublicschool[at]gmail[dot]com,010207030,1008668,0102070007,1001088,1,7013,Narwah,241207,2447,Dangarpora,Dangerpora,,,,,2026-27,13,2026-01-31 11:14:01.503,,101,1002,10173,kys_by_year,2026-09-04T23:17:28+00:00
01021800102,HANFIA PUBLIC SCHOOL NOWPORA,01,JAMMU & KASHMIR,0102,BARAMULLA,010218,SOPORE,NOWPORA,NOWPORA,Primary with Upper Primary,Private Unaided (Recognized) ,3-Co-educational,Rural,Operational,193201,34.2051,74.3426,2026-09-02T17:02:56,1000303,0,Operational,,,2,50,0,0,50,0,1,8,2,5,Private Unaided (Recognized) ,Private Unaided (Recognized),3,5,3,3-Co-educational,1,NOWPORA SOPORE BARAMULLA,hanfiamodelschool[at]gmail[dot]com,010218001,1008519,0102180004,1001103,1,31,Sopore,241952,2234,Nowpora Kalan,Nowpora -B,,,,,2026-27,13,2026-08-01 14:45:05.082,,101,1002,10181,kys_by_year,2026-09-04T23:17:28+00:00
01021201505,HANIFA M.SCH.CHOKER,01,JAMMU & KASHMIR,0102,BARAMULLA,010212,NEHALPORA,CHOKAR,BMS Behrampora Chukar ,Primary,Private Unaided (Recognized) ,3-Co-educational,Rural,Operational,193121,34.1247,74.5063,2026-09-02T17:02:56,1004065,0,Operational,,,2,50,0,0,50,0,1,5,1,5,Private Unaided (Recognized) ,Private Unaided (Recognized),3,5,3,3-Co-educational,1,CHUKER KUNZER BARAMULLA,hmschukar178[at]gmail[dot]com,010212015,1008734,0102120004,1000965,1,7019,Wailoo,241837,2380,Chukar,Chukar-B,,,,,2026-27,13,2025-03-05 12:36:36.011,,101,1002,10176,kys_by_year,2026-09-04T23:17:28+00:00
01021100803,HANIFIA ISLAMIC SCHOOL,01,JAMMU & KASHMIR,0102,BARAMULLA,010211,KUNZAR,HARDUSHOORA,MS Hard Shoora,Primary with Upper Primary,Private Unaided (Recognized) ,3-Co-educational,Rural,Operational,193404,34.0791,74.4917,2026-09-02T17:02:56,1003899,0,Operational,,,2,50,0,0,50,0,1,8,2,5,Private Unaided (Recognized) ,Private Unaided (Recognized),3,5,3,3-Co-educational,1,hardushoora kunzer baramullah kashmir ,hanfiaislamic[at]gmail[dot]com,010211008,1008436,0102110001,1001123,1,7019,Wailoo,241826,931664,Hard Shoora,Hard Shoora,,,,,2026-27,13,2026-01-25 21:31:12.796,,101,1002,10175,kys_by_year,2026-09-04T23:17:29+00:00
01021105806,HANIIA MODEL SCHOOL S A ROOMI Hard Aboora ,01,JAMMU & KASHMIR,0102,BARAMULLA,010211,KUNZAR,HARDU ABOORA,MS Ganie Mohalla HARDU ABOORA,Primary with Upper Primary,Private Unaided (Recognized) ,3-Co-educational,Rural,Operational,193404,34.0778,74.4835,2026-09-02T17:02:56,1004003,0,Operational,,,2,50,0,0,50,0,1,8,2,5,Private Unaided (Recognized) ,Private Unaided (Recognized),3,5,3,3-Co-educational,1,Hardu Aboora tehsil kawarhama,Hanfiaaboora[at]gmail[dot]com,010211058,1008479,0102110005,1001127,1,7008,Hardaboora,241824,2690,Hardu Aboora,Hard Aboora-B,,,,,2026-27,13,2026-01-25 22:11:51.27,,101,1002,10175,kys_by_year,2026-09-04T23:17:29+00:00
01022003910,HAZRAT BABA RESHI R.A CENTRAL SCHOOL HAJIBAL WAKAF,01,JAMMU & KASHMIR,0102,BARAMULLA,010220,TANGMARG,HAJIBAL,MS HAJI BAL,Pr. Up Pr. and Secondary Only,Private Unaided (Recognized) ,3-Co-educational,Rural,Operational,193402,34.098262,74.408545,2026-09-02T17:02:56,1004973,0,Operational,,,2,50,0,0,50,0,1,10,6,5,Private Unaided (Recognized) ,Private Unaided (Recognized),3,5,3,3-Co-educational,1,HAJIBAL TANGMARG KASHMIR,WAKAFSCHOOLHAJIBAL[at]GMAIL[dot]COM,010220039,1007282,0102200007,1001024,1,33,Tangmarag,241958,2630,Hajibal,Baba Reshi Chintipathri,,,,,2026-27,13,2026-02-02 14:16:39.389,,101,1002,10182,kys_by_year,2026-09-04T23:17:29+00:00
01021800201,HEAVENS EDUCATIONAL INSTITUTE SEER,01,JAMMU & KASHMIR,0102,BARAMULLA,010218,SOPORE,SEER JAGIR,MS PETH SEER,Primary with Upper Primary,Private Unaided (Recognized) ,3-Co-educational,Rural,Operational,193201,34.2557,74.4441,2026-09-02T17:02:56,1004710,0,Operational,,,2,50,0,0,50,0,1,8,2,5,Private Unaided (Recognized) ,Private Unaided (Recognized),3,5,3,3-Co-educational,1,SEER JAGIR SOPORE BARAMULLA,heinstituteseerjagir[at]gmail[dot]com,010218002,1008520,0102180005,1001104,1,7016,Sangrama,241954,2214,Seer Jagir,Manzseer,,,,,2026-27,13,2025-03-02 23:29:52.941,,101,1002,10181,kys_by_year,2026-09-04T23:17:30+00:00
01020503407,HHTP SCHOOL RAMPORA,01,JAMMU & KASHMIR,0102,BARAMULLA,010205,DANGERPORA,RAMPORA,C1 BMS WATLAB,Primary,Private Unaided (Recognized) ,3-Co-educational,Rural,Operational,193201,34.4091,74.487972,2026-09-02T17:02:56,1030764,0,Operational,,,2,50,50,50,50,50,1,5,1,5,Private Unaided (Recognized) ,Private Unaided (Recognized),3,5,3,3-Co-educational,1,Rampore Dangerpora Sopore ,,010205034,1008005,0102050001,1001054,1,36,Zaingeer,242050,2182,,,,,,,2026-27,13,2025-03-25 11:20:18.957,,101,1002,10171,kys_by_year,2026-09-04T23:17:30+00:00
01020703501,HIGHER SECONDARY SCHOOL AUDOORA,01,JAMMU & KASHMIR,0102,BARAMULLA,010207,FATEHGRAH,AUDOORA,MS  BHAT MOHALLAH AUDOORA,Up. Pr. Secondary and Higher Sec,Department of Education,3-Co-educational,Rural,Operational,193101,34.152,74.3219,2026-09-02T17:02:56,1003768,0,Operational,,,2,50,0,0,50,0,6,12,5,1,Department of Education,Department of Education,1,1,3,3-Co-educational,1,Audoora Sheeri Baramulla,govt.hssaudoora[at]gmail[dot]com,010207035,1008672,0102070009,1001090,1,7013,Narwah,241200,2443,Audoora,Audoora,,,,,2026-27,13,2026-01-31 11:16:31.971,,101,1002,10173,kys_by_year,2026-09-04T23:17:30+00:00
01022301106,HIGHER SECONDARY SCHOOL BANDIPAYEEN,01,JAMMU & KASHMIR,0102,BARAMULLA,010223,CHANDOOSA,BANDI PAYEEN,BMS SOFI MOHALLA BANDI PAYEEN,Pr. with Up.Pr. Sec. and H.Sec.,Department of Education,3-Co-educational,Rural,Operational,193101,34.1243,74.4088,2026-09-02T17:02:56,1005326,0,Operational,,,2,50,0,0,50,0,1,12,3,1,Department of Education,Department of Education,1,1,3,3-Co-educational,1,Bandi Payeen Baramulla,Hssbandipayeen[at]gmail[dot]com,010223011,1008717,0102230002,1001047,1,35,Wagoora,242432,2495,Bandi Payeen,Bandi Payeen A,,,,,2026-27,13,2026-08-24 11:49:43.271,,101,1002,10185,kys_by_year,2026-09-04T23:17:31+00:00
01020600110,HIGHER SECONDARY SCHOOL BEHRAMPORA,01,JAMMU & KASHMIR,0102,BARAMULLA,010206,DANGIWACHA,BEHRAMPORA,BEHRAMPORA C1,Secondary with Higher Secondary,Department of Education,3-Co-educational,Rural,Operational,193303,34.3292,74.3966,2026-09-02T17:02:56,1003575,0,Operational,,,2,50,0,0,50,0,9,12,10,1,Department of Education,Department of Education,1,1,3,3-Co-educational,1,"BEHRAMPORA, RAFIABAD",bhssbehrampore[at]gmail[dot]com,010206001,1008337,0102060001,1001072,1,28,Rafiabad,242426,2237,Behrampora,Behrampora-A,,,,,2026-27,13,2026-02-01 22:03:56.783,,101,1002,10172,kys_by_year,2026-09-04T23:17:31+00:00
01020301108,HIGHER SECONDARY SCHOOL BONIYAR,01,JAMMU & KASHMIR,0102,BARAMULLA,010203,BONIYAR,BONIYAR,(C4) BONIYAR,Secondary with Higher Secondary,Department of Education,3-Co-educational,Rural,Operational,193122,34.174779,74.237229,2026-09-02T17:02:56,1003174,0,Operational,,,2,50,0,0,50,0,9,12,10,1,Department of Education,Department of Education,1,1,3,3-Co-educational,1,village and tesil boniyar,hssboniyar[at]gmail[dot]com,010203011,1008542,0102030004,1001135,1,23,Boniyar,241803,2583,Boniyar,Boniyar,,,,,2026-27,13,2026-01-27 19:36:26.983,,101,1002,10169,kys_by_year,2026-09-04T23:17:31+00:00
01022300207,HIGHER SECONDARY SCHOOL CHANDOOSA,01,JAMMU & KASHMIR,0102,BARAMULLA,010223,CHANDOOSA,CHANDOOSA,MS SHEIKHPATI CHANDOOSA,Secondary with Higher Secondary,Department of Education,3-Co-educational,Rural,Operational,193101,34.1489,74.3883,2026-09-02T17:02:56,1005288,0,Operational,,,2,50,0,0,50,0,9,12,10,1,Department of Education,Department of Education,1,1,3,3-Co-educational,1,Chandoosa Baramulla Jammu and Kashmir,sartajchowdhary[at]gmail[dot]com,010223002,1008271,0102230008,1001053,1,22,Baramulla,242436,2470,Chandoosa,Chandoosa-B,,,,,2026-27,13,2026-08-24 11:28:50.226,,101,1002,10185,kys_by_year,2026-09-04T23:17:32+00:00
01021601117,HIGHER SECONDARY SCHOOL DALINA,01,JAMMU & KASHMIR,0102,BARAMULLA,010216,SINGHPORA (KALAN),DELINA,MS DELINA (A),Secondary with Higher Secondary,Department of Education,3-Co-educational,Rural,Operational,193103,34.2363,74.4235,2026-09-02T17:02:56,1004508,0,Operational,,,2,50,0,0,50,0,9,12,10,1,Department of Education,Department of Education,1,1,3,3-Co-educational,1,DELINA SINGHPORA KALAN BARAMULLA,pr.hrsecdelina[at]gmail[dot]com,010216011,1008147,0102160006,1001001,1,22,Baramulla,241216,2417,Delina,Delina D,,,,,2026-27,13,2026-01-27 19:49:57.198,,101,1002,10179,kys_by_year,2026-09-04T23:17:32+00:00
01020602112,HIGHER SECONDARY SCHOOL DANGIWACHA,01,JAMMU & KASHMIR,0102,BARAMULLA,010206,DANGIWACHA,DANGIWACHA,DANGIWACHA C4,Secondary with Higher Secondary,Department of Education,3-Co-educational,Rural,Operational,193303,34.314,74.3424,2026-09-02T17:02:56,1003629,0,Operational,,,2,50,0,0,50,0,9,12,10,1,Department of Education,Department of Education,1,1,3,3-Co-educational,1,Dangiwacha District Baramulla Jammu and kashmir 193303JK 193303,hssdnw[at]gmail[dot]com,010206021,1008356,0102060004,1001075,1,28,Rafiabad,242424,2251,Danghiwacha,Dangiwacha,,,,,2026-27,13,2026-02-01 22:24:16.884,,101,1002,10172,kys_by_year,2026-09-04T23:17:32+00:00
01021504101,HIGHER SECONDARY SCHOOL DOABGAH,01,JAMMU & KASHMIR,0102,BARAMULLA,010215,ROHAMA,DOABGAH,ACHABAL,Secondary with Higher Secondary,Department of Education,3-Co-educational,Rural,Operational,193201,34.2661,74.4109,2026-09-02T17:02:56,1004449,0,Operational,,,2,50,0,0,50,0,9,12,10,1,Department of Education,Department of Education,1,1,3,3-Co-educational,1,Higher Secondary School Doabgah Rafiabad,hssdoabgah2017[at]gmail[dot]com,010215041,1007163,0102150011,1000987,1,7012,Nadihal,241906,2308,Kartar Garh,Doabgah B,,,,,2026-27,13,2026-01-22 20:19:19.445,,101,1002,10178,kys_by_year,2026-09-04T23:17:33+00:00
01020700709,HIGHER SECONDARY SCHOOL FATEHGARH,01,JAMMU & KASHMIR,0102,BARAMULLA,010207,FATEHGRAH,FATEHGARH,GHS FATEHGARH,Secondary with Higher Secondary,Department of Education,3-Co-educational,Rural,Operational,193101,34.1778,74.3274,2026-09-02T17:02:56,1003722,0,Operational,,,2,50,0,0,50,0,9,12,10,1,Department of Education,Department of Education,1,1,3,3-Co-educational,1,PATLIWAN FATEHGARH BARAMULLA,hssfatehgarh786[at]gmail[dot]com,010207007,1008649,0102070003,1001084,1,7013,Narwah,241184,2435,Fetehgrah,Fategarah,,,,,2026-27,13,2026-01-31 11:08:46.327,,101,1002,10173,kys_by_year,2026-09-04T23:17:33+00:00
01021503210,HIGHER SECONDARY SCHOOL HADIPORA,01,JAMMU & KASHMIR,0102,BARAMULLA,010215,ROHAMA,HADIPORA,GMS HADIPORA,Secondary with Higher Secondary,Department of Education,3-Co-educational,Rural,Operational,193301,34.2928,74.392,2026-09-02T17:02:56,1004430,0,Operational,,,2,50,0,0,50,0,9,12,10,1,Department of Education,Department of Education,1,1,3,3-Co-educational,1,Hadipora Rafiabad Baramulla,hsshadipora2017[at]gmail[dot]com,010215032,1007156,0102150013,1000989,1,29,Rohama,241886,2243,Hadi Pora,Hadipora B,,,,,2026-27,13,2026-01-22 20:15:00.718,,101,1002,10178,kys_by_year,2026-09-04T23:17:33+00:00
01021800417,HIGHER SECONDARY SCHOOL HAIGAM,01,JAMMU & KASHMIR,0102,BARAMULLA,010218,SOPORE,HAIGAM,MS TARZOO,Secondary with Higher Secondary,Department of Education,3-Co-educational,Rural,Operational,193201,34.24017,74.49356,2026-09-02T17:02:56,1004738,0,Operational,,,2,50,0,0,50,0,9,12,10,1,Department of Education,Department of Education,1,1,3,3-Co-educational,1,HAIGAM SOPORE BARAMULLA,hsshaigamsopore123[at]gmail[dot]com,010218004,1007297,0102180006,1001105,1,7016,Sangrama,241956,2219,Hygam,Hygam- B,,,,,2026-27,13,2026-01-29 12:26:18.297,,101,1002,10181,kys_by_year,2026-09-04T23:17:34+00:00
01021502404,HIGHER SECONDARY SCHOOL KHAHMOH,01,JAMMU & KASHMIR,0102,BARAMULLA,010215,ROHAMA,KHAHMOH,ROHAMA,Pr. with Up.Pr. Sec. and H.Sec.,Department of Education,3-Co-educational,Rural,Operational,193301,34.2443,74.2825,2026-09-02T17:02:56,1004400,0,Operational,,,2,50,0,0,50,0,1,12,3,1,Department of Education,Department of Education,1,1,3,3-Co-educational,1,Khahmoh Rohama Rafiabad,hsskhahmoh2019[at]gmail[dot]com,010215024,1007147,0102150019,1000995,1,29,Rohama,241896,2293,Khah Moh,Khahmoo,,,,,2026-27,13,2026-01-22 19:59:28.278,,101,1002,10178,kys_by_year,2026-09-04T23:17:34+00:00
01022005403,HIGHER SECONDARY SCHOOL KHAIPORA,01,JAMMU & KASHMIR,0102,BARAMULLA,010220,TANGMARG,KHAIPORA BALA,M/S HOOM,Secondary with Higher Secondary,Department of Education,3-Co-educational,Rural,Operational,193108,34.126814,74.441301,2026-09-02T17:02:56,1005002,0,Operational,,,2,50,0,0,50,0,9,12,10,1,Department of Education,Department of Education,1,1,3,3-Co-educational,1,KHAIPORA BARAMULLA TANGMARG,hsskhaipora[at]gmail[dot]com,010220054,1007223,0102200009,1001026,1,7010,Khaipora,241971,2607,Khaipora Payeen,Mughalpora,,,,,2026-27,13,2026-01-30 22:00:47.893,,101,1002,10182,kys_by_year,2026-09-04T23:17:34+00:00
01020703605,HIGHER SECONDARY SCHOOL LARIDOORA,01,JAMMU & KASHMIR,0102,BARAMULLA,010207,FATEHGRAH,LALPORA LARIDOORA,BMS DANGERPORA,Secondary with Higher Secondary,Department of Education,3-Co-educational,Rural,Operational,193101,34.1382,74.3506,2026-09-02T17:02:56,1003774,0,Operational,,,2,50,0,0,50,0,9,12,10,1,Department of Education,Department of Education,1,1,3,3-Co-educational,1,Larridora lalpora Baramulla,principalhsslarridora[at]gmail[dot]com,010207036,1008673,0102070007,1001088,1,7013,Narwah,241206,2448,Lalpora,Laridora,,,,,2026-27,13,2026-01-31 11:18:07.635,,101,1002,10173,kys_by_year,2026-09-04T23:17:35+00:00
01022300906,HIGHER SECONDARY SCHOOL NOWGAM KANDI,01,JAMMU & KASHMIR,0102,BARAMULLA,010223,CHANDOOSA,SULTANPORA,MS MORIN TANGWARI,Secondary with Higher Secondary,Department of Education,3-Co-educational,Rural,Operational,193101,34.1211,74.3634,2026-09-02T17:02:56,1005315,0,Operational,,,2,50,0,0,50,0,9,12,10,1,Department of Education,Department of Education,1,1,3,3-Co-educational,1,Nowgam Kandi Baramulla,HR.SEC.NOWGAM[at]GMAIL[dot]COM,010223009,1008278,0102230007,1001052,1,35,Wagoora,242433,2496,Sultanpora Kandi,Sultanpora,,,,,2026-27,13,2026-08-24 11:45:36.556,,101,1002,10185,kys_by_year,2026-09-04T23:17:35+00:00
01020301807,HIGHER SECONDARY SCHOOL PAHLIPORA,01,JAMMU & KASHMIR,0102,BARAMULLA,010203,BONIYAR,IJARA,(C6) PAHLIPORA,Up. Pr. Secondary and Higher Sec,Department of Education,3-Co-educational,Rural,Operational,193122,34.1744,74.2371,2026-09-02T17:02:56,1003203,0,Operational,,,2,50,0,0,50,0,6,12,5,1,Department of Education,Department of Education,1,1,3,3-Co-educational,1,Pahlipora Boniyar Baramulla,hsspahlipora2018[at]gmail[dot]com,010203018,1008565,0102030006,1001137,1,7014,Noorkah,241796,2563,Ijara,Ijara,,,,,2026-27,13,2026-01-27 19:49:03.028,,101,1002,10169,kys_by_year,2026-09-04T23:17:35+00:00
01020503401,HIGHER SECONDARY SCHOOL RAMPORA,01,JAMMU & KASHMIR,0102,BARAMULLA,010205,DANGERPORA,RAMPORA,C1 BMS WATLAB,Pr. with Up.Pr. Sec. and H.Sec.,Department of Education,3-Co-educational,Rural,Operational,193201,34.3681,74.5164,2026-09-02T17:02:56,1003504,0,Operational,,,2,50,0,0,50,0,1,12,3,1,Department of Education,Department of Education,1,1,3,3-Co-educational,1,RAMPORE BLOCK DANGERPORA,highschool.rampora[at]jk[dot]gov[dot]in,010205034,1008005,0102050001,1001054,1,36,Zaingeer,242050,2182,Rampora Rajpora,Rampora,,,,,2026-27,13,2025-03-03 12:01:16.203,,101,1002,10171,kys_by_year,2026-09-04T23:17:36+00:00
01021502215,HIGHER SECONDARY SCHOOL ROHAMA,01,JAMMU & KASHMIR,0102,BARAMULLA,010215,ROHAMA,ROHAMA,ROHAMA,Secondary with Higher Secondary,Department of Education,3-Co-educational,Rural,Operational,193301,34.2742,74.3455,2026-09-02T17:02:56,1004397,0,Operational,,,2,50,0,0,50,0,9,12,10,1,Department of Education,Department of Education,1,1,3,3-Co-educational,1,Rohama Rafiabad Baramulla,hssrohamarfd[at]gmail[dot]com,010215022,1007145,0102150019,1000995,1,29,Rohama,241900,2300,Rohama,Rohama A,,,,,2026-27,13,2026-01-22 19:57:35.819,,101,1002,10178,kys_by_year,2026-09-04T23:17:36+00:00
01021001703,"HIGHER SECONDARY SCHOOLS SALAMABAD, URI",01,JAMMU & KASHMIR,0102,BARAMULLA,010210,JHULLA,SALAMABAD,C6 PS SALAMABAD,Up. Pr. Secondary and Higher Sec,Department of Education,3-Co-educational,Rural,Operational,193123,34.087444,74.024317,2026-09-02T17:02:56,1003852,0,Operational,,,2,50,0,0,50,0,6,12,5,1,Department of Education,Department of Education,1,1,3,3-Co-educational,1,"SALAMABAD, URI, BARAMULLA",hsssalamabad193123[at]gmail[dot]com,010210017,1007793,0102100006,1001096,1,7015,Paranpeela,241992,2532,Salamabad,Salambad,,,,,2026-27,13,2026-08-01 13:15:17.071,,101,1002,10174,kys_by_year,2026-09-04T23:17:36+00:00
01021000701,HIGHER SECONDARY SCHOOL SULTANDAKHI,01,JAMMU & KASHMIR,0102,BARAMULLA,010210,JHULLA,SULTAN DAKIE,C3 MS BUSGRAN,Secondary with Higher Secondary,Department of Education,3-Co-educational,Rural,Operational,193123,34.114726,73.983914,2026-09-02T17:02:56,1003812,0,Operational,,,2,50,0,0,50,0,9,12,10,1,Department of Education,Department of Education,1,1,3,3-Co-educational,1,"SULTANDAKI, URI, BARAMULLA",sultandakihss[at]gmail[dot]com,010210007,1008407,0102100003,1001093,1,7015,Paranpeela,242008,2511,Sultan Daki,Sultan Daki,,,,,2026-27,13,2026-08-01 13:48:06.891,,101,1002,10174,kys_by_year,2026-09-04T23:17:37+00:00
01021202204,HIGHER SECONDARY SCHOOL TILGAM,01,JAMMU & KASHMIR,0102,BARAMULLA,010212,NEHALPORA,TILGAM,CHANDERSEER,Up. Pr. Secondary and Higher Sec,Department of Education,3-Co-educational,Rural,Operational,193121,34.1526,74.4861,2026-09-02T17:02:56,1004074,0,Operational,,,2,50,0,0,50,0,6,12,5,1,Department of Education,Department of Education,1,1,3,3-Co-educational,1,tigam pattan baramulla,bhstilgam[at]gmail[dot]com,010212022,1008741,0102120012,1000972,1,27,Pattan,241847,2335,Tilgam,Tilgam-B,,,,,2026-27,13,2026-02-12 14:19:07.635,,101,1002,10176,kys_by_year,2026-09-04T23:17:37+00:00
01020504803,HIGHER SECONDARY SCHOOL ZALOORA,01,JAMMU & KASHMIR,0102,BARAMULLA,010205,DANGERPORA,ZALOORA,C8 SAGIPORA,Pr. with Up.Pr. Sec. and H.Sec.,Department of Education,3-Co-educational,Rural,Operational,193201,34.3681,74.5164,2026-09-02T17:02:56,1003540,0,Operational,,,2,50,0,0,50,0,1,12,3,1,Department of Education,Department of Education,1,1,3,3-Co-educational,1,HSS Zaloora Zaingair,hszaloora2018[at]gmail[dot]com,010205048,1007961,0102050008,1001071,1,7018,Tujjar Sharief,242039,2176,Zaloora,Zaloora B,,,,,2026-27,13,2025-03-03 12:19:41.123,,101,1002,10171,kys_by_year,2026-09-04T23:17:37+00:00
01021100804,HIGHER SECONDERY SCHOOL HARDSHOORA,01,JAMMU & KASHMIR,0102,BARAMULLA,010211,KUNZAR,HARDUSHOORA,MS Hard Shoora,Secondary with Higher Secondary,Department of Education,3-Co-educational,Rural,Operational,193404,34.0791,74.4917,2026-09-02T17:02:56,1003900,0,Operational,,,2,50,0,0,50,0,9,12,10,1,Department of Education,Department of Education,1,1,3,3-Co-educational,1,HARDUSHOORA KUNZER BARAMULLA,hsshardushoora22[at]gmail[dot]com,010211008,1008436,0102110001,1001123,1,7019,Wailoo,241826,931664,Hard Shoora,Hard Shoora,,,,,2026-27,13,2026-01-25 21:31:36.837,,101,1002,10175,kys_by_year,2026-09-04T23:17:38+00:00
01021106507,HIGHER SECONDERY SCHOOL KUNZAR,01,JAMMU & KASHMIR,0102,BARAMULLA,010211,KUNZAR,KUNZER,MS KUNZER,Secondary with Higher Secondary,Department of Education,3-Co-educational,Urban,Operational,193404,34.0778,74.4835,2026-09-02T17:02:56,1004011,0,Operational,,,2,50,0,0,50,0,9,12,10,1,Department of Education,Department of Education,1,1,3,3-Co-educational,2,KUNZER KUNZER BARAMULLA,hsskunzer[at]gmail[dot]com,010211065,1008484,0102110007,1001129,1,0,,,,,,248153,Municipal Committee Kunzer-Municipality,10042,Kunzer (NAC) - Ward No.1,2026-27,13,2026-01-25 22:17:04.171,,101,1002,10175,kys_by_year,2026-09-04T23:17:38+00:00
01021105503,HIGHER SECONDERY SCHOOL LALPORA,01,JAMMU & KASHMIR,0102,BARAMULLA,010211,KUNZAR,LALPORA,MS Mongloora,Secondary with Higher Secondary,Department of Education,3-Co-educational,Rural,Operational,193404,34.0791,74.4917,2026-09-02T17:02:56,1003990,0,Operational,,,2,50,0,0,50,0,9,12,10,1,Department of Education,Department of Education,1,1,3,3-Co-educational,1,Lalpora Kunzer Baramulla,hsslalporakunzer[at]gmail[dot]com,010211055,1008476,0102110008,1001130,1,7011,Lalpora,241844,2697,Lalpora,Lalpora B,,,,,2026-27,13,2026-01-25 22:07:26.33,,101,1002,10175,kys_by_year,2026-09-04T23:17:38+00:00
01021106704,HIGHER SECONDERY SCHOOLTARHAMA,01,JAMMU & KASHMIR,0102,BARAMULLA,010211,KUNZAR,TARHAMA,MS Ganie Mohalla HARDU ABOORA,Secondary with Higher Secondary,Department of Education,3-Co-educational,Rural,Operational,193404,34.073,74.543,2026-09-02T17:02:56,1004014,0,Operational,,,2,50,0,0,50,0,9,12,10,1,Department of Education,Department of Education,1,1,3,3-Co-educational,1,TARHAMA KARHAMA BARAMULLA,ghsstarhama[at]gmail[dot]com,010211067,1008486,0102110005,1001127,1,7008,Hardaboora,241816,2406,Tarhama,Tarahama,,,,,2026-27,13,2026-01-25 22:15:57.123,,101,1002,10175,kys_by_year,2026-09-04T23:17:39+00:00
01022101716,HIGHER SECONDRY SCHOOL NAMBLA,01,JAMMU & KASHMIR,0102,BARAMULLA,010221,URI,NAMBLA,HS NAMBLA,Up. Pr. Secondary and Higher Sec,Department of Education,3-Co-educational,Rural,Operational,193123,34.0705,74.1057,2026-09-02T17:02:56,1005098,0,Operational,,,2,50,0,0,50,0,6,12,5,1,Department of Education,Department of Education,1,1,3,3-Co-educational,1,"GOVT HIGHER SECONDERY SCHOOL NAMBLA, URI",zeouri2015[at]gmail[dot]com,010221017,1008010,0102210008,1001035,1,34,Uri,242014,2548,Nambla,Nambla B,,,,,2026-27,13,2026-01-30 12:29:05.827,,101,1002,10183,kys_by_year,2026-09-04T23:17:39+00:00
01022102324,HIGHER SECONDRY URI,01,JAMMU & KASHMIR,0102,BARAMULLA,010221,URI,URI TOWN,BMS URI,Secondary with Higher Secondary,Department of Education,1-Boys,Urban,Operational,193123,34.0781,74.055,2026-09-02T17:02:56,1005130,0,Operational,,,2,50,0,0,50,0,9,12,10,1,Department of Education,Department of Education,1,1,1,1-Boys,2,Main Uri Tehsil Uri District Baramulla,bhssuri[at]gmail[dot]com,010221023,1008233,0102210003,1001030,1,0,,,,,,248152,Municipal Committee Uri-Municipality,10040,Uri (NAC) - Ward No.3,2026-27,13,2026-01-30 12:29:19.403,,101,1002,10183,kys_by_year,2026-09-04T23:17:39+00:00
01021203803,HIGHLAND PUBLIC SCHOOL SDPORA,01,JAMMU & KASHMIR,0102,BARAMULLA,010212,NEHALPORA,SERU DANGERPORA,BMS NEHALPORA,Primary,Private Unaided (Recognized) ,3-Co-educational,Rural,Operational,193121,34.1607,74.5545,2026-09-02T17:02:56,1004118,0,Operational,,,2,50,0,0,50,0,1,5,1,5,Private Unaided (Recognized) ,Private Unaided (Recognized),3,5,3,3-Co-educational,1,serudangerpora pattan ,Anr6906[at]gmail[dot]com,010212038,1008755,0102120005,1000966,1,27,Pattan,241866,2379,Sero Gowa Dangerpora,Dangerpora,,,,,2026-27,13,2026-01-28 14:15:16.687,,101,1002,10176,kys_by_year,2026-09-04T23:17:40+00:00
01021503102,HIGH SCHOOL ACHABAL,01,JAMMU & KASHMIR,0102,BARAMULLA,010215,ROHAMA,ACHABAL,ACHABAL,Upper Pr. and Secondary,Department of Education,3-Co-educational,Rural,Operational,193201,34.2735,74.404,2026-09-02T17:02:56,1004419,0,Operational,,,2,50,0,0,50,0,6,10,7,1,Department of Education,Department of Education,1,1,3,3-Co-educational,1,Achabal Rafiabad Baramulla,achabalhighschool125[at]gmail[dot]com,010215031,1007155,0102150011,1000987,1,7012,Nadihal,241903,2309,Achha Bal,Achabal-A,,,,,2026-27,13,2026-01-22 20:07:14.488,,101,1002,10178,kys_by_year,2026-09-04T23:17:40+00:00
01020401702,HIGH SCHOOL AHANGER MOHALLA LACHIPORA,01,JAMMU & KASHMIR,0102,BARAMULLA,010204,CHANDANWARI,LACHIPORA,MS GAWAS,Pr. Up Pr. and Secondary Only,Department of Education,3-Co-educational,Rural,Operational,193122,34.1725,74.0831,2026-09-02T17:02:56,1003310,0,Operational,,,2,50,0,0,50,0,1,10,6,1,Department of Education,Department of Education,1,1,3,3-Co-educational,1,Lachipora Boniyar Uri,gsslachipora[at]gmail[dot]com,010204017,1008697,0102040005,1001058,1,7006,Bijhama,241785,2557,Sheer Wanipora,Lachipora B,,,,,2026-27,13,2026-01-28 13:43:49.032,,101,1002,10170,kys_by_year,2026-09-04T23:17:40+00:00
01021800901,HIGH SCHOOL AMARGARH,01,JAMMU & KASHMIR,0102,BARAMULLA,010218,SOPORE,AMARGARH,HS AMARGRAH,Upper Pr. and Secondary,Department of Education,3-Co-educational,Rural,Operational,193201,34.2532,74.4578,2026-09-02T17:02:56,1004751,0,Operational,,,2,50,0,0,50,0,6,10,7,1,Department of Education,Department of Education,1,1,3,3-Co-educational,1,AMARGRAH SOPORE BARAMULLA,hsamargarh22[at]gmail[dot]com,010218009,1007301,0102180003,1001102,1,7016,Sangrama,241943,2233,Amargarh,Amargrah,,,,,2026-27,13,2025-03-02 23:42:07.882,,101,1002,10181,kys_by_year,2026-09-04T23:17:41+00:00
01021303105,HIGH SCHOOL ANDERGAM,01,JAMMU & KASHMIR,0102,BARAMULLA,010213,PATTAN,ANDERGAM,HAMRAY,Upper Pr. and Secondary,Department of Education,3-Co-educational,Rural,Operational,193121,34.2081,74.5266,2026-09-02T17:02:56,1004293,0,Operational,,,2,50,0,0,50,0,6,10,7,1,Department of Education,Department of Education,1,1,3,3-Co-educational,1,ANDERGAM PATTAN BARAMULLA,bhsandergam44065[at]gmail[dot]com,010213031,1006887,0102130009,1000961,1,27,Pattan,241875,2320,Andergam,Indergam,,,,,2026-27,13,2026-01-25 13:07:08.493,,101,1002,10177,kys_by_year,2026-09-04T23:17:41+00:00
01021500705,HIGH SCHOOL BALHAMA,01,JAMMU & KASHMIR,0102,BARAMULLA,010215,ROHAMA,BALHAMA NARIBAL,PANZLLA,Upper Pr. and Secondary,Department of Education,3-Co-educational,Rural,Operational,193301,34.266991,74.262572,2026-09-02T17:02:56,1004359,0,Operational,,,2,50,0,0,50,0,6,10,7,1,Department of Education,Department of Education,1,1,3,3-Co-educational,1,Govt.High School Balhama Rafiabad,hmhsbalhama[at]gmail[dot]com,010215007,1007133,0102150003,1000980,1,29,Rohama,241898,2286,Balham Thankanpora,Balhama,,,,,2026-27,13,2026-01-22 19:41:18.108,,101,1002,10178,kys_by_year,2026-09-04T23:17:41+00:00
01022101110,HIGH SCHOOL BALKOTE,01,JAMMU & KASHMIR,0102,BARAMULLA,010221,URI,BALKOTE,HS BALKOTE,Pr. Up Pr. and Secondary Only,Department of Education,3-Co-educational,Rural,Operational,193123,34.0538,74.0771,2026-09-02T17:02:56,1005061,0,Operational,,,2,50,0,0,50,0,1,10,6,1,Department of Education,Department of Education,1,1,3,3-Co-educational,1,balkote uri baramulla uri,hsbalkoteuri1[at]gmail[dot]com,010221011,1008929,0102210005,1001032,1,34,Uri,242011,2544,Balkote,Balkote,,,,,2026-27,13,2026-01-30 12:17:33.267,,101,1002,10183,kys_by_year,2026-09-04T23:17:42+00:00
01020300601,HIGH SCHOOL BANALI,01,JAMMU & KASHMIR,0102,BARAMULLA,010203,BONIYAR,BANALI,(C2) BANALI,Pr. Up Pr. and Secondary Only,Department of Education,3-Co-educational,Rural,Operational,193122,34.0945,74.2074,2026-09-02T17:02:56,1003151,0,Operational,,,2,50,0,0,50,0,1,10,6,1,Department of Education,Department of Education,1,1,3,3-Co-educational,1,Banali Boniyar Baramulla,hsbanali601[at]gmail[dot]com,010203006,1008537,0102030002,1001133,1,23,Boniyar,241809,2593,Banali,Banali,,,,,2026-27,13,2026-01-27 19:26:45.72,,101,1002,10169,kys_by_year,2026-09-04T23:17:42+00:00
01022300702,HIGH SCHOOL BANDI BALA,01,JAMMU & KASHMIR,0102,BARAMULLA,010223,CHANDOOSA,BANDI BALA,MS DOADBUGH,Pr. Up Pr. and Secondary Only,Department of Education,3-Co-educational,Rural,Operational,193101,34.1005,74.3752,2026-09-02T17:02:56,1005306,0,Operational,,,2,50,0,0,50,0,1,10,6,1,Department of Education,Department of Education,1,1,3,3-Co-educational,1,bandibala p/o- Sultanpora,hsbandibala[at]gmail[dot]com,010223007,1008276,0102230003,1001048,1,35,Wagoora,242431,2501,Bandi Bala,Bandi Bala,,,,,2026-27,13,2026-08-24 11:42:28.644,,101,1002,10185,kys_by_year,2026-09-04T23:17:42+00:00
01020300901,HIGH SCHOOL BERNATE,01,JAMMU & KASHMIR,0102,BARAMULLA,010203,BONIYAR,BERNATE,(C3) BERNATE,Pr. Up Pr. and Secondary Only,Department of Education,3-Co-educational,Rural,Operational,193122,34.1282,74.2013,2026-09-02T17:02:56,1003162,0,Operational,,,2,50,0,0,50,0,1,10,6,1,Department of Education,Department of Education,1,1,3,3-Co-educational,1,Bernate Boniyar Baramulla,Hs.bernate786[at]gmail[dot]com,010203009,1008540,0102030003,1001134,1,23,Boniyar,241806,2586,Bernate,Barnate,,,,,2026-27,13,2026-01-27 19:31:46.067,,101,1002,10169,kys_by_year,2026-09-04T23:17:43+00:00
01020301602,HIGH SCHOOL BIMYAR,01,JAMMU & KASHMIR,0102,BARAMULLA,010203,BONIYAR,BIMYAR,(C5) BIMYAR,Pr. Up Pr. and Secondary Only,Department of Education,3-Co-educational,Rural,Operational,193122,34.1551,74.2021,2026-09-02T17:02:56,1003185,0,Operational,,,2,50,0,0,50,0,1,10,6,1,Department of Education,Department of Education,1,1,3,3-Co-educational,1,Bimyar Boniyar Baramulla,govthsbimyar1602[at]gmail[dot]com,010203016,1008564,0102030005,1001136,1,7014,Noorkah,288805,2562,Bimyar,Bimyar A,,,,,2026-27,13,2026-01-27 19:42:12.964,,101,1002,10169,kys_by_year,2026-09-04T23:17:43+00:00
01021500501,HIGH SCHOOL BRAMAN,01,JAMMU & KASHMIR,0102,BARAMULLA,010215,ROHAMA,BRAMAN,SAILKOTE,Pr. Up Pr. and Secondary Only,Department of Education,3-Co-educational,Rural,Operational,193301,34.2444,74.2661,2026-09-02T17:02:56,1004349,0,Operational,,,2,50,0,0,50,0,1,10,6,1,Department of Education,Department of Education,1,1,3,3-Co-educational,1,High School Braman Rafiabad,headmasterhsbraman501[at]gmail[dot]com,010215005,1007131,0102150001,1000978,1,29,Rohama,241895,2291,Braman,Braman,,,,,2026-27,13,2025-03-03 12:02:42.569,,101,1002,10178,kys_by_year,2026-09-04T23:17:43+00:00
01022001601,HIGH SCHOOL BUDERKOTE,01,JAMMU & KASHMIR,0102,BARAMULLA,010220,TANGMARG,BADERKOTE,MS CHANDIL,Pr. Up Pr. and Secondary Only,Department of Education,3-Co-educational,Rural,Operational,193401,34.041212,74.45379,2026-09-02T17:02:56,1004918,0,Operational,,,2,50,0,0,50,0,1,10,6,1,Department of Education,Department of Education,1,1,3,3-Co-educational,1,BADERKOTE TANGMARG BARAMULLA,gghsbuderkote[at]gmail[dot]com,010220016,1007958,0102200004,1001021,1,7007,Chandil Wangam,241985,2696,Buderkote,Buderkote,,,,,2026-27,13,2026-01-30 21:04:38.553,,101,1002,10182,kys_by_year,2026-09-04T23:17:44+00:00
01021000801,HIGH SCHOOL BUSGRAN,01,JAMMU & KASHMIR,0102,BARAMULLA,010210,JHULLA,BUSGRAN,C3 MS BUSGRAN,Pr. Up Pr. and Secondary Only,Department of Education,3-Co-educational,Rural,Operational,193123,34.115336,74.001183,2026-09-02T17:02:56,1003817,0,Operational,,,2,50,0,0,50,0,1,10,6,1,Department of Education,Department of Education,1,1,3,3-Co-educational,1,"BUSGRAN, URI, BARAMULLA",hsbasgran1953[at]gmail[dot]com,010210008,1008408,0102100003,1001093,1,7015,Paranpeela,242007,2510,Busgran,Dachi,,,,,2026-27,13,2026-08-01 13:39:12.402,,101,1002,10174,kys_by_year,2026-09-04T23:17:44+00:00
01022001401,HIGH SCHOOL CHANDIL WANIGAM,01,JAMMU & KASHMIR,0102,BARAMULLA,010220,TANGMARG,WANIGAM,MS CHANDIL,Upper Pr. and Secondary,Department of Education,3-Co-educational,Rural,Operational,193402,34.05551,74.484617,2026-09-02T17:02:56,1004911,0,Operational,,,2,50,0,0,50,0,6,10,7,1,Department of Education,Department of Education,1,1,3,3-Co-educational,1,WANIGAM TANGMARG BARAMULLA,hswanigam2018[at]gmail[dot]com,010220014,1007258,0102200004,1001021,1,7007,Chandil Wangam,241984,936685,Wanigam,Chandil Wanigam,,,,,2026-27,13,2026-01-30 20:57:37.194,,101,1002,10182,kys_by_year,2026-09-04T23:17:44+00:00
01021801201,HIGH SCHOOL CHOORA,01,JAMMU & KASHMIR,0102,BARAMULLA,010218,SOPORE,CHOORA,MS MUQAM,Pr. Up Pr. and Secondary Only,Department of Education,3-Co-educational,Rural,Operational,193201,34.2462,74.5065,2026-09-02T17:02:56,1004758,0,Operational,,,2,50,0,0,50,0,1,10,6,1,Department of Education,Department of Education,1,1,3,3-Co-educational,1,CHOORA SOPORE BARAMULLA,ghschoora201[at]gmail[dot]com,010218012,1007304,0102180008,1001107,1,7016,Sangrama,241947,2226,Chooro,Putkha Muqam,,,,,2026-27,13,2026-01-30 16:41:47.685,,101,1002,10181,kys_by_year,2026-09-04T23:17:45+00:00
01022000401,HIGH SCHOOL CHOUNTIPATHRI,01,JAMMU & KASHMIR,0102,BARAMULLA,010220,TANGMARG,CHONTIPATHERI,GMS FEROZPORA,Pr. Up Pr. and Secondary Only,Department of Education,3-Co-educational,Rural,Operational,193402,34.0606,74.4269,2026-09-02T17:02:56,1004884,0,Operational,,,2,50,0,0,50,0,1,10,6,1,Department of Education,Department of Education,1,1,3,3-Co-educational,1,CHOUNTIPATHRI BABARESHI TANGMARG,GOVTHIGHSCHOOLCHOUNTIPATHRI123[at]GMAIL[dot]COM,010220004,1007249,0102200001,1001018,1,33,Tangmarag,241958,2630,Hajibal,Baba Reshi Chintipathri,,,,,2026-27,13,2026-02-07 19:25:58.403,,101,1002,10182,kys_by_year,2026-09-04T23:17:45+00:00
01022301301,HIGH SCHOOL DANDMOHA,01,JAMMU & KASHMIR,0102,BARAMULLA,010223,CHANDOOSA,DANDMOHA,M.S DANDMOAH,Pr. Up Pr. and Secondary Only,Department of Education,3-Co-educational,Rural,Operational,193101,34.1138,74.3916,2026-09-02T17:02:56,1005332,0,Operational,,,2,50,0,0,50,0,1,10,6,1,Department of Education,Department of Education,1,1,3,3-Co-educational,1,Dandmoha Zone Chandoosa,hsdandmoha[at]gmail[dot]com,010223013,1008719,0102230001,1001064,1,35,Wagoora,242430,2493,Dandmoh,Dandmooh,,,,,2026-27,13,2026-08-24 11:51:42.212,,101,1002,10185,kys_by_year,2026-09-04T23:17:45+00:00
01021001901,HIGH SCHOOL DARDKOTE,01,JAMMU & KASHMIR,0102,BARAMULLA,010210,JHULLA,DARDKOTE,C7 HS DARDKOTE,Pr. Up Pr. and Secondary Only,Department of Education,3-Co-educational,Rural,Operational,193123,34.117705,73.985758,2026-09-02T17:02:56,1003860,0,Operational,,,2,50,0,0,50,0,1,10,6,1,Department of Education,Department of Education,1,1,3,3-Co-educational,1,"DARDKOTE, URI, BARAMULLA",highschooldardkote786[at]gmail[dot]com,010210019,1007794,0102100007,1001097,1,7015,Paranpeela,241990,2529,Dardkote,Dardkote,,,,,2026-27,13,2026-08-01 13:13:42.951,,101,1002,10174,kys_by_year,2026-09-04T23:17:46+00:00
01021104901,HIGH SCHOOL DEV BUGH,01,JAMMU & KASHMIR,0102,BARAMULLA,010211,KUNZAR,DEVBUGH,MS KUNZER,Pr. Up Pr. and Secondary Only,Department of Education,3-Co-educational,Rural,Operational,193404,34.0793,74.4908,2026-09-02T17:02:56,1003964,0,Operational,,,2,50,0,0,50,0,1,10,6,1,Department of Education,Department of Education,1,1,3,3-Co-educational,1,DEVBUGH KUNZER BARAMULLA,govthighschooldevbugh[at]gmail[dot]com,010211049,1008470,0102110007,1001129,1,26,Kunzer,241838,2647,Devbugh,Devbugh,,,,,2026-27,13,2026-01-25 21:57:34.314,,101,1002,10175,kys_by_year,2026-09-04T23:17:46+00:00
01021105401,HIGH SCHOOL DOBIWAN,01,JAMMU & KASHMIR,0102,BARAMULLA,010211,KUNZAR,DOBIWAN,MS Mongloora,Pr. Up Pr. and Secondary Only,Department of Education,3-Co-educational,Rural,Operational,193402,34.07,74.4917,2026-09-02T17:02:56,1003984,0,Operational,,,2,50,0,0,50,0,1,10,6,1,Department of Education,Department of Education,1,1,3,3-Co-educational,1,Dhobiwan Kunzar Tangmarg Baramulla,ghsdobiwan2017[at]gmail[dot]com,010211054,1008475,0102110008,1001130,1,7011,Lalpora,288835,2698,Dohobiwan,Dhobiwan,,,,,2026-27,13,2026-01-25 22:09:55.45,,101,1002,10175,kys_by_year,2026-09-04T23:17:46+00:00
01022000304,HIGH SCHOOL FEROZPORA,01,JAMMU & KASHMIR,0102,BARAMULLA,010220,TANGMARG,FEROZPORA,GMS FEROZPORA,Upper Pr. and Secondary,Department of Education,3-Co-educational,Rural,Operational,193402,34.056526,74.429118,2026-09-02T17:02:56,1004875,0,Operational,,,2,50,0,0,50,0,6,10,7,1,Department of Education,Department of Education,1,1,3,3-Co-educational,1,FEROZPORA TANGMARG BARAMULLA,HSFEROZPORA[at]GMAIL[dot]COM,010220003,1007248,0102200001,1001018,1,33,Tangmarag,241964,2672,Feroz Pora,Ferozpora -A,,,,,2026-27,13,2026-01-30 20:00:57.401,,101,1002,10182,kys_by_year,2026-09-04T23:17:47+00:00
01022007702,HIGH SCHOOL GOGALDARA,01,JAMMU & KASHMIR,0102,BARAMULLA,010220,TANGMARG,GOGALDARA,MS CHANDIL,Pr. Up Pr. and Secondary Only,Department of Education,3-Co-educational,Rural,Operational,193411,34.021121,74.474621,2026-09-02T17:02:56,1005019,0,Operational,,,2,50,0,0,50,0,1,10,6,1,Department of Education,Department of Education,1,1,3,3-Co-educational,1,GOGALDARA TANGMARG BARAMULLA,GHSGOGALDARA0018[at]GMAIL[dot]COM,010220077,1000007,0102200004,1001021,1,7007,Chandil Wangam,241983,2694,Gogaldara,Gogaldara,,,,,2026-27,13,2026-01-30 22:12:46.715,,101,1002,10182,kys_by_year,2026-09-04T23:17:47+00:00
01021001205,HIGH SCHOOL GOHALLAN,01,JAMMU & KASHMIR,0102,BARAMULLA,010210,JHULLA,GOHALLAN,C5 HS GOHALLAN,Pr. Up Pr. and Secondary Only,Department of Education,3-Co-educational,Rural,Operational,193123,34.05485,74.006013,2026-09-02T17:02:56,1003836,0,Operational,,,2,50,0,0,50,0,1,10,6,1,Department of Education,Department of Education,1,1,3,3-Co-educational,1,"GOHALLAN, URI, BARAMULLA",govtbhsgohallan[at]gmail[dot]com,010210012,1008412,0102100005,1001095,1,7015,Paranpeela,242016,2535,Gohalan,Gohallan,,,,,2026-27,13,2026-08-01 13:24:25.506,,101,1002,10174,kys_by_year,2026-09-04T23:17:47+00:00
01020503005,HIGH SCHOOL GORIPORA,01,JAMMU & KASHMIR,0102,BARAMULLA,010205,DANGERPORA,GORIPORA,C6 BOMAI,Pr. Up Pr. and Secondary Only,Department of Education,3-Co-educational,Rural,Operational,193201,34.35,74.435,2026-09-02T17:02:56,1003495,0,Operational,,,2,50,0,0,50,0,1,10,6,1,Department of Education,Department of Education,1,1,3,3-Co-educational,1,GORIPORA BOMAI ZAINGAIR,hsgoripora2014[at]gmail[dot]com,010205030,1008310,0102050006,1001069,1,7018,Tujjar Sharief,242044,2197,Goripora Darpora,Goripiora,,,,,2026-27,13,2025-03-03 11:55:43.928,,101,1002,10171,kys_by_year,2026-09-04T23:17:48+00:00
01021002201,HIGH SCHOOL GOWALTA,01,JAMMU & KASHMIR,0102,BARAMULLA,010210,JHULLA,GOWALTA,C8 MS UROOSA,Pr. Up Pr. and Secondary Only,Department of Education,3-Co-educational,Rural,Operational,193123,34.089,73.9257,2026-09-02T17:02:56,1003878,0,Operational,,,2,50,0,0,50,0,1,10,6,1,Department of Education,Department of Education,1,1,3,3-Co-educational,1,"GOWALTA, URI, BARAMULLA",gowaltabhs[at]gmail[dot]com,010210022,1008418,0102100008,1001098,1,7015,Paranpeela,241987,2525,Gowaltha,Gawalta,,,,,2026-27,13,2026-08-01 12:46:58.076,,101,1002,10174,kys_by_year,2026-09-04T23:17:48+00:00
01021302701,HIGH SCHOOL HAMMRAY,01,JAMMU & KASHMIR,0102,BARAMULLA,010213,PATTAN,HAMRAY,HAMRAY,Upper Pr. and Secondary,Department of Education,3-Co-educational,Rural,Operational,193121,34.212,74.51,2026-09-02T17:02:56,1004277,0,Operational,,,2,50,0,0,50,0,6,10,7,1,Department of Education,Department of Education,1,1,3,3-Co-educational,1,HAMRAY PATTAN BARAMULLA,highschoolhamray[at]gmail[dot]com,010213027,1008792,0102130009,1000961,1,27,Pattan,241874,2319,Hamrey,Hamray,,,,,2026-27,13,2026-01-25 13:01:57.059,,101,1002,10177,kys_by_year,2026-09-04T23:17:48+00:00
01022003401,HIGH SCHOOL HARDU MADAM,01,JAMMU & KASHMIR,0102,BARAMULLA,010220,TANGMARG,HARDU MADAM,MS KHAMINDERPORA,Pr. Up Pr. and Secondary Only,Department of Education,3-Co-educational,Rural,Operational,193402,34.209274,74.5055,2026-09-02T17:02:56,1004961,0,Operational,,,2,50,0,0,50,0,1,10,6,1,Department of Education,Department of Education,1,1,3,3-Co-educational,1,HARDU MADAM TANGMARG KMR,Ghshardumadam3401[at]gmail[dot]com,010220034,1007277,0102200010,1001027,1,33,Tangmarag,241959,2664,Hardu Madam,Hard Madam,,,,,2026-27,13,2026-01-30 21:39:12.508,,101,1002,10182,kys_by_year,2026-09-04T23:17:49+00:00
01020502501,HIGH SCHOOL HARWAN,01,JAMMU & KASHMIR,0102,BARAMULLA,010205,DANGERPORA,HARWAN,C5 GMS TUJAR,Pr. Up Pr. and Secondary Only,Department of Education,3-Co-educational,Rural,Operational,193201,34.3681,74.5164,2026-09-02T17:02:56,1003463,0,Operational,,,2,50,0,0,50,0,1,10,6,1,Department of Education,Department of Education,1,1,3,3-Co-educational,1,HS Harwan Bomai Zaingair ,ghsharwan2020[at]gmail[dot]com,010205025,1008305,0102050005,1001068,1,7018,Tujjar Sharief,242020,2177,Harwan,Harwan,,,,,2026-27,13,2026-01-25 17:27:27.521,,101,1002,10171,kys_by_year,2026-09-04T23:17:49+00:00
01021603001,HIGH SCHOOL HUDPORA,01,JAMMU & KASHMIR,0102,BARAMULLA,010216,SINGHPORA (KALAN),HUDPORA,HS Hudpora,Pr. Up Pr. and Secondary Only,Department of Education,3-Co-educational,Rural,Operational,193103,34.1725,74.4098,2026-09-02T17:02:56,1004534,0,Operational,,,2,50,0,0,50,0,1,10,6,1,Department of Education,Department of Education,1,1,3,3-Co-educational,1,HUDIPORA WAHDATPORA SINGHPORA KALAN BARAMULLA,HEADMASTERHSHDP[at]GMAIL[dot]COM,010216030,1008509,0102160003,1000998,1,22,Baramulla,242441,936665,Hudpora,Hudpora,,,,,2026-27,13,2026-01-27 19:52:08.615,,101,1002,10179,kys_by_year,2026-09-04T23:17:49+00:00
01021002101,HIGH SCHOOL ISHAM,01,JAMMU & KASHMIR,0102,BARAMULLA,010210,JHULLA,ISHAM,C8 MS UROOSA,Upper Pr. and Secondary,Department of Education,3-Co-educational,Rural,Operational,193123,34.098553,73.949024,2026-09-02T17:02:56,1003873,0,Operational,,,2,50,0,0,50,0,6,10,7,1,Department of Education,Department of Education,1,1,3,3-Co-educational,1,"ISHAM, URI, BARAMULLA",hsisham4[at]gmail[dot]com,010210021,1008099,0102100008,1001098,1,34,Uri,241988,2527,Isham,Ishem,,,,,2026-27,13,2026-08-01 12:50:42.125,,101,1002,10174,kys_by_year,2026-09-04T23:17:50+00:00
01022204701,HIGH SCHOOL KAKOWTHAL,01,JAMMU & KASHMIR,0102,BARAMULLA,010222,WAGOORA,KAKOWTHAL,KAKOTHAL,Pr. Up Pr. and Secondary Only,Department of Education,3-Co-educational,Rural,Operational,193108,34.1274,74.421,2026-09-02T17:02:56,1005260,0,Operational,,,2,50,0,0,50,0,1,10,6,1,Department of Education,Department of Education,1,1,3,3-Co-educational,1,KAKOTHAL KREERI ZONE WAGOORA,hskakothal49[at]gmail[dot]com,010222047,1008526,0102220012,1001046,1,35,Wagoora,242445,2491,Kakothal,Kakovthal A,,,,,2026-27,13,2026-01-22 21:08:10.932,,101,1002,10184,kys_by_year,2026-09-04T23:17:50+00:00
01022200305,HIGH SCHOOL KALANTRA PAYEEN,01,JAMMU & KASHMIR,0102,BARAMULLA,010222,WAGOORA,KALANTRA PAYEEN,KALANTRA PAYEEN,Upper Pr. and Secondary,Department of Education,3-Co-educational,Rural,Operational,193101,34.1339,74.4048,2026-09-02T17:02:56,1005138,0,Operational,,,2,50,0,0,50,0,6,10,7,1,Department of Education,Department of Education,1,1,3,3-Co-educational,1,HEADMASTER KALANTRA PAYEEN BLOCK WAGOORA,hskalantra[at]gmail[dot]com,010222003,1008254,0102220001,1001036,1,35,Wagoora,242444,2490,Kalantra Payeen,Kalantara,,,,,2026-27,13,2026-01-22 15:36:22.885,,101,1002,10184,kys_by_year,2026-09-04T23:17:50+00:00
01021000101,HIGH SCHOOL KAMALKOTE,01,JAMMU & KASHMIR,0102,BARAMULLA,010210,JHULLA,KAMAL KOTE,C2 MS NADIAN,Upper Pr. and Secondary,Department of Education,1-Boys,Rural,Operational,193123,34.135866,73.974738,2026-09-02T17:02:56,1003780,0,Operational,,,2,50,0,0,50,0,6,10,7,1,Department of Education,Department of Education,1,1,1,1-Boys,1,"KAMALKOTE, JHULLA URI",hskamalkote[at]gmail[dot]com,010210001,1008401,0102100002,1001092,1,7015,Paranpeela,241996,2516,Hard Kamal Kote,Kamalkote,,,,,2026-27,13,2026-08-01 12:39:59.962,,101,1002,10174,kys_by_year,2026-09-04T23:17:51+00:00
01022101314,HIGH SCHOOL KANDIKALLAR GARKOTE,01,JAMMU & KASHMIR,0102,BARAMULLA,010221,URI,GARKOTE,GMS GARKOTE,Upper Pr. and Secondary,Department of Education,3-Co-educational,Rural,Operational,193123,34.0852,74.0814,2026-09-02T17:02:56,1005072,0,Operational,,,2,50,0,0,50,0,6,10,7,1,Department of Education,Department of Education,1,1,3,3-Co-educational,1,KANDIKALLAR URI BARAMULLA,hskandikallar[at]gmail[dot]com,010221013,1008224,0102210006,1001033,1,34,Uri,242003,2549,Garkote,Garkote-B,,,,,2026-27,13,2026-01-30 12:19:48.101,,101,1002,10183,kys_by_year,2026-09-04T23:17:51+00:00
01021600502,HIGH SCHOOL KANISPORA,01,JAMMU & KASHMIR,0102,BARAMULLA,010216,SINGHPORA (KALAN),KANISPORA,KANISPORA (A),Pr. Up Pr. and Secondary Only,Department of Education,3-Co-educational,Rural,Operational,193103,34.2282,74.3974,2026-09-02T17:02:56,1004487,0,Operational,,,2,50,0,0,50,0,1,10,6,1,Department of Education,Department of Education,1,1,3,3-Co-educational,1,Kanispora - Baramulla,bhskanispora[at]gmail[dot]com,010216005,1007186,0102160002,1000997,1,22,Baramulla,288802,2450,Kanispora,Kanispora B,,,,,2026-27,13,2026-01-27 19:37:48.371,,101,1002,10179,kys_by_year,2026-09-04T23:17:51+00:00
01021602603,HIGH SCHOOL KATAINWALI,01,JAMMU & KASHMIR,0102,BARAMULLA,010216,SINGHPORA (KALAN),KATAINWALI,UPILNA,Pr. Up Pr. and Secondary Only,Department of Education,3-Co-educational,Rural,Operational,193101,34.1863,74.3829,2026-09-02T17:02:56,1004530,0,Operational,,,2,50,0,0,50,0,1,10,6,1,Department of Education,Department of Education,1,1,3,3-Co-educational,1,KATIANWALI SINGHPORA KALAN BARAMULLA,HSKATIANWALI123[at]GMAIL[dot]COM,010216026,1007201,0102160014,1001009,1,22,Baramulla,242439,2422,Katyanwali,Katyanwali,,,,,2026-27,13,2026-01-27 19:51:46.544,,101,1002,10179,kys_by_year,2026-09-04T23:17:52+00:00
01022003001,HIGH SCHOOL KATIPORA,01,JAMMU & KASHMIR,0102,BARAMULLA,010220,TANGMARG,KATIPORA,GMS SOLINDA,Pr. Up Pr. and Secondary Only,Department of Education,3-Co-educational,Rural,Operational,193402,34.076,74.435,2026-09-02T17:02:56,1004951,0,Operational,,,2,50,0,0,50,0,1,10,6,1,Department of Education,Department of Education,1,1,3,3-Co-educational,1,KATIPORA TANGMARG KMR,Katiporatangmarg786[at]gmail[dot]com,010220030,1007273,0102200006,1001023,1,33,Tangmarag,241961,2671,Katipora,Qazipora,,,,,2026-27,13,2026-01-30 21:43:35.857,,101,1002,10182,kys_by_year,2026-09-04T23:17:52+00:00
01021103401,HIGH SCHOOL KAWARHAMA,01,JAMMU & KASHMIR,0102,BARAMULLA,010211,KUNZAR,KAWARHAMA,MS Ganie Mohalla HARDU ABOORA,Pr. Up Pr. and Secondary Only,Department of Education,3-Co-educational,Rural,Operational,193404,34.0793,74.4908,2026-09-02T17:02:56,1003937,0,Operational,,,2,50,0,0,50,0,1,10,6,1,Department of Education,Department of Education,1,1,3,3-Co-educational,1,Kawarhama kunzer Baramulla,BHSKAWARHAMA[at]GMAIL[dot]COM,010211034,1008456,0102110005,1001127,1,7008,Hardaboora,241818,2687,Kawarhama,Karahama,,,,,2026-27,13,2026-01-25 21:50:13.425,,101,1002,10175,kys_by_year,2026-09-04T23:17:52+00:00
01022302401,HIGH SCHOOL KAWHAR BALA,01,JAMMU & KASHMIR,0102,BARAMULLA,010223,CHANDOOSA,KAWHER BALA,HS SHIMLARAN,Pr. Up Pr. and Secondary Only,Department of Education,3-Co-educational,Rural,Operational,193101,34.0533,74.3835,2026-09-02T17:02:56,1005366,0,Operational,,,2,50,0,0,50,0,1,10,6,1,Department of Education,Department of Education,1,1,3,3-Co-educational,1,Kawhar Balla Baramulla,ghs.kawharballa[at]gmail[dot]com,010223024,1008266,0102230004,1001049,1,7013,Narwah,241205,2440,Bulbulabad,Kawahar,,,,,2026-27,13,2026-08-24 12:04:25.713,,101,1002,10185,kys_by_year,2026-09-04T23:17:53+00:00
01020400501,HIGH SCHOOL KHOESHMERG BAGNA NOORKHAH,01,JAMMU & KASHMIR,0102,BARAMULLA,010204,CHANDANWARI,BAGNA,GPS SALAM ABAD,Pr. Up Pr. and Secondary Only,Department of Education,3-Co-educational,Rural,Operational,193122,34.1672,74.1186,2026-09-02T17:02:56,1003262,0,Operational,,,2,50,0,0,50,0,1,10,6,1,Department of Education,Department of Education,1,1,3,3-Co-educational,1,Bagna noorkhah boniyar,Khoshamargschool[at]gmail[dot]com,010204005,1008687,0102040009,1001062,1,7006,Bijhama,241790,2558,Bagna Noorkhah,Bagna,,,,,2026-27,13,2026-01-28 13:09:20.857,,101,1002,10170,kys_by_year,2026-09-04T23:17:53+00:00
01020700201,HIGH SCHOOL KITCHAMA,01,JAMMU & KASHMIR,0102,BARAMULLA,010207,FATEHGRAH,KITCHAMA,BMS KITCHAMA,Pr. Up Pr. and Secondary Only,Department of Education,3-Co-educational,Rural,Operational,193101,34.1783,74.2816,2026-09-02T17:02:56,1003701,0,Operational,,,2,50,0,0,50,0,5,10,6,1,Department of Education,Department of Education,1,1,3,3-Co-educational,1,Kitchama Fatehgarh Baramulla,hskitchama[at]gmail[dot]com,010207002,1008645,0102070001,1001082,1,7013,Narwah,241194,2431,Kitchhama,Kitchama,,,,,2026-27,13,2026-01-31 11:06:02.538,,101,1002,10173,kys_by_year,2026-09-04T23:17:53+00:00
01021500601,HIGH SCHOOL LADU LADOORA,01,JAMMU & KASHMIR,0102,BARAMULLA,010215,ROHAMA,LADU,PANZLLA,Pr. Up Pr. and Secondary Only,Department of Education,3-Co-educational,Rural,Operational,193301,34.2726,74.2366,2026-09-02T17:02:56,1004353,0,Operational,,,2,50,0,0,50,0,3,10,6,1,Department of Education,Department of Education,1,1,3,3-Co-educational,1,Ladu Ladoora Rohama Rafibad,highschoolladuladoora[at]gmail[dot]com,010215006,1007132,0102150003,1000980,1,29,Rohama,288833,2287,Ludhu Lodura,Ladu Ladoora,,,,,2026-27,13,2026-01-26 12:44:10.613,,101,1002,10178,kys_by_year,2026-09-04T23:17:54+00:00
01020401401,HIGH SCHOOL MUQAMPIRAN,01,JAMMU & KASHMIR,0102,BARAMULLA,010204,CHANDANWARI,MUQAM PEERAN,MS MUQAM PEERAN,Pr. Up Pr. and Secondary Only,Department of Education,3-Co-educational,Rural,Operational,193122,34.1679,74.0663,2026-09-02T17:02:56,1003298,0,Operational,,,2,50,0,0,50,0,1,10,6,1,Department of Education,Department of Education,1,1,3,3-Co-educational,1,MUQAMPIRAN TEHSIL BONIYAR,hsmuqampiran[at]gmail[dot]com,010204014,1008694,0102040006,1001059,1,7006,Bijhama,241786,2554,Muqam Peran,Muqamprina,,,,,2026-27,13,2026-01-28 13:39:00.881,,101,1002,10170,kys_by_year,2026-09-04T23:17:54+00:00
01020200303,HIGH SCHOOL NADIHAL,01,JAMMU & KASHMIR,0102,BARAMULLA,010202,BARAMULLA,NADIHAL,CHAKLOO BLA,Pr. Up Pr. and Secondary Only,Department of Education,3-Co-educational,Rural,Operational,193301,34.2584,74.3741,2026-09-02T17:02:56,1003008,0,Operational,,,2,50,0,0,50,0,1,10,6,1,Department of Education,Department of Education,1,1,3,3-Co-educational,1,Nadihal Rafiabad Baramulla,nadihalschool[at]gmail[dot]com,010202003,1008591,0102020001,1001109,1,7012,Nadihal,288803,2413,Nadihal,Nadihal C,,,,,2026-27,13,2025-03-03 13:12:06.965,,101,1002,10168,kys_by_year,2026-09-04T23:17:54+00:00
01022301601,HIGH SCHOOL NAGBAL,01,JAMMU & KASHMIR,0102,BARAMULLA,010223,CHANDOOSA,NAGBAL,M.S DANDMOAH,Pr. Up Pr. and Secondary Only,Department of Education,3-Co-educational,Rural,Operational,193101,34.1038,74.3863,2026-09-02T17:02:56,1005340,0,Operational,,,2,50,0,0,50,0,1,10,6,1,Department of Education,Department of Education,1,1,3,3-Co-educational,1,Nagbal Kandi Baramulla,ghsnagbal301601[at]gmail[dot]com,010223016,1008259,0102230001,1001064,1,35,Wagoora,242431,2502,Nagbal,Bandi Bala,,,,,2026-27,13,2026-08-24 11:54:34.832,,101,1002,10185,kys_by_year,2026-09-04T23:17:55+00:00
01021604201,HIGH SCHOOL NAJI BHAT,01,JAMMU & KASHMIR,0102,BARAMULLA,010216,SINGHPORA (KALAN),NAJI BHAT,HSS KHAITANGAN,Pr. Up Pr. and Secondary Only,Department of Education,3-Co-educational,Rural,Operational,193103,34.186,74.426,2026-09-02T17:02:56,1004555,0,Operational,,,2,50,0,0,50,0,1,10,6,1,Department of Education,Department of Education,1,1,3,3-Co-educational,1,NAJIBHAT SINGHPORA KALAN BARAMULLA,hsnajibhat70[at]gmail[dot]com,010216042,1008518,0102160010,1001005,1,35,Wagoora,242462,2469,Najibat,Naji Bhat,,,,,2026-27,13,2026-01-27 19:45:40.031,,101,1002,10179,kys_by_year,2026-09-04T23:17:55+00:00
01021300401,HIGH SCHOOL NOWLARI,01,JAMMU & KASHMIR,0102,BARAMULLA,010213,PATTAN,NOWLARI,NOWLARI,Pr. Up Pr. and Secondary Only,Department of Education,3-Co-educational,Rural,Operational,193121,34.1193,74.5866,2026-09-02T17:02:56,1004190,0,Operational,,,2,50,0,0,50,0,1,10,6,1,Department of Education,Department of Education,1,1,3,3-Co-educational,1,NOWLARI TEHSIL PATTAN BARAMULLA,bhsnowlari[at]gmail[dot]com,010213004,1008776,0102130012,1000976,1,7017,Sherabad Khore,241914,2376,Nowlari,Nowlari,,,,,2026-27,13,2026-02-10 00:10:34.763,,101,1002,10177,kys_by_year,2026-09-04T23:17:55+00:00
01021800107,HIGH SCHOOL NOWPORA,01,JAMMU & KASHMIR,0102,BARAMULLA,010218,SOPORE,NOWPORA,NOWPORA,Upper Pr. and Secondary,Department of Education,3-Co-educational,Rural,Operational,193201,34.2783,74.4622,2026-09-02T17:02:56,1004701,0,Operational,,,2,50,0,0,50,0,6,10,7,1,Department of Education,Department of Education,1,1,3,3-Co-educational,1,NOWPORA SOPORE BARAMULLA,bhs.np.2022[at]gmail[dot]com,010218001,1008519,0102180004,1001103,1,31,Sopore,241952,2234,Nowpora Kalan,Nowpora -B,,,,,2026-27,13,2026-01-30 13:03:14.401,,101,1002,10181,kys_by_year,2026-09-04T23:17:56+00:00
01021103903,HIGH SCHOOL OGMUNA,01,JAMMU & KASHMIR,0102,BARAMULLA,010211,KUNZAR,OGMUNA,MS OGMUNA,Pr. Up Pr. and Secondary Only,Department of Education,3-Co-educational,Rural,Operational,193401,34.0793,74.4908,2026-09-02T17:02:56,1003950,0,Operational,,,2,50,0,0,50,0,1,10,6,1,Department of Education,Department of Education,1,1,3,3-Co-educational,1,OGMUNA ZONE KUNZER TEHSIL KAWARHAA,hsogmuna03[at]gmail[dot]com,010211039,1008460,0102110006,1001128,1,26,Kunzer,241821,2688,Ogmona,Ogmuna,,,,,2026-27,13,2026-01-25 21:54:28.858,,101,1002,10175,kys_by_year,2026-09-04T23:17:56+00:00
01021001001,HIGH SCHOOL PARANPILLAN,01,JAMMU & KASHMIR,0102,BARAMULLA,010210,JHULLA,PARANPILLAN,C4 MS DACHI,Pr. Up Pr. and Secondary Only,Department of Education,3-Co-educational,Rural,Operational,193123,34.106072,74.044166,2026-09-02T17:02:56,1003822,0,Operational,,,2,50,0,0,50,0,1,10,6,1,Department of Education,Department of Education,1,1,3,3-Co-educational,1,"PARANPILLAN, URI, BARAMULLA",hsparanpillan[at]gmail[dot]com,010210010,1008410,0102100004,1001094,1,7015,Paranpeela,242006,2508,Paranpillan,Paranpeela,,,,,2026-27,13,2026-08-01 13:30:52.368,,101,1002,10174,kys_by_year,2026-09-04T23:17:56+00:00
01022006101,HIGH SCHOOL PATI HEER,01,JAMMU & KASHMIR,0102,BARAMULLA,010220,TANGMARG,PATI HEER,MS HARI WATNOO,Upper Pr. and Secondary,Department of Education,3-Co-educational,Rural,Operational,193402,34.091055,74.454361,2026-09-02T17:02:56,1005009,0,Operational,,,2,50,0,0,50,0,6,10,7,1,Department of Education,Department of Education,1,1,3,3-Co-educational,1,PATI HEER TANGMARG KASHMIR,hmpatiheer[at]gmail[dot]com,010220061,1007230,0102200005,1001022,1,33,Tangmarag,241980,2661,Hariwatnoo,Heer,,,,,2026-27,13,2026-01-30 22:10:40.202,,101,1002,10182,kys_by_year,2026-09-04T23:17:57+00:00
01021501402,HIGH SCHOOL PATOOSA,01,JAMMU & KASHMIR,0102,BARAMULLA,010215,ROHAMA,PATOOSA,KUSHIPORA,Pr. Up Pr. and Secondary Only,Department of Education,3-Co-educational,Rural,Operational,193301,34.2747,74.313,2026-09-02T17:02:56,1004366,0,Operational,,,2,50,0,0,50,0,1,10,6,1,Department of Education,Department of Education,1,1,3,3-Co-educational,1,Boys High School Patoosa Rafiabad,highschoolpatoosa123[at]gmail[dot]com,010215014,1007139,0102150005,1000982,1,29,Rohama,241884,2295,Patoosa,Patoosa,,,,,2026-27,13,2026-01-22 19:43:37.383,,101,1002,10178,kys_by_year,2026-09-04T23:17:57+00:00
01020602201,HIGH SCHOOL RAWOOCHA,01,JAMMU & KASHMIR,0102,BARAMULLA,010206,DANGIWACHA,RAWOOCHA,RAWOOCHA C5,Pr. Up Pr. and Secondary Only,Department of Education,3-Co-educational,Rural,Operational,193303,34.3119,74.3254,2026-09-02T17:02:56,1003634,0,Operational,,,2,50,0,0,50,0,1,10,6,1,Department of Education,Department of Education,1,1,3,3-Co-educational,1,Rawoocha Rafiabad Baramulla,hsrawoocha2018[at]gmail[dot]com,010206022,1008357,0102060005,1001076,1,28,Rafiabad,242417,2257,Rawoocha,Rawoocha,,,,,2026-27,13,2026-02-01 22:33:21.756,,101,1002,10172,kys_by_year,2026-09-04T23:17:57+00:00
01020501601,HIGH SCHOOL SAIDPORA,01,JAMMU & KASHMIR,0102,BARAMULLA,010205,DANGERPORA,SAIDPORA,C3 BHS BRAT KALAN,Pr. Up Pr. and Secondary Only,Department of Education,3-Co-educational,Rural,Operational,193201,34.3183,74.4581,2026-09-02T17:02:56,1003431,0,Operational,,,2,50,0,0,50,0,1,10,6,1,Department of Education,Department of Education,1,1,3,3-Co-educational,1,SYEDPORA DANGERPORA SOPORE,govthighschoolsaidpora[at]gmail[dot]com,010205016,1008296,0102050003,1001066,1,36,Zaingeer,242027,2210,Saidpora,Sadipora,,,,,2026-27,13,2026-01-25 18:54:22.328,,101,1002,10171,kys_by_year,2026-09-04T23:17:58+00:00
01021503901,HIGH SCHOOL SARIPARA,01,JAMMU & KASHMIR,0102,BARAMULLA,010215,ROHAMA,SARIPORA,HS SARIPORA,Pr. Up Pr. and Secondary Only,Department of Education,3-Co-educational,Rural,Operational,193301,34.2865,74.3592,2026-09-02T17:02:56,1004444,0,Operational,,,2,50,0,0,50,0,3,10,6,1,Department of Education,Department of Education,1,1,3,3-Co-educational,1,Govt. High School Saripara Rafiabad,sariparahighschool2[at]gmail[dot]com,010215039,1007161,0102150015,1000991,1,28,Rafiabad,242420,2301,Sari Para Budden,Saripara,,,,,2026-27,13,2026-01-22 20:17:54.59,,101,1002,10178,kys_by_year,2026-09-04T23:17:58+00:00
01020501804,HIGH SCHOOL SEELU,01,JAMMU & KASHMIR,0102,BARAMULLA,010205,DANGERPORA,SEELU,C4,Pr. Up Pr. and Secondary Only,Department of Education,3-Co-educational,Rural,Operational,193201,34.3681,74.5164,2026-09-02T17:02:56,1003441,0,Operational,,,2,50,0,0,50,0,1,10,6,1,Department of Education,Department of Education,1,1,3,3-Co-educational,1,Govt. High school Seelu,ghsseeloo123[at]gmail[dot]com,010205018,1008298,0102050004,1001067,1,31,Sopore,242032,2203,Seeloo,Seeloo,,,,,2026-27,13,2025-03-03 11:29:16.533,,101,1002,10171,kys_by_year,2026-09-04T23:17:58+00:00
01021800209,HIGH SCHOOL SEER JAGIR,01,JAMMU & KASHMIR,0102,BARAMULLA,010218,SOPORE,SEER JAGIR,MS PETH SEER,Upper Pr. and Secondary,Department of Education,3-Co-educational,Rural,Operational,193201,34.2606,74.4321,2026-09-02T17:02:56,1004716,0,Operational,,,2,50,0,0,50,0,6,10,7,1,Department of Education,Department of Education,1,1,3,3-Co-educational,1,SEER JAGIR SOPORE BARAMULLA,hsseerjagir[at]gmail[dot]com,010218002,1008520,0102180005,1001104,1,7016,Sangrama,241954,2214,Seer Jagir,Manzseer,,,,,2026-27,13,2025-03-02 23:33:26.601,,101,1002,10181,kys_by_year,2026-09-04T23:17:59+00:00
01021000201,HIGH SCHOOL SHAHDARA,01,JAMMU & KASHMIR,0102,BARAMULLA,010210,JHULLA,SHAHDARA,C1 HS SHAHDARA,Pr. Up Pr. and Secondary Only,Department of Education,3-Co-educational,Rural,Operational,193123,34.1069,73.9576,2026-09-02T17:02:56,1003790,0,Operational,,,2,50,0,0,50,0,1,10,6,1,Department of Education,Department of Education,1,1,3,3-Co-educational,1,"SHAHDARA, URI, BARAMULLA",hsshahdara86[at]gmail[dot]com,010210002,1008402,0102100001,1001091,1,7015,Paranpeela,241994,2514,Shahdara,Shahdara,,,,,2026-27,13,2026-08-01 14:09:03.869,,101,1002,10174,kys_by_year,2026-09-04T23:17:59+00:00
01021300607,HIGH SCHOOL SHEERPORA,01,JAMMU & KASHMIR,0102,BARAMULLA,010213,PATTAN,SHEERPORA,BURAN,Upper Pr. and Secondary,Department of Education,3-Co-educational,Rural,Operational,193121,34.1328,74.5586,2026-09-02T17:02:56,1004199,0,Operational,,,2,50,0,0,50,0,6,10,7,1,Department of Education,Department of Education,1,1,3,3-Co-educational,1,SHEERPORA PATTAN BARAMULLA,gbhssheerpora[at]gmail[dot]com,010213006,1008778,0102130003,1001986,1,7017,Sherabad Khore,241859,2377,Sheerpora Bangil,Sherpora-B,,,,,2026-27,13,2026-01-25 12:52:45.948,,101,1002,10177,kys_by_year,2026-09-04T23:17:59+00:00
01021503106,HIGH SCHOOL SHEIKHUL ALAM,01,JAMMU & KASHMIR,0102,BARAMULLA,010215,ROHAMA,ACHABAL,ACHABAL,Pr. Up Pr. and Secondary Only,Private Unaided (Recognized) ,3-Co-educational,Rural,Operational,193201,34.2793,74.4025,2026-09-02T17:02:56,1004422,0,Operational,,,2,50,0,0,50,0,1,10,6,5,Private Unaided (Recognized) ,Private Unaided (Recognized),3,5,3,3-Co-educational,1,Achabal Rafiabad Baramulla,sahsachabal184[at]gmail[dot]com,010215031,1007155,0102150011,1000987,1,7012,Nadihal,241903,2309,Achha Bal,Achabal-A,,,,,2026-27,13,2026-01-22 20:07:32.968,,101,1002,10178,kys_by_year,2026-09-04T23:18:00+00:00
01022302102,HIGH SCHOOL SHIRPORA,01,JAMMU & KASHMIR,0102,BARAMULLA,010223,CHANDOOSA,SHIRPORA,MS WAHIDINA,Pr. Up Pr. and Secondary Only,Department of Education,3-Co-educational,Rural,Operational,193101,34.1539,74.3872,2026-09-02T17:02:56,1005361,0,Operational,,,2,50,0,0,50,0,1,10,6,1,Department of Education,Department of Education,1,1,3,3-Co-educational,1,High School Shirpora Kandi,ghsshirpora[at]gmail[dot]com,010223021,1008264,0102230005,1001050,1,35,Wagoora,242437,2485,Sheerpora Gavgaran,Shirpora,,,,,2026-27,13,2026-08-24 12:02:49.791,,101,1002,10185,kys_by_year,2026-09-04T23:18:00+00:00
01022300303,HIGH SCHOOL SHUMLARAN,01,JAMMU & KASHMIR,0102,BARAMULLA,010223,CHANDOOSA,SHUMLARAN,HS SHIMLARAN,Pr. Up Pr. and Secondary Only,Department of Education,3-Co-educational,Rural,Operational,193101,34.1461,74.3741,2026-09-02T17:02:56,1005292,0,Operational,,,2,50,0,0,50,0,1,10,6,1,Department of Education,Department of Education,1,1,3,3-Co-educational,1,SHUMLARAN KANDI BARAMULLA,highschoolshumlaran[at]gmail[dot]com,010223003,1008272,0102230004,1001049,1,35,Wagoora,288823,2486,Shumlaran,Bandi Payeen B,,,,,2026-27,13,2026-08-24 11:35:16.236,,101,1002,10185,kys_by_year,2026-09-04T23:18:00+00:00
01022006201,HIGH SCHOOL SIK KANHAMA,01,JAMMU & KASHMIR,0102,BARAMULLA,010220,TANGMARG,SIKH KANHAMA,M/S HOOM,Pr. Up Pr. and Secondary Only,Department of Education,3-Co-educational,Rural,Operational,193402,34.126808,74.457025,2026-09-02T17:02:56,1005011,0,Operational,,,2,50,0,0,50,0,1,10,6,1,Department of Education,Department of Education,1,1,3,3-Co-educational,1,SIK KANHAMA TANGMARG KMR,highschoolsikkhanahama[at]gmail[dot]com,010220062,1007231,0102200009,1001026,1,7010,Khaipora,241971,2614,Kanihama,Mughalpora,,,,,2026-27,13,2026-01-30 22:10:01.698,,101,1002,10182,kys_by_year,2026-09-04T23:18:01+00:00
01022300905,HIGH SCHOOL SULTANPORA,01,JAMMU & KASHMIR,0102,BARAMULLA,010223,CHANDOOSA,SULTANPORA,MS DOADBUGH,Pr. Up Pr. and Secondary Only,Department of Education,3-Co-educational,Rural,Operational,193101,34.1208,74.3687,2026-09-02T17:02:56,1005314,0,Operational,,,2,50,0,0,50,0,1,10,6,1,Department of Education,Department of Education,1,1,3,3-Co-educational,1,Sultanpora kandi distt- baramulla,hssultanpora[at]gmail[dot]com,010223009,1008278,0102230003,1001048,1,35,Wagoora,242433,2496,Sultanpora Kandi,Sultanpora,,,,,2026-27,13,2026-08-24 11:44:44.273,,101,1002,10185,kys_by_year,2026-09-04T23:18:01+00:00
01021303901,HIGH SCHOOL TANGPORA,01,JAMMU & KASHMIR,0102,BARAMULLA,010213,PATTAN,TENGPORA,GOSHBUGH,Pr. Up Pr. and Secondary Only,Department of Education,3-Co-educational,Rural,Operational,193121,34.2203,74.5249,2026-09-02T17:02:56,1004314,0,Operational,,,2,50,0,0,50,0,1,10,6,1,Department of Education,Department of Education,1,1,3,3-Co-educational,1,Gohal TANGPORA PATTAN,hstangporapattan[at]gmail[dot]com,010213039,1006895,0102130011,1000975,1,27,Pattan,241869,2325,Goushbugh,Gohal Tangpora,,,,,2026-27,13,2026-01-25 13:19:00.854,,101,1002,10177,kys_by_year,2026-09-04T23:18:01+00:00
01021302004,HIGH SCHOOL TAPPER WARIPORA,01,JAMMU & KASHMIR,0102,BARAMULLA,010213,PATTAN,TAPPER WARIPORA,TAPPER,Pr. Up Pr. and Secondary Only,Department of Education,3-Co-educational,Rural,Operational,193121,34.193261,74.508492,2026-09-02T17:02:56,1004259,0,Operational,,,2,50,0,0,50,0,1,10,6,1,Department of Education,Department of Education,1,1,3,3-Co-educational,1,TAPERWARIPORA PATTAN BARAMULLA,bhstapper567[at]gmail[dot]com,010213020,1007992,0102130007,1000959,1,27,Pattan,241862,2314,Tapper Waripora,Tapper Waripora,,,,,2026-27,13,2026-01-25 12:59:48.953,,101,1002,10177,kys_by_year,2026-09-04T23:18:02+00:00
01021502801,HIGH SCHOOL TRAGPORA,01,JAMMU & KASHMIR,0102,BARAMULLA,010215,ROHAMA,TREGPORA,GMS TREGPORA,Upper Pr. and Secondary,Department of Education,3-Co-educational,Rural,Operational,193301,34.2786,74.3795,2026-09-02T17:02:56,1004404,0,Operational,,,2,50,0,0,50,0,6,10,7,1,Department of Education,Department of Education,1,1,3,3-Co-educational,1,Tragpora Rohama Rafiabad,highschooltregpora[at]gmail[dot]com,010215028,1007152,0102150009,1000986,1,29,Rohama,241889,2304,Tragapora,Tragpora,,,,,2026-27,13,2026-01-22 20:03:17.161,,101,1002,10178,kys_by_year,2026-09-04T23:18:02+00:00
01020300502,HIGH SCHOOL TRIKANJAN,01,JAMMU & KASHMIR,0102,BARAMULLA,010203,BONIYAR,TRIKANJAN,(C2) BANALI,Pr. Up Pr. and Secondary Only,Department of Education,3-Co-educational,Rural,Operational,193122,34.1042,74.1961,2026-09-02T17:02:56,1003145,0,Operational,,,2,50,0,0,50,0,1,10,6,1,Department of Education,Department of Education,1,1,3,3-Co-educational,1,HS TRIKANJAN BONIYAR,highschooltrikanjan[at]gmail[dot]com,010203005,1008007,0102030002,1001133,1,23,Boniyar,241807,2594,Trikanjan,Trinakajan,,,,,2026-27,13,2026-01-27 19:20:09.801,,101,1002,10169,kys_by_year,2026-09-04T23:18:02+00:00
01022301801,HIGH SCHOOL WALRAMAN,01,JAMMU & KASHMIR,0102,BARAMULLA,010223,CHANDOOSA,WALRAMAN,HS WALRAMAN,Pr. Up Pr. and Secondary Only,Department of Education,3-Co-educational,Rural,Operational,193101,34.153881,74.387154,2026-09-02T17:02:56,1005348,0,Operational,,,2,50,0,0,50,0,1,10,6,1,Department of Education,Department of Education,1,1,3,3-Co-educational,1,GOVERNMENT HIGH SCHOOL WALRAMAN,hswalraman801[at]gmail[dot]com,010223018,1008261,0102230006,1001051,1,35,Wagoora,242440,2471,Walraman,Walraman,,,,,2026-27,13,2026-08-24 11:56:56.984,,101,1002,10185,kys_by_year,2026-09-04T23:18:03+00:00
01022004201,HIGH SCHOOL WARAPORA,01,JAMMU & KASHMIR,0102,BARAMULLA,010220,TANGMARG,WARAPORA,MS HAJI BAL,Upper Pr. and Secondary,Department of Education,3-Co-educational,Rural,Operational,193402,34.09,74.417,2026-09-02T17:02:56,1004976,0,Operational,,,2,50,0,0,50,0,6,10,7,1,Department of Education,Department of Education,1,1,3,3-Co-educational,1,WARAPORA TANGMARG KMR,HSWARAPORA[at]GMAIL[dot]COM,010220042,1007285,0102200007,1001024,1,33,Tangmarag,241960,2667,Warpora Wanpora,Warapora,,,,,2026-27,13,2026-01-30 21:53:16.418,,101,1002,10182,kys_by_year,2026-09-04T23:18:03+00:00
01022202705,HIGH SCHOOL WATERGAM,01,JAMMU & KASHMIR,0102,BARAMULLA,010222,WAGOORA,WATERGAM,WATERGAM,Upper Pr. and Secondary,Department of Education,3-Co-educational,Rural,Operational,193108,34.1697,74.4447,2026-09-02T17:02:56,1005192,0,Operational,,,2,50,0,0,50,0,6,10,7,1,Department of Education,Department of Education,1,1,3,3-Co-educational,1,"Watergam, Wagoora, Baramulla",ghswatergam[at]gmail[dot]com,010222027,1008553,0102220005,1001039,1,35,Wagoora,242458,2476,Watergam,Watergam,,,,,2026-27,13,2026-01-22 15:43:07.098,,101,1002,10184,kys_by_year,2026-09-04T23:18:03+00:00
01020502801,HIGH SCHOOL YAMBERZALWARI,01,JAMMU & KASHMIR,0102,BARAMULLA,010205,DANGERPORA,YEMBERZALWARI BALA,C5 GMS TUJAR,Pr. Up Pr. and Secondary Only,Department of Education,3-Co-educational,Rural,Operational,193201,34.205123,74.34252,2026-09-02T17:02:56,1003484,0,Operational,,,2,50,0,0,50,0,1,10,6,1,Department of Education,Department of Education,1,1,3,3-Co-educational,1,yamberzalwari block tujar,highschoolyemberzalwari019[at]gmail[dot]com,010205028,1008308,0102050005,1001068,1,7018,Tujjar Sharief,242021,2181,Yamberzalwari,Yamberzalwari,,,,,2026-27,13,2025-03-03 11:49:01.139,,101,1002,10171,kys_by_year,2026-09-04T23:18:04+00:00
01020302105,HIGH SCHOOL ZEHAMPORA,01,JAMMU & KASHMIR,0102,BARAMULLA,010203,BONIYAR,ZEHAMPORA,(C7) ZEHAMPORA,Pr. Up Pr. and Secondary Only,Department of Education,3-Co-educational,Rural,Operational,193101,34.1846,74.2681,2026-09-02T17:02:56,1003210,0,Operational,,,2,50,0,0,50,0,1,10,6,1,Department of Education,Department of Education,1,1,3,3-Co-educational,1,"Zehampora, Tehsil Boniyar, District Baramulla",hszehampora[at]gmail[dot]com,010203021,1008567,0102030007,1001138,1,7014,Noorkah,241799,2567,Zehem Pora,Zehanpora,,,,,2026-27,13,2026-01-27 19:57:52.307,,101,1002,10169,kys_by_year,2026-09-04T23:18:04+00:00
01022203708,HIGH SECONDARY SCHOOL ATHOORA,01,JAMMU & KASHMIR,0102,BARAMULLA,010222,WAGOORA,ATHOORA,ATHOORA,Secondary with Higher Secondary,Department of Education,3-Co-educational,Rural,Operational,193108,34.2099,74.4685,2026-09-02T17:02:56,1005241,0,Operational,,,2,50,0,0,50,0,9,12,10,1,Department of Education,Department of Education,1,1,3,3-Co-educational,1,Athoora Kreeri Baramulla Jammu and Kashmir,hssathooraofficial[at]gmail[dot]com,010222037,1008244,0102220008,1001042,1,35,Wagoora,242455,2454,Reshipora,Authoora,,,,,2026-27,13,2026-01-22 20:55:18.648,,101,1002,10184,kys_by_year,2026-09-04T23:18:04+00:00
01022201801,HIGH SECONDARY SCHOOLCHOOLS MANAGAM,01,JAMMU & KASHMIR,0102,BARAMULLA,010222,WAGOORA,MANAGAM,WAGOORA,Pr. with Up.Pr. Sec. and H.Sec.,Department of Education,3-Co-educational,Rural,Operational,193109,34.1571,74.419,2026-09-02T17:02:56,1005159,0,Operational,,,2,50,0,0,50,0,1,12,3,1,Department of Education,Department of Education,1,1,3,3-Co-educational,1,Managam Wagoora Baramulla,ghsmanagam[at]gmail[dot]com,010222018,1008545,0102220004,1001038,1,35,Wagoora,242446,2474,Mangam,Mungam,,,,,2026-27,13,2025-03-03 10:43:23.083,,101,1002,10184,kys_by_year,2026-09-04T23:18:05+00:00
01022203018,HIGH SECONDARY SCHOOL KREERI,01,JAMMU & KASHMIR,0102,BARAMULLA,010222,WAGOORA,KREERI,KREERI,Secondary with Higher Secondary,Department of Education,3-Co-educational,Rural,Operational,193108,34.1714,74.4723,2026-09-02T17:02:56,1005216,0,Operational,,,2,50,0,0,50,0,9,12,10,1,Department of Education,Department of Education,1,1,3,3-Co-educational,1,Govt. Higher Secondary School Kreeri Baramulla ,hssk257060[at]gmail[dot]com,010222030,1008238,0102220011,1001045,1,35,Wagoora,242451,2458,Kreeri,Kreeri-B,,,,,2026-27,13,2026-01-22 20:48:45.025,,101,1002,10184,kys_by_year,2026-09-04T23:18:05+00:00
01022203308,HIGH SECONDARY SCHOOL NOWPORA JAGIR,01,JAMMU & KASHMIR,0102,BARAMULLA,010222,WAGOORA,NOWPORA,SHRAK WARA,Secondary with Higher Secondary,Department of Education,3-Co-educational,Rural,Operational,193103,34.2157,74.444,2026-09-02T17:02:56,1005227,0,Operational,,,2,50,0,0,50,0,9,12,10,1,Department of Education,Department of Education,1,1,3,3-Co-educational,1,Nowpora Jagir Baramulla Jammu and Kashmir ,hssnowporajagir[at]gmail[dot]com,010222033,1008240,0102220010,1001044,1,35,Wagoora,242464,2419,Nowpora Jagir,Nowpora-B,,,,,2026-27,13,2025-03-03 10:56:28.389,,101,1002,10184,kys_by_year,2026-09-04T23:18:05+00:00
01022203401,HIGH SECONDARY SCHOOL SALOOSA,01,JAMMU & KASHMIR,0102,BARAMULLA,010222,WAGOORA,SALOOSA,SALOOSA,Upper Pr. and Secondary,Department of Education,3-Co-educational,Rural,Operational,193108,34.1935,74.4557,2026-09-02T17:02:56,1005228,0,Operational,,,2,50,0,0,50,0,6,10,7,1,Department of Education,Department of Education,1,1,3,3-Co-educational,1,SALOOSA TEHSIL KREERI ,hssaloosa2[at]gmail[dot]com,010222034,1008241,0102220007,1001041,1,35,Wagoora,242452,2455,Saloosa,Saloosa,,,,,2026-27,13,2026-01-22 20:51:29.909,,101,1002,10184,kys_by_year,2026-09-04T23:18:06+00:00
01022203201,HIGH SECONDARY SCHOOL SHEIKHPORA,01,JAMMU & KASHMIR,0102,BARAMULLA,010222,WAGOORA,SHEIKHPORA,KAKOTHAL,Secondary with Higher Secondary,Department of Education,3-Co-educational,Rural,Operational,193108,34.1408,74.4341,2026-09-02T17:02:56,1005218,0,Operational,,,2,50,0,0,50,0,9,12,10,1,Department of Education,Department of Education,1,1,3,3-Co-educational,1,Sheikhpora Kreeri Baramulla,hssheikhpora[at]gmail[dot]com,010222032,1008239,0102220012,1001046,1,35,Wagoora,242447,2480,Sheikh Pora,Sheikhpora,,,,,2026-27,13,2026-01-22 21:15:46.473,,101,1002,10184,kys_by_year,2026-09-04T23:18:06+00:00
01022200712,HIGH SECONDARY SCHOOL S KUCHWA MUQAM,01,JAMMU & KASHMIR,0102,BARAMULLA,010222,WAGOORA,KACHWA,KALANTRA PAYEEN,Secondary with Higher Secondary,Department of Education,3-Co-educational,Rural,Operational,193103,34.1443,74.4057,2026-09-02T17:02:56,1005153,0,Operational,,,2,50,0,0,50,0,9,12,10,1,Department of Education,Department of Education,1,1,3,3-Co-educational,1,KACHWA MUQAM District Baramulla,principalhsskm[at]gmail[dot]com,010222007,1008257,0102220001,1001036,1,35,Wagoora,288825,2484,Kachwa Muqam,Kachwa Muqam B,,,,,2026-27,13,2025-03-03 10:37:34.618,,101,1002,10184,kys_by_year,2026-09-04T23:18:06+00:00
01022203021,HILL CREST SCHOOL ,01,JAMMU & KASHMIR,0102,BARAMULLA,010222,WAGOORA,KREERI,KREERI,Primary with Upper Primary,Private Unaided (Recognized) ,3-Co-educational,Rural,Operational,193108,34.17076,74.474459,2026-09-02T17:02:56,1030631,0,Operational,,,2,50,50,50,50,50,1,8,2,5,Private Unaided (Recognized) ,Private Unaided (Recognized),3,5,3,3-Co-educational,1,Peer Mohalla  Kreeri,,010222030,1008238,0102220011,1001045,1,35,Wagoora,242451,2458,Kreeri,Kreeri-B,,,,,2026-27,13,2026-07-22 16:01:58.145,,101,1002,10184,kys_by_year,2026-09-04T23:18:07+00:00
01021500504,HILL TOP ENGLISH MODEL SCHOOL BRAMAN,01,JAMMU & KASHMIR,0102,BARAMULLA,010215,ROHAMA,BRAMAN,SAILKOTE,Primary,Private Unaided (Recognized) ,3-Co-educational,Rural,Operational,193301,34.240889,74.267889,2026-09-02T17:02:56,1004352,0,Operational,,,2,50,0,0,50,0,1,5,1,5,Private Unaided (Recognized) ,Private Unaided (Recognized),3,5,3,3-Co-educational,1,Braman Rohama Rafiabad,,010215005,1007131,0102150001,1000978,1,29,Rohama,241895,2291,Braman,Braman,,,,,2026-27,13,2025-03-03 12:06:22.79,,101,1002,10178,kys_by_year,2026-09-04T23:18:07+00:00
01020204518,HILL TOP PUB. SCHOOL USHKURA,01,JAMMU & KASHMIR,0102,BARAMULLA,010202,BARAMULLA,Ushkura WARD NO 17,MS USHKURA,Pr. Up Pr. and Secondary Only,Private Unaided (Recognized) ,3-Co-educational,Urban,Operational,193101,34.1929,74.3593,2026-09-02T17:02:56,1003121,0,Operational,,,2,50,0,0,50,0,1,10,6,5,Private Unaided (Recognized) ,Private Unaided (Recognized),3,5,3,3-Co-educational,2,HILL TOP COLONY USHKARA,atharkhankhn[at]gmail[dot]com,010202045,1008633,0102020009,1001117,1,0,,,,,,248151,Municipal Council Baramulla-Notified Area Council,67979,Kanis Pora (OG) - Ward No.17,2026-27,13,2026-01-24 12:51:52.619,,101,1002,10168,kys_by_year,2026-09-04T23:18:07+00:00
01020504703,HIL VIEW E.M.P SAGIPORA,01,JAMMU & KASHMIR,0102,BARAMULLA,010205,DANGERPORA,SAGIPORA,C8 SAGIPORA,Primary with Upper Primary,Private Unaided (Recognized) ,3-Co-educational,Rural,Operational,193201,34.3681,74.5164,2026-09-02T17:02:56,1003535,0,Operational,,,2,50,0,0,50,0,1,8,2,5,Private Unaided (Recognized) ,Private Unaided (Recognized),3,5,3,3-Co-educational,1,SAGIPORA ZAINAGEER BARAMULLA,hpssagipora47[at]gmail[dot]com,010205047,1008521,0102050008,1001071,1,7018,Tujjar Sharief,242019,2175,Sagi Pora,Sagipora,,,,,2026-27,13,2025-03-03 12:17:31.035,,101,1002,10171,kys_by_year,2026-09-04T23:18:08+00:00
01021803054,HIRA PUBLIC SCHOOL ARAMPORA SOPORE,01,JAMMU & KASHMIR,0102,BARAMULLA,010218,SOPORE,SOPORE,MS CHINKIPORA C1,Pr. Up Pr. and Secondary Only,Private Unaided (Recognized) ,3-Co-educational,Urban,Operational,193201,34.2857,74.4639,2026-09-02T17:02:56,1004805,0,Operational,,,2,50,0,0,50,0,1,10,6,5,Private Unaided (Recognized) ,Private Unaided (Recognized),3,5,3,3-Co-educational,2,ARAMPORA SOPORE BARAMULLA,hirapublicschool1983[at]gmail[dot]com,010218030,1002508,0102180001,1001100,1,0,,,,,,248149,Municipal Council Sopore-Notified Area Council,67917,Sopore (TC) - Ward No.21,2026-27,13,2025-03-03 00:05:59.725,,101,1002,10181,kys_by_year,2026-09-04T23:18:08+00:00
01020601010,HOLY FAITH PUB SCHOOL,01,JAMMU & KASHMIR,0102,BARAMULLA,010206,DANGIWACHA,WATERGAM,WATERGAM C3,Primary with Upper Primary,Private Unaided (Recognized) ,3-Co-educational,Urban,Operational,193303,34.3173,74.3732,2026-09-02T17:02:56,1003603,0,Operational,,,2,50,0,0,50,0,1,8,2,5,Private Unaided (Recognized) ,Private Unaided (Recognized),3,5,3,3-Co-educational,2,Malapara Watergam Rafiabad,holyfaithpublicschool3[at]gmail[dot]com,010206010,1008346,0102060003,1001074,1,0,,,,,,296985,Municipal Committee Watergam,2241516,Watergam (MC) - Ward No.6,2026-27,13,2026-02-01 22:21:47.822,,101,1002,10172,kys_by_year,2026-09-04T23:18:08+00:00
01020203004,HONEY POTS SCHOOL KANLIBAGH,01,JAMMU & KASHMIR,0102,BARAMULLA,010202,BARAMULLA,Kanlibagh WARD NO 15,GMS KHANPORA,Primary,Private Unaided (Recognized) ,3-Co-educational,Urban,Operational,193101,34.20401,74.34198,2026-09-02T17:02:56,1030307,0,Operational,,,2,50,50,0,50,0,1,5,1,5,Private Unaided (Recognized) ,Private Unaided (Recognized),3,5,3,3-Co-educational,2,Near Masjid Ifat Kanli Bagh Baramulla,hpsbla83[at]gmail[dot]com,010202030,1008618,0102020007,1001115,1,0,,,,,,248151,Municipal Council Baramulla-Notified Area Council,67977,Baramula (TC) - Ward No.15,2026-27,13,2026-01-24 12:44:22.76,,101,1002,10168,kys_by_year,2026-09-04T23:18:09+00:00
01020301103,HS ARMY GOOD WILL SCHOOL,01,JAMMU & KASHMIR,0102,BARAMULLA,010203,BONIYAR,BONIYAR,(C4) BONIYAR,Pr. with Up.Pr. Sec. and H.Sec.,Private Unaided (Recognized) ,3-Co-educational,Rural,Operational,193122,34.1446,74.1903,2026-09-02T17:02:56,1003169,0,Operational,,,2,50,0,0,50,0,1,12,3,5,Private Unaided (Recognized) ,Private Unaided (Recognized),3,5,3,3-Co-educational,1,Boniyar Baramulla J and K,agsboniyar2016[at]gmail[dot]com,010203011,1008542,0102030004,1001135,1,23,Boniyar,241803,2583,Boniyar,Boniyar,,,,,2026-27,13,2026-01-27 19:35:16.212,,101,1002,10169,kys_by_year,2026-09-04T23:18:09+00:00
01021701402,HS MADINA PUB. SCHOOL,01,JAMMU & KASHMIR,0102,BARAMULLA,010217,SINGHPORA PATTAN,GUND-KH-QASIM,BMS ARAMPORA,Pr. Up Pr. and Secondary Only,Private Unaided (Recognized) ,3-Co-educational,Rural,Operational,193401,34.1316,74.6248,2026-09-02T17:02:56,1004607,0,Operational,,,2,50,0,0,50,0,1,10,6,5,Private Unaided (Recognized) ,Private Unaided (Recognized),3,5,3,3-Co-educational,1,GUND KHAWAJA QASIM SINGHPORA PATTAN,mphschoolgkq[at]gmail[dot]com,010217014,1007216,0102170005,1001014,1,7017,Sherabad Khore,241911,2370,Gund Khawaja Qasim,Gk Qasim,,,,,2026-27,13,2026-01-25 20:15:07.922,,101,1002,10180,kys_by_year,2026-09-04T23:18:09+00:00
01022300204,HS MURTAZA MEMORIAL EDUCATIONAL INSTITUTE CHANDOOSA,01,JAMMU & KASHMIR,0102,BARAMULLA,010223,CHANDOOSA,CHANDOOSA,MS SHEIKHPATI CHANDOOSA,Pr. Up Pr. and Secondary Only,Private Unaided (Recognized) ,3-Co-educational,Rural,Operational,193101,34.1507,74.3848,2026-09-02T17:02:56,1005286,0,Operational,,,2,50,0,0,50,0,1,10,6,5,Private Unaided (Recognized) ,Private Unaided (Recognized),3,5,3,3-Co-educational,1,Chandoosa Baramulla 193101,mmeichandoosa[at]gmail[dot]com,010223002,1008271,0102230008,1001053,1,22,Baramulla,242436,2470,Chandoosa,Chandoosa-B,,,,,2026-27,13,2026-08-24 11:47:28.404,,101,1002,10185,kys_by_year,2026-09-04T23:18:10+00:00
01020301107,HS NCC BONIYAR,01,JAMMU & KASHMIR,0102,BARAMULLA,010203,BONIYAR,BONIYAR,(C4) BONIYAR,Pr. Up Pr. and Secondary Only,Private Unaided (Recognized) ,3-Co-educational,Rural,Operational,193122,34.1318,74.179,2026-09-02T17:02:56,1003173,0,Operational,,,2,50,0,0,50,0,1,10,6,5,Private Unaided (Recognized) ,Private Unaided (Recognized),3,5,3,3-Co-educational,1,Village and tehsil Boniyar ,ncchsboniyar55[at]gmail[dot]com,010203011,1008542,0102030004,1001135,1,23,Boniyar,241803,2583,Boniyar,Boniyar,,,,,2026-27,13,2026-01-27 19:36:00.928,,101,1002,10169,kys_by_year,2026-09-04T23:18:10+00:00
01020303703,HS NCC WARIKHAH,01,JAMMU & KASHMIR,0102,BARAMULLA,010203,BONIYAR,WARIKHAH,(C5) BIMYAR,Pr. Up Pr. and Secondary Only,Private Unaided (Recognized) ,3-Co-educational,Rural,Operational,193122,34.153257,74.197668,2026-09-02T17:02:56,1003239,0,Operational,,,2,50,0,0,50,0,1,10,6,5,Private Unaided (Recognized) ,Private Unaided (Recognized),3,5,3,3-Co-educational,1,WARIKHAH TEHSIL BONIYAR,nccphswarikhah[at]gmail[dot]com,010203037,1008583,0102030005,1001136,1,7014,Noorkah,288804,2570,Warikhah,Pringal Warikhah,,,,,2026-27,13,2026-01-27 20:18:14.395,,101,1002,10169,kys_by_year,2026-09-04T23:18:10+00:00
01020303004,HS SYED SAKHI NOWSHERA,01,JAMMU & KASHMIR,0102,BARAMULLA,010203,BONIYAR,GIRDANAWA,(C8) NOWSHERA,Pr. Up Pr. and Secondary Only,Private Unaided (Recognized) ,3-Co-educational,Rural,Operational,193122,34.154,74.2235,2026-09-02T17:02:56,1003228,0,Operational,,,2,50,0,0,50,0,1,10,6,5,Private Unaided (Recognized) ,Private Unaided (Recognized),3,5,3,3-Co-educational,1,Nowshera Boniyar Baramulla,SSHIGHSCHOOL456[at]GMAIL[dot]COM,010203030,1008576,0102030008,1001139,1,23,Boniyar,241802,2568,Gird Nawah,Nowshera B,,,,,2026-27,13,2026-01-27 20:17:37.338,,101,1002,10169,kys_by_year,2026-09-04T23:18:11+00:00
01021803092,HUDA INTERNATIONAL SCHOOL SOFIHAMAM SOPORE ,01,JAMMU & KASHMIR,0102,BARAMULLA,010218,SOPORE,SOPORE,CHANKHAN,Primary with Upper Primary,Private Unaided (Recognized) ,3-Co-educational,Urban,Operational,193201,34.2754,74.4693,2026-09-02T17:02:56,1004834,0,Operational,,,2,50,0,0,50,0,1,8,2,5,Private Unaided (Recognized) ,Private Unaided (Recognized),3,5,3,3-Co-educational,2,SOFIHAMAM SOPORE BARAMULLA,HUDAINTERNATIONAL18[at]gmail[dot]com,010218030,1002508,0102180009,1001108,1,0,,,,,,248149,Municipal Council Sopore-Notified Area Council,67900,Sopore (TC) - Ward No.3,2026-27,13,2025-03-03 00:13:43.658,,101,1002,10181,kys_by_year,2026-09-04T23:18:11+00:00
01021800418,IMAMIA MODEL PUBLIC SCHOOL HYGAM,01,JAMMU & KASHMIR,0102,BARAMULLA,010218,SOPORE,HAIGAM,MS TARZOO,Primary,Private Unaided (Recognized) ,3-Co-educational,Rural,Operational,193201,34.2476,74.513,2026-09-02T17:02:56,1004739,0,Operational,,,2,50,0,0,50,0,1,5,1,5,Private Unaided (Recognized) ,Private Unaided (Recognized),3,5,3,3-Co-educational,1,CHOTIPORA HYGAM SOPORE BARAMULLA,,010218004,1007297,0102180006,1001105,1,7016,Sangrama,241956,2219,Hygam,Hygam- B,,,,,2026-27,13,2026-01-30 15:57:42.821,,101,1002,10181,kys_by_year,2026-09-04T23:18:11+00:00
01022202708,IMAMIA PUBLIC SCHOOL WATERGAM,01,JAMMU & KASHMIR,0102,BARAMULLA,010222,WAGOORA,WATERGAM,WATERGAM,Pr. Up Pr. and Secondary Only,Private Unaided (Recognized) ,3-Co-educational,Rural,Operational,193103,34.1701,74.4439,2026-09-02T17:02:56,1005195,0,Operational,,,2,50,0,0,50,0,1,10,6,5,Private Unaided (Recognized) ,Private Unaided (Recognized),3,5,3,3-Co-educational,1,watergam wagoora baramulla,ipswatergam12[at]gmail[dot]com,010222027,1008553,0102220005,1001039,1,35,Wagoora,242458,2476,Watergam,Watergam,,,,,2026-27,13,2026-01-22 15:45:30.641,,101,1002,10184,kys_by_year,2026-09-04T23:18:12+00:00
01021200904,IMAMIA PUB. SCHOOL YALL,01,JAMMU & KASHMIR,0102,BARAMULLA,010212,NEHALPORA,YALL,BMS Yall,Primary,Private Unaided (Recognized) ,3-Co-educational,Rural,Operational,193121,34.1602,74.5543,2026-09-02T17:02:56,1004059,0,Operational,,,2,50,0,0,50,0,1,5,1,5,Private Unaided (Recognized) ,Private Unaided (Recognized),3,5,3,3-Co-educational,1,YALL KUNZER BARAMULLA,impsyall[at]gmail[dot]com,010212009,1008729,0102120010,1000970,1,7011,Lalpora,241828,2391,Yall,Yall,,,,,2026-27,13,2025-03-05 12:35:59.082,,101,1002,10176,kys_by_year,2026-09-04T23:18:12+00:00
01020400704,IMIAMIA PUBLIC SCHOOL NOORKAH,01,JAMMU & KASHMIR,0102,BARAMULLA,010204,CHANDANWARI,NOORKHAH,BMS NOORKHAH,Pr. Up Pr. and Secondary Only,Private Unaided (Recognized) ,3-Co-educational,Rural,Operational,193122,34.211,74.34,2026-09-02T17:02:56,1003273,0,Operational,,,2,50,0,0,50,0,1,10,6,5,Private Unaided (Recognized) ,Private Unaided (Recognized),3,5,3,3-Co-educational,1,Noorkhah chandanwari boniyar,iphs1400000[at]gmail[dot]com,010204007,1008689,0102040003,1001056,1,7006,Bijhama,288826,2558,Bagna Noorkhah,Noorkhah,,,,,2026-27,13,2026-01-28 12:53:10.049,,101,1002,10170,kys_by_year,2026-09-04T23:18:12+00:00
01020502207,IMPERIAL EDUCATIONAL INSTITUTE NATHIPORA,01,JAMMU & KASHMIR,0102,BARAMULLA,010205,DANGERPORA,NATHIPORA,C5 GMS TUJAR,Primary with Upper Primary,Private Unaided (Recognized) ,3-Co-educational,Rural,Operational,193201,34.3681,74.5164,2026-09-02T17:02:56,1003458,0,Operational,,,2,50,0,0,50,0,1,8,2,5,Private Unaided (Recognized) ,Private Unaided (Recognized),3,5,3,3-Co-educational,1,Imperial Education Inst Nathipora ,ieischool2018[at]gmail[dot]com,010205022,1008302,0102050005,1001068,1,7018,Tujjar Sharief,242043,2202,Nathi Pora,Nathipora,,,,,2026-27,13,2025-03-03 11:36:38.262,,101,1002,10171,kys_by_year,2026-09-04T23:18:13+00:00
01020700101,Iqbal Islamia Model High School Gantamulla,01,JAMMU & KASHMIR,0102,BARAMULLA,010207,FATEHGRAH,GANTAMULLA BALA,BMS KITCHAMA,Pr. Up Pr. and Secondary Only,Private Unaided (Recognized) ,3-Co-educational,Rural,Operational,193101,34.1816,74.2707,2026-09-02T17:02:56,1003696,0,Operational,,,2,50,0,0,50,0,1,10,6,5,Private Unaided (Recognized) ,Private Unaided (Recognized),3,5,3,3-Co-educational,1,"GANTAMULLA COLONY BARAMULLA,JAMMU AND KASHMIR",IIMHSGantamulla[at]gmail[dot]com,010207001,1008325,0102070001,1001082,1,7013,Narwah,241196,2432,Gantamulla Payeen,Gantamulla Payeen,,,,,2026-27,13,2026-01-31 11:05:36.994,,101,1002,10173,kys_by_year,2026-09-04T23:18:13+00:00
01021205701,IQBAL MEMORIAL,01,JAMMU & KASHMIR,0102,BARAMULLA,010212,NEHALPORA,CHECK SEREE (WARPORA),BMS CHECK SEERI,Primary with Upper Primary,Private Unaided (Recognized) ,3-Co-educational,Rural,Operational,193121,34.1349,74.5242,2026-09-02T17:02:56,1004179,0,Operational,,,2,50,0,0,50,0,1,8,2,5,Private Unaided (Recognized) ,Private Unaided (Recognized),3,5,3,3-Co-educational,1,sariwarpora pattan baramulla,,010212057,1008768,0102120006,1000967,1,27,Pattan,288809,2378,Sari Warpora,Sariwarpora B,,,,,2026-27,13,2026-01-28 14:25:47.644,,101,1002,10176,kys_by_year,2026-09-04T23:18:13+00:00
01021301503,IQBAL MEMORIAL PUBLICE SCHOOL .USSAN KHOIE,01,JAMMU & KASHMIR,0102,BARAMULLA,010213,PATTAN,USSAN KHOIE,USSAN KHOIE,Primary with Upper Primary,Private Unaided (Recognized) ,3-Co-educational,Rural,Operational,193121,34.2177,74.5447,2026-09-02T17:02:56,1004254,0,Operational,,,2,50,0,0,50,0,1,8,2,5,Private Unaided (Recognized) ,Private Unaided (Recognized),3,5,3,3-Co-educational,1,USSAN KHOIE PATTAN BARAMULLA,memoriqbal[at]gmail[dot]com,010213015,1008785,0102130013,1000977,1,27,Pattan,241872,2327,Ussan Khoie,Wussan A,,,,,2026-27,13,2026-01-25 12:58:59.545,,101,1002,10177,kys_by_year,2026-09-04T23:18:14+00:00
01021801002,IQBAL MEMORIAL PUBLIC SCHOOL MUQAM,01,JAMMU & KASHMIR,0102,BARAMULLA,010218,SOPORE,MUQAM,MS MUQAM,Primary,Private Unaided (Recognized) ,3-Co-educational,Rural,Operational,193201,34.2462,74.5065,2026-09-02T17:02:56,1004755,0,Operational,,,2,50,0,0,50,0,1,5,1,5,Private Unaided (Recognized) ,Private Unaided (Recognized),3,5,3,3-Co-educational,1,MUQAM SOPORE BARAMULLA,schooliqbalmemorial[at]gmail[dot]com,010218010,1007302,0102180008,1001107,1,7016,Sangrama,241947,2225,Putkhah Muqam,Putkha Muqam,,,,,2026-27,13,2026-01-30 16:56:57.53,,101,1002,10181,kys_by_year,2026-09-04T23:18:14+00:00
01022200306,IQRA EDU.INST.KLANTRA PAYEEN,01,JAMMU & KASHMIR,0102,BARAMULLA,010222,WAGOORA,KALANTRA PAYEEN,KALANTRA PAYEEN,Pr. Up Pr. and Secondary Only,Private Unaided (Recognized) ,3-Co-educational,Rural,Operational,193101,34.1334,74.4079,2026-09-02T17:02:56,1005139,0,Operational,,,2,50,0,0,50,0,1,10,6,5,Private Unaided (Recognized) ,Private Unaided (Recognized),3,5,3,3-Co-educational,1,Kalantra Payeen Kreeri Baramulla,kalantraiqra[at]gmail[dot]com,010222003,1008254,0102220001,1001036,1,35,Wagoora,242444,2490,Kalantra Payeen,Kalantara,,,,,2026-27,13,2026-01-22 15:36:47.521,,101,1002,10184,kys_by_year,2026-09-04T23:18:14+00:00
01022201802,IQRA EDU. ISTT.,01,JAMMU & KASHMIR,0102,BARAMULLA,010222,WAGOORA,MANAGAM,WAGOORA,Primary,Private Unaided (Recognized) ,3-Co-educational,Rural,Operational,193201,34.1563,74.4214,2026-09-02T17:02:56,1005160,0,Operational,,,2,50,0,0,50,0,1,5,1,5,Private Unaided (Recognized) ,Private Unaided (Recognized),3,5,3,3-Co-educational,1,MANAGAM WAGOORA BARAMULLA,bhatriyaz1976[at]gmail[dot]com,010222018,1008545,0102220004,1001038,1,35,Wagoora,242446,2474,Mangam,Mungam,,,,,2026-27,13,2025-03-03 10:43:56.793,,101,1002,10184,kys_by_year,2026-09-04T23:18:15+00:00
01022001005,IQRA E M SCHOOL,01,JAMMU & KASHMIR,0102,BARAMULLA,010220,TANGMARG,DRUROO,M/S SHRAIE,Primary with Upper Primary,Private Unaided (Recognized) ,3-Co-educational,Rural,Operational,193402,34.072518,74.471206,2026-09-02T17:02:56,1004903,0,Operational,,,2,50,0,0,50,0,1,8,2,5,Private Unaided (Recognized) ,Private Unaided (Recognized),3,5,3,3-Co-educational,1,DRUROO TANGMARG BARAMULLA,iemps2005[at]gmail[dot]com,010220010,1007254,0102200003,1001020,1,33,Tangmarag,241977,2679,Druroo,Druroo,,,,,2026-27,13,2026-01-30 21:00:00.556,,101,1002,10182,kys_by_year,2026-09-04T23:18:15+00:00
01021800406,IQRA ENGLISH MEDIUM PUBLIC SCHOOL HYGAM,01,JAMMU & KASHMIR,0102,BARAMULLA,010218,SOPORE,HAIGAM,MS TARZOO,Primary with Upper Primary,Private Unaided (Recognized) ,3-Co-educational,Rural,Operational,193201,34.2476,74.513,2026-09-02T17:02:56,1004733,0,Operational,,,2,50,0,0,50,0,1,8,2,5,Private Unaided (Recognized) ,Private Unaided (Recognized),3,5,3,3-Co-educational,1,HYGAM SOPORE BARAMULLA,,010218004,1007297,0102180006,1001105,1,7016,Sangrama,241956,2219,Hygam,Hygam- B,,,,,2026-27,13,2026-01-30 13:46:25.882,,101,1002,10181,kys_by_year,2026-09-04T23:18:15+00:00
01020504303,IQRA ENGLISH MEDIUM PUBLIC SCHOOL SEMPORA,01,JAMMU & KASHMIR,0102,BARAMULLA,010205,DANGERPORA,SEMPORA,C7 DUROO,Pr. Up Pr. and Secondary Only,Private Unaided (Recognized) ,3-Co-educational,Rural,Operational,193201,34.3681,74.5164,2026-09-02T17:02:56,1003531,0,Operational,,,2,50,0,0,50,0,1,10,6,5,Private Unaided (Recognized) ,Private Unaided (Recognized),3,5,3,3-Co-educational,1,SEMPORA DUROO DANGERPORA,contactashrafsofi[at]gmail[dot]com,010205043,1008321,0102050007,1001070,1,36,Zaingeer,242047,2196,Sempora,Rashidabad Machipora,,,,,2026-27,13,2026-01-25 18:57:40.996,,101,1002,10171,kys_by_year,2026-09-04T23:18:16+00:00
01020700401,ISLAMIA HANFIA MODEL SCHOOL SHEERI,01,JAMMU & KASHMIR,0102,BARAMULLA,010207,FATEHGRAH,SHEERI,BMS SHEERI,Primary with Upper Primary,Private Unaided (Recognized) ,3-Co-educational,Rural,Operational,193101,34.1831,74.3065,2026-09-02T17:02:56,1003706,0,Operational,,,2,50,0,0,50,0,1,8,2,5,Private Unaided (Recognized) ,Private Unaided (Recognized),3,5,3,3-Co-educational,1,SHEERI MAIN MARKET BARAMULLA KASHMIR ,shkirshad1[at]gmail[dot]com,010207004,1004534,0102070002,1001083,1,7013,Narwah,241185,2425,Shreenabad,Sheeri,,,,,2026-27,13,2026-01-24 12:16:17.837,,101,1002,10173,kys_by_year,2026-09-04T23:18:16+00:00
01021803088,ISLAMIA HIGH SCHOOL SOPORE (IQBAL MARKET) ,01,JAMMU & KASHMIR,0102,BARAMULLA,010218,SOPORE,SOPORE,GMS BABAYOUSUF,Pr. Up Pr. and Secondary Only,Private Unaided (Recognized) ,3-Co-educational,Urban,Operational,193201,34.2857,74.4639,2026-09-02T17:02:56,1004830,0,Operational,,,2,50,0,0,50,0,1,10,6,5,Private Unaided (Recognized) ,Private Unaided (Recognized),3,5,3,3-Co-educational,2,Iqbal Market Sopore Baramulla,islamiahighschool1530[at]gmail[dot]com,010218030,1002508,0102180002,1001101,1,0,,,,,,248149,Municipal Council Sopore-Notified Area Council,67910,Sopore (TC) - Ward No.14,2026-27,13,2025-03-03 00:13:29.058,,101,1002,10181,kys_by_year,2026-09-04T23:18:16+00:00
01020204311,ISLAMIA HS,01,JAMMU & KASHMIR,0102,BARAMULLA,010202,BARAMULLA,Banglowbagh WARD NO 09,BMS BANGLOWBAGH,Pr. Up Pr. and Secondary Only,Private Unaided (Recognized) ,3-Co-educational,Urban,Operational,193101,34.21,74.3536,2026-09-02T17:02:56,1003108,0,Operational,,,2,50,0,0,50,0,1,10,6,5,Private Unaided (Recognized) ,Private Unaided (Recognized),3,5,3,3-Co-educational,2,NEAR GULNAR PARK BARAMULLA,islamiaschoolmail[at]gmail[dot]com,010202043,1008631,0102020010,1001118,1,0,,,,,,248151,Municipal Council Baramulla-Notified Area Council,67972,Baramula (TC) - Ward No.10,2026-27,13,2026-01-24 12:50:37.006,,101,1002,10168,kys_by_year,2026-09-04T23:18:17+00:00
01020700701,ISLAMIA MODEL HIGH SCHOOL FATEHGARH,01,JAMMU & KASHMIR,0102,BARAMULLA,010207,FATEHGRAH,FATEHGARH,GHS FATEHGARH,Pr. Up Pr. and Secondary Only,Private Unaided (Recognized) ,3-Co-educational,Rural,Operational,193101,34.1716,74.3199,2026-09-02T17:02:56,1003715,0,Operational,,,2,50,0,0,50,0,1,10,6,5,Private Unaided (Recognized) ,Private Unaided (Recognized),3,5,3,3-Co-educational,1,FATEHGARH NARWAV BARAMULLA,Imhs.bla[at]gmail[dot]com,010207007,1008649,0102070003,1001084,1,7013,Narwah,241184,2435,Fetehgrah,Fategarah,,,,,2026-27,13,2026-01-31 11:08:05.381,,101,1002,10173,kys_by_year,2026-09-04T23:18:17+00:00
01020702703,ISLAMIA MODEL HIGH SCHOOL MALPORA,01,JAMMU & KASHMIR,0102,BARAMULLA,010207,FATEHGRAH,Malpora,BMS MALPORA,Pr. Up Pr. and Secondary Only,Private Unaided (Recognized) ,3-Co-educational,Rural,Operational,193101,34.1517,74.3295,2026-09-02T17:02:56,1003747,0,Operational,,,2,50,0,0,50,0,1,10,6,5,Private Unaided (Recognized) ,Private Unaided (Recognized),3,5,3,3-Co-educational,1,Malpora Sheeri Baramulla,imhsmalpora[at]gmail[dot]com,010207027,1004535,0102070005,1001086,1,7013,Narwah,241199,2442,Malpora,Malpora,,,,,2026-27,13,2026-01-31 11:11:37.399,,101,1002,10173,kys_by_year,2026-09-04T23:18:17+00:00
01021800202,ISLAMIA MODEL PUBLIC SCHOOL SEER,01,JAMMU & KASHMIR,0102,BARAMULLA,010218,SOPORE,SEER JAGIR,MS PETH SEER,Primary,Private Unaided (Recognized) ,3-Co-educational,Rural,Operational,193201,34.2609,74.4348,2026-09-02T17:02:56,1004711,0,Operational,,,2,50,0,0,50,0,1,5,1,5,Private Unaided (Recognized) ,Private Unaided (Recognized),3,5,3,3-Co-educational,1,GUR SEER SEER JAGIR SOPORE BARAMULLA,mohiuddinrather38[at]gmail[dot]com,010218002,1008520,0102180005,1001104,1,7016,Sangrama,241954,2214,Seer Jagir,Manzseer,,,,,2026-27,13,2025-03-02 23:30:13.11,,101,1002,10181,kys_by_year,2026-09-04T23:18:18+00:00
01020603802,ISLAMIA MODEL PUB SCH KANGROOSA,01,JAMMU & KASHMIR,0102,BARAMULLA,010206,DANGIWACHA,KANGROOSA,KANGROOSA,Primary with Upper Primary,Private Unaided (Recognized) ,3-Co-educational,Rural,Operational,193303,34.3035,74.2542,2026-09-02T17:02:56,1003663,0,Operational,,,2,50,0,0,50,0,1,8,2,5,Private Unaided (Recognized) ,Private Unaided (Recognized),3,5,3,3-Co-educational,1,KANGROOSA RAFIABAD JAMMU AND KASHMIR,imskangroosa[at]gmail[dot]com,010206038,1008369,0102060008,1001079,1,7009,Kandi Rafiabad,242411,2266,Kungroosa,Kangroosa,,,,,2026-27,13,2026-02-01 22:34:01.558,,101,1002,10172,kys_by_year,2026-09-04T23:18:18+00:00
01021802402,ISLAMIA MODEL SCHOOL AMBERPORA,01,JAMMU & KASHMIR,0102,BARAMULLA,010218,SOPORE,AMBARPORA,MS TARZOO,Primary with Upper Primary,Private Unaided (Recognized) ,3-Co-educational,Rural,Operational,193201,34.2462,74.5066,2026-09-02T17:02:56,1004782,0,Operational,,,2,50,0,0,50,0,1,8,2,5,Private Unaided (Recognized) ,Private Unaided (Recognized),3,5,3,3-Co-educational,1,AMBEPORA TARZOO BARAMULLA,islamiamodelschool30[at]gmail[dot]com,010218024,1007315,0102180006,1001105,1,31,Sopore,241939,2216,Tarzoo,Tarzoo C,,,,,2026-27,13,2025-03-02 23:44:05.223,,101,1002,10181,kys_by_year,2026-09-04T23:18:18+00:00
01021302108,ISLAMIA MODEL SCHOOL CHANDERHAMA,01,JAMMU & KASHMIR,0102,BARAMULLA,010213,PATTAN,CHANDERHAMA,USSAN KHOIE,Primary with Upper Primary,Private Unaided (Recognized) ,3-Co-educational,Rural,Operational,193121,34.20618,74.54075,2026-09-02T17:02:56,1004273,0,Operational,,,2,50,0,0,50,0,1,8,2,5,Private Unaided (Recognized) ,Private Unaided (Recognized),3,5,3,3-Co-educational,1,Chanderhama Pattan Baramulla,imschanderhamapattan[at]gmail[dot]com,010213021,1007991,0102130013,1000977,1,27,Pattan,241874,2328,Chanderhama,Hamray,,,,,2026-27,13,2026-01-25 13:01:33.139,,101,1002,10177,kys_by_year,2026-09-04T23:18:19+00:00
01022200309,ISLAMIA MODEL SCHOOL KALANTRA,01,JAMMU & KASHMIR,0102,BARAMULLA,010222,WAGOORA,KALANTRA PAYEEN,KALANTRA PAYEEN,Primary with Upper Primary,Private Unaided (Recognized) ,3-Co-educational,Rural,Operational,193108,34.1374,74.4088,2026-09-02T17:02:56,1005142,0,Operational,,,2,50,0,0,50,0,1,8,2,5,Private Unaided (Recognized) ,Private Unaided (Recognized),3,5,3,3-Co-educational,1,Kalantra Payeen Baramulla,islamia.modelpublicschoolkalant[at]gmail[dot]com,010222003,1008254,0102220001,1001036,1,35,Wagoora,242444,2490,Kalantra Payeen,Kalantara,,,,,2026-27,13,2026-07-22 16:02:33.44,,101,1002,10184,kys_by_year,2026-09-04T23:18:19+00:00
01020203505,ISLAMIA MOD. HIGH SCHOOL,01,JAMMU & KASHMIR,0102,BARAMULLA,010202,BARAMULLA,KHAWAJA BAGH BLA,GMS K-BAGH,Pr. Up Pr. and Secondary Only,Private Unaided (Recognized) ,3-Co-educational,Urban,Operational,193103,34.2159,74.3694,2026-09-02T17:02:56,1003076,0,Operational,,,2,50,0,0,50,0,1,10,6,5,Private Unaided (Recognized) ,Private Unaided (Recognized),3,5,3,3-Co-educational,2,Khawajabagh Baramulla Kmr,islamiamodelhighschoolkhwb[at]gmail[dot]com,010202035,1008623,0102020008,1001116,1,0,,,,,,248151,Municipal Council Baramulla-Notified Area Council,67981,Frastahar (OG) - Ward No.19,2026-27,13,2026-01-24 12:47:30.297,,101,1002,10168,kys_by_year,2026-09-04T23:18:19+00:00
01022200709,ISLAMIA MOD. SCHOOL KACHWA MUQ,01,JAMMU & KASHMIR,0102,BARAMULLA,010222,WAGOORA,KACHWA,KALANTRA PAYEEN,Primary,Private Unaided (Recognized) ,3-Co-educational,Rural,Operational,193101,34.1393,74.4048,2026-09-02T17:02:56,1005150,0,Operational,,,2,50,0,0,50,0,1,5,1,5,Private Unaided (Recognized) ,Private Unaided (Recognized),3,5,3,3-Co-educational,1,Kachwa muqam Wagoora,Islamiamidelkachwa[at]gmail[dot]com,010222007,1008257,0102220001,1001036,1,35,Wagoora,288825,2484,Kachwa Muqam,Kachwa Muqam B,,,,,2026-27,13,2025-03-03 10:36:17.929,,101,1002,10184,kys_by_year,2026-09-04T23:18:20+00:00
01020202503,ISLAMIA MOD. SCHOOL KHANPORA,01,JAMMU & KASHMIR,0102,BARAMULLA,010202,BARAMULLA,Khanpora A  WARD NO 11,GMS KHANPORA,Primary with Upper Primary,Private Unaided (Recognized) ,3-Co-educational,Urban,Operational,193101,34.2077,74.3287,2026-09-02T17:02:56,1003059,0,Operational,,,2,50,0,0,50,0,1,8,2,5,Private Unaided (Recognized) ,Private Unaided (Recognized),3,5,3,3-Co-educational,2,TELI MOHALLA KHANPORA BARAMULLA,imsknp1[at]gmail[dot]com,010202025,1008613,0102020007,1001115,1,0,,,,,,248151,Municipal Council Baramulla-Notified Area Council,67974,Baramula (TC) - Ward No.12,2026-27,13,2026-01-24 12:45:40.002,,101,1002,10168,kys_by_year,2026-09-04T23:18:20+00:00
01021101202,ISLAMIA MOD. SCHOOL MULGAM,01,JAMMU & KASHMIR,0102,BARAMULLA,010211,KUNZAR,MULGAM,MS MULGAM,Pr. Up Pr. and Secondary Only,Private Unaided (Recognized) ,3-Co-educational,Rural,Operational,193404,34.0793,74.4908,2026-09-02T17:02:56,1003911,0,Operational,,,2,50,0,0,50,0,1,10,6,5,Private Unaided (Recognized) ,Private Unaided (Recognized),3,5,3,3-Co-educational,1,Mulgam Kunzer Baramulla ,imssmulagam[at]gmail[dot]com,010211012,1008440,0102110002,1001124,1,26,Kunzer,241841,2645,Mulgam,Mulgam,,,,,2026-27,13,2026-01-25 21:39:15.795,,101,1002,10175,kys_by_year,2026-09-04T23:18:20+00:00
01020501104,ISLAMIA PUBLIC HIGH SCHOOL WARPORA,01,JAMMU & KASHMIR,0102,BARAMULLA,010205,DANGERPORA,WARPORA,C2 GMS WARPORA,Pr. Up Pr. and Secondary Only,Private Unaided (Recognized) ,3-Co-educational,Rural,Operational,193201,34.3681,74.5164,2026-09-02T17:02:56,1003394,0,Operational,,,2,50,0,0,50,0,1,10,6,5,Private Unaided (Recognized) ,Private Unaided (Recognized),3,5,3,3-Co-educational,1,ISLAMIA HIGH SCHOOL WARPORA,iphswarapora184[at]gmail[dot]com,010205011,1008291,0102050002,1001065,1,36,Zaingeer,242037,2206,Warpora,Warpora B,,,,,2026-27,13,2026-01-25 18:49:48.454,,101,1002,10171,kys_by_year,2026-09-04T23:18:21+00:00
01022204007,ISLAMIA PUBLIC SCHOOL DUNGDARA,01,JAMMU & KASHMIR,0102,BARAMULLA,010222,WAGOORA,DOULATPORA,ATHOORA,Primary,Private Unaided (Recognized) ,3-Co-educational,Rural,Operational,193108,34.2052,74.458,2026-09-02T17:02:56,1005255,0,Operational,,,2,50,0,0,50,0,1,5,1,5,Private Unaided (Recognized) ,Private Unaided (Recognized),3,5,3,3-Co-educational,1,"Dungdara, Doulatpora",Ipsschooldugdara[at]gmail[dot]com,010222040,1008247,0102220008,1001042,1,35,Wagoora,242454,2466,Dulatpora,Dawlatpora,,,,,2026-27,13,2026-01-22 21:00:06.611,,101,1002,10184,kys_by_year,2026-09-04T23:18:21+00:00
01020700404,ISLAMIC EDUCATIONAL  INSTITUTE SHEERI,01,JAMMU & KASHMIR,0102,BARAMULLA,010207,FATEHGRAH,SHEERI,BMS SHEERI,Primary with Upper Primary,Private Unaided (Recognized) ,3-Co-educational,Rural,Operational,193101,34.1855,74.3167,2026-09-02T17:02:56,1003709,0,Operational,,,2,50,0,0,50,0,1,8,2,5,Private Unaided (Recognized) ,Private Unaided (Recognized),3,5,3,3-Co-educational,1,SHEERI BALA BARAMULLA KASHMIR,rafu292[at]gmail[dot]com,010207004,1004534,0102070002,1001083,1,7013,Narwah,241185,2425,Shreenabad,Sheeri,,,,,2026-27,13,2026-01-31 11:06:53.151,,101,1002,10173,kys_by_year,2026-09-04T23:18:21+00:00
01021803056,ISLAMIC ENGLISH MEDIUM SCHOOL MUMKAK,01,JAMMU & KASHMIR,0102,BARAMULLA,010218,SOPORE,SOPORE,GMS BABAYOUSUF,Primary with Upper Primary,Private Unaided (Recognized) ,3-Co-educational,Urban,Operational,193201,34.2805,74.4662,2026-09-02T17:02:56,1004807,0,Operational,,,2,50,0,0,50,0,1,8,2,5,Private Unaided (Recognized) ,Private Unaided (Recognized),3,5,3,3-Co-educational,2,MUMKAK SOPORE BARAMULLA,iemsmumkak01[at]gmail[dot]com,010218030,1002508,0102180002,1001101,1,0,,,,,,248149,Municipal Council Sopore-Notified Area Council,67903,Sopore (TC) - Ward No.6,2026-27,13,2025-03-03 00:05:04.753,,101,1002,10181,kys_by_year,2026-09-04T23:18:22+00:00
01022301110,ISLAMIC INTERNATIONAL SCHOOL BANDI PAYEEN,01,JAMMU & KASHMIR,0102,BARAMULLA,010223,CHANDOOSA,BANDI PAYEEN,BMS SOFI MOHALLA BANDI PAYEEN,Primary,Private Unaided (Recognized) ,3-Co-educational,Rural,Operational,193101,34.121916,74.39558,2026-09-02T17:02:56,1005330,0,Operational,,,2,50,0,0,50,0,1,5,1,5,Private Unaided (Recognized) ,Private Unaided (Recognized),3,5,3,3-Co-educational,1,Bandi Payeen Baramulla,IIsbp16[at]gmail[dot]com,010223011,1008717,0102230002,1001047,1,35,Wagoora,242432,2495,Bandi Payeen,Bandi Payeen A,,,,,2026-27,13,2026-08-24 11:50:55.568,,101,1002,10185,kys_by_year,2026-09-04T23:18:22+00:00
01021105303,ISLAMIC PUB SCHOOL,01,JAMMU & KASHMIR,0102,BARAMULLA,010211,KUNZAR,TAKIYA BATPORA,MS KUNZER,Primary with Upper Primary,Private Unaided (Recognized) ,3-Co-educational,Rural,Operational,193404,34.0791,74.4917,2026-09-02T17:02:56,1003983,0,Operational,,,2,50,0,0,50,0,1,8,2,5,Private Unaided (Recognized) ,Private Unaided (Recognized),3,5,3,3-Co-educational,1,ISLAMIC PUBLIC SCHOOL TAKIYA BATPORA,Ipmsbatapora[at]gmail[dot]com,010211053,1008474,0102110007,1001129,1,26,Kunzer,241827,2649,Takya Batpora,Takiya Batpora,,,,,2026-27,13,2026-01-25 22:02:05.281,,101,1002,10175,kys_by_year,2026-09-04T23:18:22+00:00
01021000111,JAFARI PUBLIC SCHOOL KAMALKOTE,01,JAMMU & KASHMIR,0102,BARAMULLA,010210,JHULLA,KAMAL KOTE,C2 MS NADIAN,Primary,Private Unaided (Recognized) ,3-Co-educational,Rural,Operational,193123,34.1372,73.9744,2026-09-02T17:02:56,1003789,0,Operational,,,2,50,0,0,50,0,1,5,1,5,Private Unaided (Recognized) ,Private Unaided (Recognized),3,5,3,3-Co-educational,1,"KAMALKOTE, JHULLA URI",Fopkashmir[at]gmail[dot]com,010210001,1008401,0102100002,1001092,1,7015,Paranpeela,241996,2516,Hard Kamal Kote,Kamalkote,,,,,2026-27,13,2026-08-01 14:09:23.039,,101,1002,10174,kys_by_year,2026-09-04T23:18:23+00:00
01020202504,JANBAZ ENG. MED. SCHOOL KHANPO,01,JAMMU & KASHMIR,0102,BARAMULLA,010202,BARAMULLA,Khanpora A  WARD NO 11,GMS KHANPORA,Primary with Upper Primary,Private Unaided (Recognized) ,3-Co-educational,Urban,Operational,193101,34.2085,74.3297,2026-09-02T17:02:56,1003060,0,Operational,,,2,50,0,0,50,0,1,8,2,5,Private Unaided (Recognized) ,Private Unaided (Recognized),3,5,3,3-Co-educational,2,Khanpora Baramulla kmr,janbazwali[at]gmail[dot]com,010202025,1008613,0102020007,1001115,1,0,,,,,,248151,Municipal Council Baramulla-Notified Area Council,67973,Baramula (TC) - Ward No.11,2026-27,13,2026-01-24 12:45:21.462,,101,1002,10168,kys_by_year,2026-09-04T23:18:23+00:00
01020200306,JANBAZWALI NOBLE MISSION SCHOOL,01,JAMMU & KASHMIR,0102,BARAMULLA,010202,BARAMULLA,NADIHAL,CHAKLOO BLA,Primary with Upper Primary,Private Unaided (Recognized) ,3-Co-educational,Rural,Operational,193101,34.2644,74.3889,2026-09-02T17:02:56,1003011,0,Operational,,,2,50,0,0,50,0,1,8,2,5,Private Unaided (Recognized) ,Private Unaided (Recognized),3,5,3,3-Co-educational,1,Chakloo Nadihal Rafiabad Baramulla,jbwnms[at]gmail[dot]com,010202003,1008591,0102020001,1001109,1,7012,Nadihal,288803,2413,Nadihal,Nadihal C,,,,,2026-27,13,2025-03-03 13:14:11.627,,101,1002,10168,kys_by_year,2026-09-04T23:18:23+00:00
01020203205,JEHLUM BREEZE ARMY SCHOOL BARAMULLA,01,JAMMU & KASHMIR,0102,BARAMULLA,010202,BARAMULLA,KANT BAGH WARD-18,GMS K-BAGH,Primary,Private Unaided (Recognized) ,3-Co-educational,Urban,Operational,193101,34.1222,74.228,2026-09-02T17:02:56,1030930,0,Operational,,,2,50,50,50,50,50,1,5,1,5,Private Unaided (Recognized) ,Private Unaided (Recognized),3,5,3,3-Co-educational,2,Kanth  bagh  Baramulla Near GMC Baramulla,,010202032,1008620,0102020008,1001116,1,0,,,,,,248151,Municipal Council Baramulla-Notified Area Council,67980,Gotiyar (OG) - Ward No.18,2026-27,13,2025-12-10 12:03:07.54,,101,1002,10168,kys_by_year,2026-09-04T23:18:24+00:00
01021803091,JEHLUM MODEL PUBLIC SCHOOL NINGLI SOPORE,01,JAMMU & KASHMIR,0102,BARAMULLA,010218,SOPORE,SOPORE,CHANKHAN,Primary with Upper Primary,Private Unaided (Recognized) ,3-Co-educational,Urban,Operational,193201,34.292291,74.470419,2026-09-02T17:02:56,1004833,0,Operational,,,2,50,0,0,50,0,1,8,2,5,Private Unaided (Recognized) ,Private Unaided (Recognized),3,5,3,3-Co-educational,2,NINGLI MOHALLA SOPORE BARAMULLA,jmpssopore92[at]gmail[dot]com,010218030,1002508,0102180009,1001108,1,0,,,,,,248149,Municipal Council Sopore-Notified Area Council,67902,Sopore (TC) - Ward No.5,2026-27,13,2025-03-03 00:14:28.2,,101,1002,10181,kys_by_year,2026-09-04T23:18:24+00:00
01020202108,JEHLUM VIEW PUBLIC SCHOOL,01,JAMMU & KASHMIR,0102,BARAMULLA,010202,BARAMULLA,Tawheed Gunj WARD - I,RAJGHAT,Primary with Upper Primary,Private Unaided (Recognized) ,3-Co-educational,Urban,Operational,193101,34.1994,74.3384,2026-09-02T17:02:56,1003050,0,Operational,,,2,50,0,0,50,0,1,8,2,5,Private Unaided (Recognized) ,Private Unaided (Recognized),3,5,3,3-Co-educational,2,Tawheed Gunj Baramulla,jvpstawheedgunj[at]gmail[dot]com,010202021,1008609,0102020006,1001114,1,0,,,,,,248151,Municipal Council Baramulla-Notified Area Council,67963,Baramula (TC) - Ward No.1,2026-27,13,2026-01-24 12:41:48.077,,101,1002,10168,kys_by_year,2026-09-04T23:18:24+00:00
01021604104,JET Kanispora,01,JAMMU & KASHMIR,0102,BARAMULLA,010216,SINGHPORA (KALAN),KANISPORA-B,KANISPORA (A),Pr. with Up.Pr. Sec. and H.Sec.,Private Unaided (Recognized) ,3-Co-educational,Rural,Operational,193101,34.2001,74.3474,2026-09-02T17:02:56,1004553,0,Operational,,,2,50,0,0,50,0,1,12,3,5,Private Unaided (Recognized) ,Private Unaided (Recognized),3,5,3,3-Co-educational,1,KANISPORA SINGHPORA KALAN BARAMULLA,darhanif04[at]gmail[dot]com,010216041,1008517,0102160002,1000997,1,22,Baramulla,288802,2450,Kanispora,Kanispora B,,,,,2026-27,13,2026-01-27 19:56:03.41,,101,1002,10179,kys_by_year,2026-09-04T23:18:25+00:00
01021501306,J S EDUCATIONAL INSTT KHOSHIPORA,01,JAMMU & KASHMIR,0102,BARAMULLA,010215,ROHAMA,KUSHIPORA,KUSHIPORA,Primary with Upper Primary,Private Unaided (Recognized) ,3-Co-educational,Rural,Operational,193301,34.2772,74.3191,2026-09-02T17:02:56,1004364,0,Operational,,,2,50,0,0,50,0,1,8,2,5,Private Unaided (Recognized) ,Private Unaided (Recognized),3,5,3,3-Co-educational,1,Khushipora Rohama Rafiabad,jseducationalinstitute786[at]gmail[dot]com,010215013,1007138,0102150005,1000982,1,29,Rohama,241884,2296,Khushipora,Patoosa,,,,,2026-27,13,2026-01-22 19:43:18.313,,101,1002,10178,kys_by_year,2026-09-04T23:18:25+00:00
01020401006,K.A.D PUBLIC SCHOOL GINGAL,01,JAMMU & KASHMIR,0102,BARAMULLA,010204,CHANDANWARI,GINGAL,BMS NOORKHAH,Pr. Up Pr. and Secondary Only,Private Unaided (Recognized) ,3-Co-educational,Rural,Operational,193122,34.1309,74.1032,2026-09-02T17:02:56,1003279,0,Operational,,,2,50,0,0,50,0,1,10,6,5,Private Unaided (Recognized) ,Private Unaided (Recognized),3,5,3,3-Co-educational,1,GINGAL TEHSIL URI BARAMULLA,kadgingal[at]gmail[dot]com,010204010,1008690,0102040003,1001056,1,7015,Paranpeela,288829,2551,Gingal,Gingle B,,,,,2026-27,13,2026-01-28 13:36:33.235,,101,1002,10170,kys_by_year,2026-09-04T23:18:26+00:00
01022100108,KAFIL PUBLIC SCHOOL,01,JAMMU & KASHMIR,0102,BARAMULLA,010221,URI,DAWARAN,BMS DAWARAN,Primary with Upper Primary,Private Unaided (Recognized) ,3-Co-educational,Rural,Operational,193122,34.11229,74.061437,2026-09-02T17:02:56,1005027,0,Operational,,,2,50,0,0,50,0,1,8,2,5,Private Unaided (Recognized) ,Private Unaided (Recognized),3,5,3,3-Co-educational,1,Dawaran uri Baramulla ,kpsschool0143[at]gmail[dot]com,010221001,1007296,0102210001,1001028,1,7015,Paranpeela,242001,2550,Dawaran,Dawaran,,,,,2026-27,13,2025-03-24 22:03:09.957,,101,1002,10183,kys_by_year,2026-09-04T23:18:26+00:00
01021200707,KASHMIR PARADISE ISLAMIC MODEL SCHOOL ,01,JAMMU & KASHMIR,0102,BARAMULLA,010212,NEHALPORA,MAMOOSA,BMS Yall,Primary,Private Unaided (Recognized) ,3-Co-educational,Rural,Operational,193121,34.124638,74.544314,2026-09-02T17:02:56,1030605,0,Operational,,,2,50,50,50,50,50,1,5,1,5,Private Unaided (Recognized) ,Private Unaided (Recognized),3,5,3,3-Co-educational,1,Mamoosa Pattan Baramulla,kpms.mamoosa[at]gmail[dot]com,010212007,1008727,0102120010,1000970,1,7011,Lalpora,241861,2394,Mamoosa,Mamoosa B,,,,,2026-27,13,2025-03-05 11:49:18.047,,101,1002,10176,kys_by_year,2026-09-04T23:18:27+00:00
01021702007,KASHMIR  PUBLIC VIDYALYA MIRGUND,01,JAMMU & KASHMIR,0102,BARAMULLA,010217,SINGHPORA PATTAN,MIRGUND,GMS CR KHAN,Pr. Up Pr. and Secondary Only,Private Unaided (Recognized) ,3-Co-educational,Rural,Operational,193121,34.129844,74.67077,2026-09-02T17:02:56,1004617,0,Operational,,,2,50,0,0,50,0,1,10,6,5,Private Unaided (Recognized) ,Private Unaided (Recognized),3,5,3,3-Co-educational,1,MIRGUND SINGHPORA PATTAN 193121,,010217020,1008047,0102170001,1001010,1,30,Singhpora,288821,2363,Mirgund,Mirgund B,,,,,2026-27,13,2026-01-25 20:16:54.909,,101,1002,10180,kys_by_year,2026-09-04T23:18:26+00:00
01021104907,KEHKASHAAN EDU. INST. DEVBUGH,01,JAMMU & KASHMIR,0102,BARAMULLA,010211,KUNZAR,DEVBUGH,MS KUNZER,Primary,Private Unaided (Recognized) ,3-Co-educational,Rural,Operational,193404,34.0793,74.4908,2026-09-02T17:02:56,1003969,0,Operational,,,2,50,0,0,50,0,1,5,1,5,Private Unaided (Recognized) ,Private Unaided (Recognized),3,5,3,3-Co-educational,1,Devbugh Kunzer Baramulla,kehkashaanedudevbugh123[at]gmail[dot]com,010211049,1008470,0102110007,1001129,1,26,Kunzer,241838,2647,Devbugh,Devbugh,,,,,2026-27,13,2026-01-25 21:56:50.975,,101,1002,10175,kys_by_year,2026-09-04T23:18:27+00:00
01020301105,KGBV BAILA BONIYAR,01,JAMMU & KASHMIR,0102,BARAMULLA,010203,BONIYAR,BONIYAR,(C4) BONIYAR,Upper Primary only,Department of Education,2-Girls,Rural,Operational,193122,34.1185,74.1866,2026-09-02T17:02:56,1003171,0,Operational,,,2,50,0,0,50,0,6,8,4,1,Department of Education,Department of Education,1,1,2,2-Girls,1,TEHSIL BONIYAR BARAMILLA,mymoona8[at]gmail[dot]com,010203011,1008542,0102030004,1001135,1,23,Boniyar,241803,2583,Boniyar,Boniyar,,,,,2026-27,13,2026-01-27 19:35:41.105,,101,1002,10169,kys_by_year,2026-09-04T23:18:27+00:00
01022004402,KGBV BUDIPORA TANGMARG,01,JAMMU & KASHMIR,0102,BARAMULLA,010220,TANGMARG,BUDIPORA,MS HAJI BAL,Upper Primary only,Department of Education,2-Girls,Rural,Operational,193402,34.091092,74.420022,2026-09-02T17:02:56,1004980,0,Operational,,,2,50,0,0,50,0,6,8,4,1,Department of Education,Department of Education,1,1,2,2-Girls,1,BUDIPORA TANGMARG KASHMIR,KGBVBUDIPORA[at]GMAIL[dot]COM,010220044,1007287,0102200007,1001024,1,33,Tangmarag,241960,2665,Budipora,Warapora,,,,,2026-27,13,2026-01-30 22:15:19.615,,101,1002,10182,kys_by_year,2026-09-04T23:18:27+00:00
01021803094,KGBV CHANKHAN SOPORE,01,JAMMU & KASHMIR,0102,BARAMULLA,010218,SOPORE,SOPORE,CHANKHAN,Upper Primary only,Department of Education,2-Girls,Urban,Operational,193201,34.285,74.461,2026-09-02T17:02:56,1004836,0,Operational,,,2,50,0,0,50,0,6,8,4,1,Department of Education,Department of Education,1,1,2,2-Girls,2,CHANKHAN SOPORE (193201) BARAMULLA ,kgbvschoolsopore[at]gmail[dot]com,010218030,1002508,0102180009,1001108,1,0,,,,,,248149,Municipal Council Sopore-Notified Area Council,67900,Sopore (TC) - Ward No.3,2026-27,13,2025-03-03 00:12:10.598,,101,1002,10181,kys_by_year,2026-09-04T23:18:29+00:00
01020203513,KGBV FATEHPORA BARAMULLA,01,JAMMU & KASHMIR,0102,BARAMULLA,010216,SINGHPORA (KALAN),,MS FATEHPORA,Upper Primary only,Department of Education,2-Girls,Rural,Operational,193101,34.2077,74.3823,2026-09-02T17:02:56,1003082,0,Operational,,,2,50,0,0,50,0,6,8,4,1,Department of Education,Department of Education,1,1,2,2-Girls,1,Fatehpora Singhpora Kalan Baramulla ,kgbvfatehpora[at]gmail[dot]com,         ,,0102160001,1000996,1,22,Baramulla,241208,2449,Fetehpora,Fatehpora,,,,,2026-27,13,2026-01-27 19:27:22.3,,101,1002,10179,kys_by_year,2026-09-04T23:18:28+00:00
01021301005,KGBV GANAIEPORA BURAN PATTAN,01,JAMMU & KASHMIR,0102,BARAMULLA,010213,PATTAN,BURAN,BURAN,Upper Primary only,Department of Education,2-Girls,Rural,Operational,193121,34.1459,74.5669,2026-09-02T17:02:56,1004211,0,Operational,,,2,50,0,0,50,0,6,8,4,1,Department of Education,Department of Education,1,1,2,2-Girls,1,GANAIEPORA BURAN PATTAN BARAMULLA,kgbvganieporaburan[at]gmail[dot]com,010213010,1008782,0102130003,1001986,1,27,Pattan,241849,2349,Pattan,Buran Zangam A,,,,,2026-27,13,2026-01-25 12:54:41.162,,101,1002,10177,kys_by_year,2026-09-04T23:18:28+00:00
01020500706,KGBV MUNDJI DANGERPORA,01,JAMMU & KASHMIR,0102,BARAMULLA,010205,DANGERPORA,MUNDJI,C7 DUROO,Upper Primary only,Department of Education,2-Girls,Rural,Operational,193201,34.365682,74.474012,2026-09-02T17:02:56,1003380,0,Operational,,,2,50,0,0,50,0,6,8,4,1,Department of Education,Department of Education,1,1,2,2-Girls,1,MUNDJI BLIOCK DANGERPORA,kgbvdangerpora[at]gmail[dot]com,010205007,1007791,0102050007,1001070,1,36,Zaingeer,242023,2193,Mundji,Mundji,,,,,2026-27,13,2026-01-25 18:47:45.679,,101,1002,10171,kys_by_year,2026-09-04T23:18:29+00:00
01021002702,KGBV SALAMABAD JHULLA,01,JAMMU & KASHMIR,0102,BARAMULLA,010210,JHULLA,SULTAN DAKI,C6 PS SALAMABAD,Upper Primary only,Department of Education,2-Girls,Rural,Operational,193123,34.0787,74.0538,2026-09-02T17:02:56,1003888,0,Operational,,,2,50,0,0,50,0,6,8,4,1,Department of Education,Department of Education,1,1,2,2-Girls,1,"SALAMABAD, URI, BARAMULLA",kgbvsultandaki[at]gmail[dot]com,010210027,1008423,0102100006,1001096,1,7015,Paranpeela,242008,2511,Sultan Daki,Sultan Daki,,,,,2026-27,13,2026-08-01 12:41:34.76,,101,1002,10174,kys_by_year,2026-09-04T23:18:29+00:00
01021502804,KGBV TRAGPORA ROHAMA,01,JAMMU & KASHMIR,0102,BARAMULLA,010215,ROHAMA,TREGPORA,ROHAMA,Upper Primary only,Department of Education,2-Girls,Rural,Operational,193301,34.2794,74.3796,2026-09-02T17:02:56,1004407,0,Operational,,,2,50,0,0,50,0,6,8,4,1,Department of Education,Department of Education,1,1,2,2-Girls,1,KGBV Rohama Rafiabad,kgbvtragpora[at]gmail[dot]com,010215028,1007152,0102150019,1000995,1,29,Rohama,241900,2300,Rohama,Rohama A,,,,,2026-27,13,2026-01-22 20:04:46.533,,101,1002,10178,kys_by_year,2026-09-04T23:18:29+00:00
01022202214,KGBV WAGOORA,01,JAMMU & KASHMIR,0102,BARAMULLA,010222,WAGOORA,WAGOORA,WAGOORA,Upper Primary only,Department of Education,2-Girls,Rural,Operational,193103,34.1707,74.4326,2026-09-02T17:02:56,1005176,0,Operational,,,2,50,0,0,50,0,6,8,4,1,Department of Education,Department of Education,1,1,2,2-Girls,1, pethgam wagoora baramulla,kgbvwagoora[at]gmail[dot]com,010222022,1007960,0102220004,1001038,1,35,Wagoora,242460,2467,Wagoora,Wagoora B,,,,,2026-27,13,2026-01-22 15:41:32.369,,101,1002,10184,kys_by_year,2026-09-04T23:18:30+00:00
01020601011,KGBV WATERGAM DANGIWACHA,01,JAMMU & KASHMIR,0102,BARAMULLA,010206,DANGIWACHA,WATERGAM,WATERGAM C3,Upper Primary only,Department of Education,2-Girls,Urban,Operational,193303,34.3194,74.3719,2026-09-02T17:02:56,1003604,0,Operational,,,2,50,0,0,50,0,6,8,4,1,Department of Education,Department of Education,1,1,2,2-Girls,2,"Watergam Rafiabad,Baramulla,Kashmir JK",kgbvwatergam1[at]gmail[dot]com,010206010,1008346,0102060003,1001074,1,0,,,,,,296985,Municipal Committee Watergam,2241514,Watergam (MC) - Ward No.4,2026-27,13,2026-02-01 22:22:02.693,,101,1002,10172,kys_by_year,2026-09-04T23:18:30+00:00
01021500305,Khan Memorial English Medium School Kutru Naribal,01,JAMMU & KASHMIR,0102,BARAMULLA,010215,ROHAMA,KUTRU NARIBAL,SAILKOTE,Primary,Private Unaided (Recognized) ,3-Co-educational,Rural,Operational,193301,34.2538,74.25039,2026-09-02T17:02:56,1000025,0,Operational,,,2,50,0,0,50,0,1,5,1,5,Private Unaided (Recognized) ,Private Unaided (Recognized),3,5,3,3-Co-educational,1,Kutru Naribal Rohama Raffabad,kmemskutrunaribal[at]gmail[dot]com,010215003,1007957,0102150001,1000978,1,29,Rohama,241899,2289,Kutru Nari Bal,Kutroo-Naribal,,,,,2026-27,13,2025-03-03 11:58:37.62,,101,1002,10178,kys_by_year,2026-09-04T23:18:30+00:00
01022202211,KMI WAGOORA,01,JAMMU & KASHMIR,0102,BARAMULLA,010222,WAGOORA,WAGOORA,WAGOORA,Pr. Up Pr. and Secondary Only,Private Unaided (Recognized) ,3-Co-educational,Rural,Operational,193103,34.1719,74.4312,2026-09-02T17:02:56,1005174,0,Operational,,,2,50,0,0,50,0,1,10,6,5,Private Unaided (Recognized) ,Private Unaided (Recognized),3,5,3,3-Co-educational,1,Wagoora District Baramulla,kmiwagoora139[at]gmail[dot]com,010222022,1007960,0102220004,1001038,1,35,Wagoora,242460,2467,Wagoora,Wagoora B,,,,,2026-27,13,2026-01-22 15:41:15.066,,101,1002,10184,kys_by_year,2026-09-04T23:18:31+00:00
01021301422,LAL-E-ARIFA MEMORIAL SPRINGDALES PUB.SCH.PALHALLAN,01,JAMMU & KASHMIR,0102,BARAMULLA,010213,PATTAN,PALHALLAN,GMS PALHALLAN,Pr. Up Pr. and Secondary Only,Private Unaided (Recognized) ,3-Co-educational,Rural,Operational,193121,34.1748,74.5448,2026-09-02T17:02:56,1004236,0,Operational,,,2,50,0,0,50,0,1,10,6,5,Private Unaided (Recognized) ,Private Unaided (Recognized),3,5,3,3-Co-educational,1,DAR MOHALLA PALHALLAN PATTAN BARAMULLA,lasdpschool[at]gmail[dot]com,010213014,1008784,0102130005,1000957,1,27,Pattan,241877,2329,Palhallan,Palhalan-B,,,,,2026-27,13,2026-01-25 12:56:52.037,,101,1002,10177,kys_by_year,2026-09-04T23:18:31+00:00
01021304006,LIAQAT EDUCATIONAL INSTITUTE GOSHBUGH,01,JAMMU & KASHMIR,0102,BARAMULLA,010213,PATTAN,GOSH BUGH,GOSHBUGH,Pr. Up Pr. and Secondary Only,Private Unaided (Recognized) ,3-Co-educational,Rural,Operational,193121,34.2085,74.5366,2026-09-02T17:02:56,1004320,0,Operational,,,2,50,0,0,50,0,1,10,6,5,Private Unaided (Recognized) ,Private Unaided (Recognized),3,5,3,3-Co-educational,1,GOSHBUGH PATTAN BARAMULLA,liaquateducationalinstitutegos[at]gmail[dot]com,010213040,1006896,0102130011,1000975,1,27,Pattan,288806,2325,Goushbugh,Goshbugh B,,,,,2026-27,13,2026-01-25 13:20:38.109,,101,1002,10177,kys_by_year,2026-09-04T23:18:31+00:00
01021701005,LIGHT HOUSE PUB.SCHOOL,01,JAMMU & KASHMIR,0102,BARAMULLA,010217,SINGHPORA PATTAN,HANJIWARA BALA,GMS HANJIWERA,Pr. Up Pr. and Secondary Only,Private Unaided (Recognized) ,3-Co-educational,Rural,Operational,193121,34.1431,74.5916,2026-09-02T17:02:56,1004594,0,Operational,,,2,50,0,0,50,0,1,10,6,5,Private Unaided (Recognized) ,Private Unaided (Recognized),3,5,3,3-Co-educational,1,HANJIWARA SINGHPORA PATTAN 193121,lighthousepub786[at]gmail[dot]com,010217010,1007212,0102170008,1001017,1,30,Singhpora,288837,2374,Hanjiwara,Hanjiwera B,,,,,2026-27,13,2026-01-25 20:11:19.83,,101,1002,10180,kys_by_year,2026-09-04T23:18:32+00:00
01021304604,LITTLE BUDS PATTAN,01,JAMMU & KASHMIR,0102,BARAMULLA,010212,NEHALPORA,PALPORA,MS WANIGAM,Pr. Up Pr. and Secondary Only,Private Unaided (Recognized) ,3-Co-educational,Rural,Operational,193121,34.1807,74.5396,2026-09-02T17:02:56,1004329,0,Operational,,,2,50,0,0,50,0,1,10,6,5,Private Unaided (Recognized) ,Private Unaided (Recognized),3,5,3,3-Co-educational,1,New Colony Palpora Pattan,lbpspalporapattan[at]gmail[dot]com,010212055,1008766,0102120003,1000964,1,27,Pattan,241854,2318,Palpora,Nillah Palpora,,,,,2026-27,13,2026-02-12 14:22:21.854,,101,1002,10176,kys_by_year,2026-09-04T23:18:32+00:00
01020202301,LITTLE HEARTS SCHOOL OF LEARNI,01,JAMMU & KASHMIR,0102,BARAMULLA,010202,BARAMULLA,KANLIBAGH,GMS KHANPORA,Primary with Upper Primary,Private Unaided (Recognized) ,3-Co-educational,Urban,Operational,193101,34.2019,74.3419,2026-09-02T17:02:56,1003053,0,Operational,,,2,50,0,0,50,0,1,8,2,5,Private Unaided (Recognized) ,Private Unaided (Recognized),3,5,3,3-Co-educational,2,Kanlibagh Baramulla Kmr,,010202023,1008611,0102020007,1001115,1,0,,,,,,248151,Municipal Council Baramulla-Notified Area Council,67976,Baramula (TC) - Ward No.14,2026-27,13,2026-01-24 12:42:15.859,,101,1002,10168,kys_by_year,2026-09-04T23:18:32+00:00
01021204910,LONES N.M.E.I WANIGAMPAYEEN,01,JAMMU & KASHMIR,0102,BARAMULLA,010212,NEHALPORA,WANIGAM PAYEEN,MS WANIGAM,Pr. Up Pr. and Secondary Only,Private Unaided (Recognized) ,3-Co-educational,Rural,Operational,193108,34.1764,74.5181,2026-09-02T17:02:56,1004161,0,Operational,,,2,50,0,0,50,0,1,10,6,5,Private Unaided (Recognized) ,Private Unaided (Recognized),3,5,3,3-Co-educational,1,WANIGAM PAYEEN BARAMULLA,noblemission2004[at]gmail[dot]com,010212049,1008761,0102120003,1000964,1,27,Pattan,241853,2332,Wanigam Payeen,Wanigam Payeen A,,,,,2026-27,13,2026-01-28 14:21:59.27,,101,1002,10176,kys_by_year,2026-09-04T23:18:33+00:00
01020504815,LOTUS LAND PUBLIC SCHOOL ZALOORA ,01,JAMMU & KASHMIR,0102,BARAMULLA,010205,DANGERPORA,ZALOORA,C8 SAGIPORA,Primary,Private Unaided (Recognized) ,3-Co-educational,Rural,Operational,193201,34.411184,74.371027,2026-09-02T17:02:56,1030638,0,Operational,,,2,50,50,50,50,50,1,5,1,5,Private Unaided (Recognized) ,Private Unaided (Recognized),3,5,3,3-Co-educational,1,Zaloora Rafiabad Baramulla,lotuslandpsz[at]gmail[dot]com,010205048,1007961,0102050008,1001071,1,7018,Tujjar Sharief,242038,2176,Zaloora,Zaloora A,,,,,2026-27,13,2026-01-25 18:31:15.126,,101,1002,10171,kys_by_year,2026-09-04T23:18:33+00:00
01020402311,Lotus Public School,01,JAMMU & KASHMIR,0102,BARAMULLA,010204,CHANDANWARI,CHOOLAN KALSAN,PS SHUKERLARI,Primary,Private Unaided (Recognized) ,3-Co-educational,Rural,Operational,193122,34.145503,74.054798,2026-09-02T17:02:56,1003339,0,Operational,,,2,50,0,0,50,0,1,5,1,5,Private Unaided (Recognized) ,Private Unaided (Recognized),3,5,3,3-Co-educational,1,Choolen Kalsan Tehsil Uri,lotuspublicschool344[at]gmail[dot]com,010204023,1008701,0102040007,1001060,1,7015,Paranpeela,241998,2507,Choolan Kalsan,Choolan,,,,,2026-27,13,2026-01-28 14:08:35.834,,101,1002,10170,kys_by_year,2026-09-04T23:18:33+00:00
01021703102,MADINA PS KP BALA,01,JAMMU & KASHMIR,0102,BARAMULLA,010217,SINGHPORA PATTAN,K.P BALA,GMS KHANPETH,Primary,Private Unaided (Recognized) ,3-Co-educational,Rural,Operational,193121,34.157198,74.621052,2026-09-02T17:02:56,1004641,0,Operational,,,2,50,0,0,50,0,1,5,1,5,Private Unaided (Recognized) ,Private Unaided (Recognized),3,5,3,3-Co-educational,1,KP BALA SINGHPORA PATTAN 193121,MADINAPUBLICSCHOOLSKASHMIR[at]GMAIL[dot]COM,010217031,1008188,0102170004,1001013,1,30,Singhpora,288818,2356,Mati Pora,K P Payeen B,,,,,2026-27,13,2026-01-25 20:20:37.489,,101,1002,10180,kys_by_year,2026-09-04T23:18:34+00:00
01021704102,MADINA PUB HS SCHOOL NOORIPORA,01,JAMMU & KASHMIR,0102,BARAMULLA,010217,SINGHPORA PATTAN,NOORIPORA,HS ARCHANDARHAMA,Pr. Up Pr. and Secondary Only,Private Unaided (Recognized) ,3-Co-educational,Rural,Operational,193401,34.106217,74.611872,2026-09-02T17:02:56,1004663,0,Operational,,,2,50,0,0,50,0,1,10,6,5,Private Unaided (Recognized) ,Private Unaided (Recognized),3,5,3,3-Co-educational,1,NOORIPORA SINGHPORA PATTAN,mphsnooripora786[at]gmail[dot]com,010217041,1008197,0102170007,1001016,1,7017,Sherabad Khore,241920,2369,Malmoh,Dangerpora,,,,,2026-27,13,2026-01-25 20:23:07.552,,101,1002,10180,kys_by_year,2026-09-04T23:18:34+00:00
01021700906,MADINA PUBLIC SCHOOL,01,JAMMU & KASHMIR,0102,BARAMULLA,010217,SINGHPORA PATTAN,HANJIWERA PAYEEN,GMS HANJIWERA,Primary,Private Unaided (Recognized) ,3-Co-educational,Rural,Operational,193121,34.143099,74.591589,2026-09-02T17:02:56,1004588,0,Operational,,,2,50,0,0,50,0,1,5,1,5,Private Unaided (Recognized) ,Private Unaided (Recognized),3,5,3,3-Co-educational,1,HANJIWARA PAYEEN SINGHPORA PATTAN 193121,MOHDMIR557[at]GMAIL[dot]COM,010217009,1007211,0102170008,1001017,1,30,Singhpora,241931,2374,Hanjiwara,Hanjiwara A,,,,,2026-27,13,2026-01-25 20:12:50.301,,101,1002,10180,kys_by_year,2026-09-04T23:18:34+00:00
01021704702,MADINA PUBLIC SCHOOL AHAMADPORA,01,JAMMU & KASHMIR,0102,BARAMULLA,010217,SINGHPORA PATTAN,AHMAD PORA,BMS KONGAM DARA,Primary with Upper Primary,Private Unaided (Recognized) ,3-Co-educational,Rural,Operational,193401,34.1125,74.5893,2026-09-02T17:02:56,1004685,0,Operational,,,2,50,0,0,50,0,1,8,2,5,Private Unaided (Recognized) ,Private Unaided (Recognized),3,5,3,3-Co-educational,1,TANTRAYPORA AHMADPORA SINGHPORA PATTAN,mpsahmadpora786[at]gmail[dot]com,010217047,1008203,0102170003,1001012,1,7017,Sherabad Khore,241915,2397,Goom Ahmad Pora,Goom Ahmedpora,,,,,2026-27,13,2026-01-25 20:28:41.81,,101,1002,10180,kys_by_year,2026-09-04T23:18:35+00:00
01020501603,MADINA PUBLIC SCHOOL SAIDPORA,01,JAMMU & KASHMIR,0102,BARAMULLA,010205,DANGERPORA,SAIDPORA,C3 BHS BRAT KALAN,Primary with Upper Primary,Private Unaided (Recognized) ,3-Co-educational,Rural,Operational,193201,34.3681,74.5164,2026-09-02T17:02:56,1003433,0,Operational,,,2,50,0,0,50,0,1,8,2,5,Private Unaided (Recognized) ,Private Unaided (Recognized),3,5,3,3-Co-educational,1,MADINA COLONY SAIDPORA,mpschoolsyedpora[at]gmail[dot]com,010205016,1008296,0102050003,1001066,1,36,Zaingeer,242030,2205,Dangarpora,Dangerpora C,,,,,2026-27,13,2026-01-25 18:59:36.565,,101,1002,10171,kys_by_year,2026-09-04T23:18:35+00:00
01020501109,MAKHDOOMIA.MODEL SCHOOL WARPORA,01,JAMMU & KASHMIR,0102,BARAMULLA,010205,DANGERPORA,WARPORA,C2 GMS WARPORA,Pr. Up Pr. and Secondary Only,Private Unaided (Recognized) ,3-Co-educational,Rural,Operational,193201,34.3681,74.5164,2026-09-02T17:02:56,1003395,0,Operational,,,2,50,0,0,50,0,1,10,6,5,Private Unaided (Recognized) ,Private Unaided (Recognized),3,5,3,3-Co-educational,1,WARPORA DANGERPORA SOPORE,mmhswarapora123[at]gmail[dot]com,010205011,1008291,0102050002,1001065,1,36,Zaingeer,242037,2206,Warpora,Warpora B,,,,,2026-27,13,2026-01-25 18:49:58.205,,101,1002,10171,kys_by_year,2026-09-04T23:18:35+00:00
01021101701,MIDDLE SCHOOL AATIPORA,01,JAMMU & KASHMIR,0102,BARAMULLA,010211,KUNZAR,AATIPORA,MS Hard Shoora,Primary with Upper Primary,Department of Education,3-Co-educational,Rural,Operational,193404,34.1076,74.4787,2026-09-02T17:02:56,1003917,0,Operational,,,2,50,0,0,50,0,1,8,2,1,Department of Education,Department of Education,1,1,3,3-Co-educational,1,AATIPORA KUNZER BARAMULLA,gmsaatipora[at]gmail[dot]com,010211017,1008444,0102110001,1001123,1,26,Kunzer,289132,2621,Atipora Zehkar,Hayatpora,,,,,2026-27,13,2026-01-25 21:36:05.855,,101,1002,10175,kys_by_year,2026-09-04T23:18:36+00:00
01022202401,MIDDLE SCHOOL ALLAPORA,01,JAMMU & KASHMIR,0102,BARAMULLA,010222,WAGOORA,ALLAPORA,SHRAK WARA,Primary with Upper Primary,Department of Education,3-Co-educational,Rural,Operational,193108,34.1825,74.455,2026-09-02T17:02:56,1005184,0,Operational,,,2,50,0,0,50,0,1,8,2,1,Department of Education,Department of Education,1,1,3,3-Co-educational,1,ALLAPORA VIZER WAGOORA,govtmiddleschoolallapora[at]gmail[dot]com,010222024,1008550,0102220010,1001044,1,35,Wagoora,242460,2467,Wagoora,Wagoora B,,,,,2026-27,13,2025-03-03 10:50:46.891,,101,1002,10184,kys_by_year,2026-09-04T23:18:36+00:00
01021503703,MIDDLE SCHOOL ATHERPORA REBAN,01,JAMMU & KASHMIR,0102,BARAMULLA,010215,ROHAMA,REBAN,GMS HADIPORA,Primary with Upper Primary,Department of Education,3-Co-educational,Rural,Operational,193301,34.2937,74.4207,2026-09-02T17:02:56,1004438,0,Operational,,,2,50,0,0,50,0,1,8,2,1,Department of Education,Department of Education,1,1,3,3-Co-educational,1,Middle School Atherpora Reban Rafiabad,gmsatherpora.reban[at]gmail[dot]com,010215037,1007159,0102150013,1000989,1,29,Rohama,241891,936678,Reban,Reban-B,,,,,2026-27,13,2026-01-22 20:16:58.413,,101,1002,10178,kys_by_year,2026-09-04T23:18:36+00:00
01022203705,MIDDLE SCHOOL ATHOORA PAYEEN,01,JAMMU & KASHMIR,0102,BARAMULLA,010222,WAGOORA,ATHOORA,ATHOORA,Primary with Upper Primary,Department of Education,3-Co-educational,Rural,Operational,193108,34.2135,74.4679,2026-09-02T17:02:56,1005239,0,Operational,,,2,50,0,0,50,0,1,8,2,1,Department of Education,Department of Education,1,1,3,3-Co-educational,1,Athoora Payeen Zone Wagoora,mirmustafa900[at]gmail[dot]com,010222037,1008244,0102220008,1001042,1,35,Wagoora,242455,2454,Reshipora,Authoora,,,,,2026-27,13,2026-01-22 20:57:30.567,,101,1002,10184,kys_by_year,2026-09-04T23:18:37+00:00
01021101801,MIDDLE SCHOOL AWALAWA,01,JAMMU & KASHMIR,0102,BARAMULLA,010211,KUNZAR,AWALAWA,MS MULGAM,Primary with Upper Primary,Department of Education,3-Co-educational,Rural,Operational,193404,34.0793,74.4908,2026-09-02T17:02:56,1003918,0,Operational,,,2,50,0,0,50,0,1,8,2,1,Department of Education,Department of Education,1,1,3,3-Co-educational,1,AWALAWA KUNZER BARAMULLA,govtmiddleschoolawalawa922[at]gmail[dot]com,010211018,1008445,0102110002,1001124,1,26,Kunzer,241841,2646,Awalara,Mulgam,,,,,2026-27,13,2026-01-25 21:35:46.826,,101,1002,10175,kys_by_year,2026-09-04T23:18:37+00:00
01020400306,MIDDLE SCHOOL BABAGAIL LIMBER,01,JAMMU & KASHMIR,0102,BARAMULLA,010204,CHANDANWARI,LIMBER,BPS KHARHAR,Primary with Upper Primary,Department of Education,3-Co-educational,Rural,Operational,193122,34.191,74.1629,2026-09-02T17:02:56,1003246,0,Operational,,,2,50,0,0,50,0,1,8,2,1,Department of Education,Department of Education,1,1,3,3-Co-educational,1,Lon mohallla babagail,,010204003,1008685,0102040010,1001063,1,7014,Noorkah,241794,2560,Limber,Limber B,,,,,2026-27,13,2026-01-28 12:46:00.986,,101,1002,10170,kys_by_year,2026-09-04T23:18:37+00:00
01021300801,MIDDLE SCHOOL BABAGUND,01,JAMMU & KASHMIR,0102,BARAMULLA,010213,PATTAN,BABAGUND,NOWLARI,Primary with Upper Primary,Department of Education,3-Co-educational,Rural,Operational,193121,34.119996,74.558283,2026-09-02T17:02:56,1004204,0,Operational,,,2,50,0,0,50,0,1,8,2,1,Department of Education,Department of Education,1,1,3,3-Co-educational,1,BABAGUND MAMOOSA PATTAN,msbaba801[at]gmail[dot]com,010213008,1008780,0102130012,1000976,1,7011,Lalpora,241861,2394,Mamoosa,Mamoosa B,,,,,2026-27,13,2026-01-25 13:09:47.352,,101,1002,10177,kys_by_year,2026-09-04T23:18:38+00:00
01021601003,MIDDLE SCHOOL BALMOHALLA SSA,01,JAMMU & KASHMIR,0102,BARAMULLA,010216,SINGHPORA (KALAN),JAHAMA,KANISPORA (A),Primary with Upper Primary,Department of Education,3-Co-educational,Rural,Operational,193103,34.2495,74.3944,2026-09-02T17:02:56,1004494,0,Operational,,,2,50,0,0,50,0,1,8,2,1,Department of Education,Department of Education,1,1,3,3-Co-educational,1,BALL MOHALLA JAHAMA BARAMULLA,msbalmohallajahama[at]gmail[dot]com,010216010,1008146,0102160002,1000997,1,22,Baramulla,241187,2416,Johama,Johama,,,,,2026-27,13,2026-01-27 19:47:58.121,,101,1002,10179,kys_by_year,2026-09-04T23:18:38+00:00
01022102102,MIDDLE SCHOOL BANDI BRAHMINA,01,JAMMU & KASHMIR,0102,BARAMULLA,010221,URI,BANDI BRAHMANA,GHS LAGAMA,Primary with Upper Primary,Department of Education,3-Co-educational,Urban,Operational,193123,34.0934,74.0584,2026-09-02T17:02:56,1005111,0,Operational,,,2,50,0,0,50,0,1,8,2,1,Department of Education,Department of Education,1,1,3,3-Co-educational,2,Bandi Brahmina Uri Baramulla JK UT,bmsbandibrahmana2022[at]gmail[dot]com,010221021,1008231,0102210002,1001029,1,0,,,,,,248152,Municipal Committee Uri-Municipality,10038,Uri (NAC) - Ward No.1,2026-27,13,2026-01-30 12:27:20.373,,101,1002,10183,kys_by_year,2026-09-04T23:18:38+00:00
01022203709,MIDDLE SCHOOL BANGDARA,01,JAMMU & KASHMIR,0102,BARAMULLA,010222,WAGOORA,ATHOORA,ATHOORA,Primary with Upper Primary,Department of Education,3-Co-educational,Rural,Operational,193108,34.2252,74.4645,2026-09-02T17:02:56,1005242,0,Operational,,,2,50,0,0,50,0,1,8,2,1,Department of Education,Department of Education,1,1,3,3-Co-educational,1,Village BANGDARA KREERI BARAMULLA,headmastergmsbangdara2017[at]gmail[dot]com,010222037,1008244,0102220008,1001042,1,35,Wagoora,242455,2454,Reshipora,Authoora,,,,,2026-27,13,2026-01-22 20:54:32.366,,101,1002,10184,kys_by_year,2026-09-04T23:18:39+00:00
01021001403,MIDDLE SCHOOL BATANGI,01,JAMMU & KASHMIR,0102,BARAMULLA,010210,JHULLA,JABLA,C6 PS SALAMABAD,Primary with Upper Primary,Department of Education,3-Co-educational,Rural,Operational,193123,34.0749,74.0285,2026-09-02T17:02:56,1003842,0,Operational,,,2,50,0,0,50,0,1,8,2,1,Department of Education,Department of Education,1,1,3,3-Co-educational,1,"JABLA, URI, BARAMULLA",bmsbatangi[at]gmail[dot]com,010210014,1008414,0102100006,1001096,1,7015,Paranpeela,241993,2534,Jabla,Jablla,,,,,2026-27,13,2026-08-01 13:17:17.575,,101,1002,10174,kys_by_year,2026-09-04T23:18:39+00:00
01022100901,MIDDLE SCHOOL BATGRAN,01,JAMMU & KASHMIR,0102,BARAMULLA,010221,URI,BATGRAN,BMS TILAWARI,Primary with Upper Primary,Department of Education,3-Co-educational,Rural,Operational,193123,34.049,74.0586,2026-09-02T17:02:56,1005047,0,Operational,,,2,50,0,0,50,0,1,8,2,1,Department of Education,Department of Education,1,1,3,3-Co-educational,1,VILLAGE BATGRAN TEHSIL URI,zeouri2015[at]gmail[dot]com,010221009,1008222,0102210004,1001031,1,34,Uri,242005,2539,Batgran,Churranda,,,,,2026-27,13,2025-08-06 14:48:19.195,,101,1002,10183,kys_by_year,2026-09-04T23:18:39+00:00
01022004301,MIDDLE SCHOOL BATOO,01,JAMMU & KASHMIR,0102,BARAMULLA,010220,TANGMARG,BATTO,MS HAJI BAL,Primary with Upper Primary,Department of Education,3-Co-educational,Rural,Operational,193402,34.087503,74.4176,2026-09-02T17:02:56,1004978,0,Operational,,,2,50,0,0,50,0,1,8,2,1,Department of Education,Department of Education,1,1,3,3-Co-educational,1,BATOO TANGMARG KASHMIR,bmsbatoo[at]gmail[dot]com,010220043,1007286,0102200007,1001024,1,33,Tangmarag,288832,2669,Batoo,Mulbangil,,,,,2026-27,13,2026-01-30 21:52:34.692,,101,1002,10182,kys_by_year,2026-09-04T23:18:40+00:00
01021105301,MIDDLE SCHOOL BATPORA,01,JAMMU & KASHMIR,0102,BARAMULLA,010211,KUNZAR,TAKIYA BATPORA,MS KUNZER,Primary with Upper Primary,Department of Education,3-Co-educational,Rural,Operational,193404,34.0791,74.4917,2026-09-02T17:02:56,1003981,0,Operational,,,2,50,0,0,50,0,1,8,2,1,Department of Education,Department of Education,1,1,3,3-Co-educational,1,MIDDLE SCHOOLBATPORA,gmsbatpora123[at]gmail[dot]com,010211053,1008474,0102110007,1001129,1,26,Kunzer,241827,2649,Takya Batpora,Takiya Batpora,,,,,2026-27,13,2026-01-25 22:02:45.378,,101,1002,10175,kys_by_year,2026-09-04T23:18:40+00:00
01022002601,MIDDLE SCHOOL BECHIPORA,01,JAMMU & KASHMIR,0102,BARAMULLA,010220,TANGMARG,BECHIPORA,MS HARI WATNOO,Primary with Upper Primary,Department of Education,3-Co-educational,Rural,Operational,193402,34.099496,74.44638,2026-09-02T17:02:56,1004944,0,Operational,,,2,50,0,0,50,0,1,8,2,1,Department of Education,Department of Education,1,1,3,3-Co-educational,1,BECHIPORA TANGMARG KMR,GMSBECHIPORA2601[at]GMAIL[dot]COM,010220026,1007269,0102200005,1001022,1,33,Tangmarag,241969,2636,Bachi Pora,Bichipora,,,,,2026-27,13,2026-01-30 21:34:25.098,,101,1002,10182,kys_by_year,2026-09-04T23:18:40+00:00
01022301902,MIDDLE SCHOOL BEHAK BALA,01,JAMMU & KASHMIR,0102,BARAMULLA,010223,CHANDOOSA,RAJPORA THANDKASI,MS MORIN TANGWARI,Primary with Upper Primary,Department of Education,3-Co-educational,Rural,Operational,193101,34.1402,74.3634,2026-09-02T17:02:56,1005354,0,Operational,,,2,50,0,0,50,0,1,8,2,1,Department of Education,Department of Education,1,1,3,3-Co-educational,1,Rajpora Thandkasi Baramulla,Behakbala[at]gmail[dot]com,010223019,1008262,0102230007,1001052,1,35,Wagoora,242437,2487,Rajpora Thandkasi,Shirpora,,,,,2026-27,13,2026-08-24 12:01:12.515,,101,1002,10185,kys_by_year,2026-09-04T23:18:41+00:00
01020600103,MIDDLE SCHOOL BEHALPORA BEHRAMPORA,01,JAMMU & KASHMIR,0102,BARAMULLA,010206,DANGIWACHA,BEHRAMPORA,BEHRAMPORA C1,Primary with Upper Primary,Department of Education,3-Co-educational,Rural,Operational,193303,34.3257,74.401,2026-09-02T17:02:56,1003569,0,Operational,,,2,50,0,0,50,0,1,8,2,1,Department of Education,Department of Education,1,1,3,3-Co-educational,1,Behalpora Behrampora rafiabad ,middleschoolbehalpora[at]gmail[dot]com,010206001,1008337,0102060001,1001072,1,28,Rafiabad,242426,2237,Behrampora,Behrampora-A,,,,,2026-27,13,2026-02-01 22:02:58.409,,101,1002,10172,kys_by_year,2026-09-04T23:18:41+00:00
01020703503,MIDDLE SCHOOL BHAT MOHALLA AUDOORA,01,JAMMU & KASHMIR,0102,BARAMULLA,010207,FATEHGRAH,AUDOORA,MS  BHAT MOHALLAH AUDOORA,Primary with Upper Primary,Department of Education,3-Co-educational,Rural,Operational,193101,34.152,74.3209,2026-09-02T17:02:56,1003770,0,Operational,,,2,50,0,0,50,0,1,8,2,1,Department of Education,Department of Education,1,1,3,3-Co-educational,1,Audoora Narvawh Baramulla,Tajamulislam5152[at]gmail[dot]com,010207035,1008672,0102070009,1001090,1,7013,Narwah,241200,2443,Audoora,Audoora,,,,,2026-27,13,2026-01-31 11:17:21.491,,101,1002,10173,kys_by_year,2026-09-04T23:18:42+00:00
01022301104,MIDDLE SCHOOL BHAT MOHALLA BANDI PAYEEN,01,JAMMU & KASHMIR,0102,BARAMULLA,010223,CHANDOOSA,BANDI PAYEEN,BMS SOFI MOHALLA BANDI PAYEEN,Primary with Upper Primary,Department of Education,3-Co-educational,Rural,Operational,193101,34.1323,74.4001,2026-09-02T17:02:56,1005325,0,Operational,,,2,50,0,0,50,0,1,8,2,1,Department of Education,Department of Education,1,1,3,3-Co-educational,1,MS Bhat Mohalla Bandi Payeen,gmsbmbandipayeen[at]gmail[dot]com,010223011,1008717,0102230002,1001047,1,35,Wagoora,242432,2495,Bandi Payeen,Bandi Payeen A,,,,,2026-27,13,2026-08-24 11:49:07.075,,101,1002,10185,kys_by_year,2026-09-04T23:18:42+00:00
01022202208,MIDDLE SCHOOL BLOCK COLONY WAGOORA,01,JAMMU & KASHMIR,0102,BARAMULLA,010222,WAGOORA,WAGOORA,WAGOORA,Primary with Upper Primary,Department of Education,3-Co-educational,Rural,Operational,193103,34.1763,74.4306,2026-09-02T17:02:56,1005171,0,Operational,,,2,50,0,0,50,0,1,8,2,1,Department of Education,Department of Education,1,1,3,3-Co-educational,1,Wagoora baramulla jk,msbcwagoora[at]gmail[dot]com,010222022,1007960,0102220004,1001038,1,35,Wagoora,242460,2467,Wagoora,Wagoora B,,,,,2026-27,13,2026-01-22 15:40:15.747,,101,1002,10184,kys_by_year,2026-09-04T23:18:42+00:00
01021105002,MIDDLE SCHOOL BON-BANI,01,JAMMU & KASHMIR,0102,BARAMULLA,010211,KUNZAR,HARDUBANI,MS KUNZER,Primary with Upper Primary,Department of Education,3-Co-educational,Rural,Operational,193404,34.0793,74.4908,2026-09-02T17:02:56,1003973,0,Operational,,,2,50,0,0,50,0,1,8,2,1,Department of Education,Department of Education,1,1,3,3-Co-educational,1,MIDDLE SCHOOL Bonbani,khandyshafi1[at]gmail[dot]com,010211050,1008471,0102110007,1001129,1,26,Kunzer,241838,2648,Hardbani,Devbugh,,,,,2026-27,13,2026-01-25 22:05:01.971,,101,1002,10175,kys_by_year,2026-09-04T23:18:42+00:00
01021104201,MIDDLE SCHOOL BONGAM,01,JAMMU & KASHMIR,0102,BARAMULLA,010211,KUNZAR,BONGAM,MS OGMUNA,Primary with Upper Primary,Department of Education,3-Co-educational,Rural,Operational,193404,34.0793,74.4908,2026-09-02T17:02:56,1003955,0,Operational,,,2,50,0,0,50,0,1,8,2,1,Department of Education,Department of Education,1,1,3,3-Co-educational,1,Village Bongam pokunzer ,sm.ganaie[at]gmail[dot]com,010211042,1008463,0102110006,1001128,1,26,Kunzer,241822,2654,Bungam,Pariswani,,,,,2026-27,13,2026-01-25 21:52:50.497,,101,1002,10175,kys_by_year,2026-09-04T23:18:43+00:00
01020600106,MIDDLE SCHOOL BONPORA BEHRAMPORA,01,JAMMU & KASHMIR,0102,BARAMULLA,010206,DANGIWACHA,BEHRAMPORA,BEHRAMPORA C1,Primary with Upper Primary,Department of Education,3-Co-educational,Rural,Operational,193303,34.3318,74.4056,2026-09-02T17:02:56,1003572,0,Operational,,,2,50,0,0,50,0,1,8,2,1,Department of Education,Department of Education,1,1,3,3-Co-educational,1,Behrampora Rafiabad Baramulla,msbunpora106[at]gmail[dot]com,010206001,1008337,0102060001,1001072,1,28,Rafiabad,242427,2237,Behrampora,Behrampora-B,,,,,2026-27,13,2026-02-01 22:03:38.733,,101,1002,10172,kys_by_year,2026-09-04T23:18:43+00:00
01020504810,MIDDLE SCHOOLBONPORA ZALOORA,01,JAMMU & KASHMIR,0102,BARAMULLA,010205,DANGERPORA,ZALOORA,C8 SAGIPORA,Primary with Upper Primary,Department of Education,3-Co-educational,Rural,Operational,193201,34.3681,74.5164,2026-09-02T17:02:56,1003544,0,Operational,,,2,50,0,0,50,0,1,8,2,1,Department of Education,Department of Education,1,1,3,3-Co-educational,1,ZALOORA ZAINAGEER BARAMULLA,gmsbunpora2005[at]gmail[dot]com,010205048,1007961,0102050008,1001071,1,7018,Tujjar Sharief,242038,2176,Zaloora,Zaloora A,,,,,2026-27,13,2025-03-03 12:21:06.635,,101,1002,10171,kys_by_year,2026-09-04T23:18:44+00:00
01021100901,MIDDLE SCHOOL BONSHOORA,01,JAMMU & KASHMIR,0102,BARAMULLA,010211,KUNZAR,BONSHOORA,MS Hard Shoora,Primary with Upper Primary,Department of Education,3-Co-educational,Rural,Operational,193404,34.11848,74.483723,2026-09-02T17:02:56,1003902,0,Operational,,,2,50,0,0,50,0,1,8,2,1,Department of Education,Department of Education,1,1,3,3-Co-educational,1,BONSHOORA KUNZER BARAMULLA,majidrather195[at]gmail[dot]com,010211009,1008437,0102110001,1001123,1,7019,Wailoo,241826,931664,Hard Shoora,Hard Shoora,,,,,2026-27,13,2026-01-25 21:32:02.908,,101,1002,10175,kys_by_year,2026-09-04T23:18:44+00:00
01021501902,MIDDLE SCHOOL BRANDUB,01,JAMMU & KASHMIR,0102,BARAMULLA,010215,ROHAMA,BRANDUB,ROHAMA,Primary with Upper Primary,Department of Education,3-Co-educational,Rural,Operational,193301,34.2489,74.2882,2026-09-02T17:02:56,1004381,0,Operational,,,2,50,0,0,50,0,1,8,2,1,Department of Education,Department of Education,1,1,3,3-Co-educational,1,Boys Middle School Brandub Rafiabad,bmsbrandub[at]gmail[dot]com,010215019,1007142,0102150019,1000995,1,29,Rohama,241897,2294,Bran Dub,Brandub,,,,,2026-27,13,2026-01-22 19:51:45.506,,101,1002,10178,kys_by_year,2026-09-04T23:18:44+00:00
01021504301,MIDDLE SCHOOL BUDDEN,01,JAMMU & KASHMIR,0102,BARAMULLA,010215,ROHAMA,BUDAN,HS SARIPORA,Primary with Upper Primary,Department of Education,3-Co-educational,Rural,Operational,193301,34.2869,74.342,2026-09-02T17:02:56,1004459,0,Operational,,,2,50,0,0,50,0,1,8,2,1,Department of Education,Department of Education,1,1,3,3-Co-educational,1,Govt MIDDLE SCHOOL BUDAN RAFIABAD,bmsbudden123[at]gmail[dot]com,010215043,1007165,0102150015,1000991,1,28,Rafiabad,242420,2301,Sari Para Budden,Saripara,,,,,2026-27,13,2026-01-22 20:20:14.893,,101,1002,10178,kys_by_year,2026-09-04T23:18:45+00:00
01020400304,MIDDLE SCHOOL BUDRALI LIMBER,01,JAMMU & KASHMIR,0102,BARAMULLA,010204,CHANDANWARI,LIMBER,BPS KHARHAR,Primary with Upper Primary,Department of Education,3-Co-educational,Rural,Operational,193122,34.1767,74.1583,2026-09-02T17:02:56,1003244,0,Operational,,,2,50,0,0,50,0,1,8,2,1,Department of Education,Department of Education,1,1,3,3-Co-educational,1,Village budrali limber,darmohammadlatief123[at]gmail[dot]com,010204003,1008685,0102040010,1001063,1,7014,Noorkah,241794,2560,Limber,Limber B,,,,,2026-27,13,2026-01-28 12:45:45.442,,101,1002,10170,kys_by_year,2026-09-04T23:18:45+00:00
01021801301,MIDDLE SCHOOL BULGAM,01,JAMMU & KASHMIR,0102,BARAMULLA,010218,SOPORE,BULGAM,MS MUQAM,Primary with Upper Primary,Department of Education,3-Co-educational,Rural,Operational,193201,34.2051,74.3427,2026-09-02T17:02:56,1004761,0,Operational,,,2,50,0,0,50,0,1,8,2,1,Department of Education,Department of Education,1,1,3,3-Co-educational,1,BULGAM SOPORE BARAMULLA,msbulgam[at]gmail[dot]com,010218013,1007305,0102180008,1001107,1,7016,Sangrama,241948,2227,Bulgam,Bulgam,,,,,2026-27,13,2026-01-30 16:44:31.692,,101,1002,10181,kys_by_year,2026-09-04T23:18:45+00:00
01021502209,MIDDLE SCHOOL BUNPORA BAGHAT ROHAMA,01,JAMMU & KASHMIR,0102,BARAMULLA,010215,ROHAMA,ROHAMA,ROHAMA,Primary with Upper Primary,Department of Education,3-Co-educational,Rural,Operational,193301,34.2773,74.3587,2026-09-02T17:02:56,1004392,0,Operational,,,2,50,0,0,50,0,1,8,2,1,Department of Education,Department of Education,1,1,3,3-Co-educational,1,Rohama Rafiabad Baramulla,msbunpora99[at]gmail[dot]com,010215022,1007145,0102150019,1000995,1,29,Rohama,241901,2300,Rohama,Rohama B,,,,,2026-27,13,2026-01-22 19:56:18.387,,101,1002,10178,kys_by_year,2026-09-04T23:18:45+00:00
01020501506,MIDDLE SCHOOL BUNPORA DANGERPORA,01,JAMMU & KASHMIR,0102,BARAMULLA,010205,DANGERPORA,DANGERPORA,C3 BHS BRAT KALAN,Primary with Upper Primary,Department of Education,3-Co-educational,Rural,Operational,193201,34.3286,74.4684,2026-09-02T17:02:56,1003419,0,Operational,,,2,50,0,0,50,0,1,8,2,1,Department of Education,Department of Education,1,1,3,3-Co-educational,1,Bunpora Dangerpora sopore baramulla,msbunpora1506[at]gmail[dot]com,010205015,1008295,0102050003,1001066,1,36,Zaingeer,242029,2205,Dangarpora,Dangerpora B,,,,,2026-27,13,2026-01-25 18:52:12.667,,101,1002,10171,kys_by_year,2026-09-04T23:18:46+00:00
01021502201,MIDDLE SCHOOL BUNPORA ROHAMA,01,JAMMU & KASHMIR,0102,BARAMULLA,010215,ROHAMA,ROHAMA,ROHAMA,Primary with Upper Primary,Department of Education,3-Co-educational,Rural,Operational,193301,34.2745,74.3446,2026-09-02T17:02:56,1004386,0,Operational,,,2,50,0,0,50,0,1,8,2,1,Department of Education,Department of Education,1,1,3,3-Co-educational,1,MS BUNPORA ROHAMA RADIABAD,gbmsbonpora151[at]gmail[dot]com,010215022,1007145,0102150019,1000995,1,29,Rohama,241900,2300,Rohama,Rohama A,,,,,2026-27,13,2026-01-22 19:54:04.231,,101,1002,10178,kys_by_year,2026-09-04T23:18:46+00:00
01021107501,MIDDLE SCHOOL BURZALLA,01,JAMMU & KASHMIR,0102,BARAMULLA,010211,KUNZAR,BURZULLA,MS Mongloora,Primary with Upper Primary,Department of Education,3-Co-educational,Rural,Operational,193401,34.0778,74.4835,2026-09-02T17:02:56,1004036,0,Operational,,,2,50,0,0,50,0,1,8,2,1,Department of Education,Department of Education,1,1,3,3-Co-educational,1,barzulla kwarhama baramulla,msburzulla[at]gmail[dot]com,010211075,1008494,0102110008,1001130,1,7011,Lalpora,241815,2403,Barzulla,Waripora Bangil,,,,,2026-27,13,2026-01-25 22:25:36.515,,101,1002,10175,kys_by_year,2026-09-04T23:18:47+00:00
01022203202,MIDDLE SCHOOL BUTT MOHALA SHEIKHPORA,01,JAMMU & KASHMIR,0102,BARAMULLA,010222,WAGOORA,SHEIKHPORA,KAKOTHAL,Primary with Upper Primary,Department of Education,3-Co-educational,Rural,Operational,193108,34.142035,74.435923,2026-09-02T17:02:56,1005219,0,Operational,,,2,50,0,0,50,0,1,8,2,1,Department of Education,Department of Education,1,1,3,3-Co-educational,1,Sheikhpora Kreeri Baramulla ,sajadsofi176[at]gmail[dot]com,010222032,1008239,0102220012,1001046,1,35,Wagoora,242447,2480,Sheikh Pora,Sheikhpora,,,,,2026-27,13,2026-01-22 21:16:27.98,,101,1002,10184,kys_by_year,2026-09-04T23:18:47+00:00
01022001301,MIDDLE SCHOOL CHANDIL,01,JAMMU & KASHMIR,0102,BARAMULLA,010220,TANGMARG,CHANDIL,MS CHANDIL,Primary with Upper Primary,Department of Education,3-Co-educational,Rural,Operational,193404,34.05402,74.48095,2026-09-02T17:02:56,1004910,0,Operational,,,2,50,0,0,50,0,1,8,2,1,Department of Education,Department of Education,1,1,3,3-Co-educational,1,CHANDIL TANGMARG BARAMULLA,chandilms[at]gmail[dot]com,010220013,1007257,0102200004,1001021,1,7007,Chandil Wangam,288838,2686,Chandil,Ganiwani Zandpal,,,,,2026-27,13,2026-01-30 20:58:30.31,,101,1002,10182,kys_by_year,2026-09-04T23:18:47+00:00
01022000601,MIDDLE SCHOOL CHANDILORA,01,JAMMU & KASHMIR,0102,BARAMULLA,010220,TANGMARG,CHANDILORA,M/S SHRAIE,Primary with Upper Primary,Department of Education,3-Co-educational,Rural,Operational,193402,34.067258,74.447977,2026-09-02T17:02:56,1004887,0,Operational,,,2,50,0,0,50,0,1,8,2,1,Department of Education,Department of Education,1,1,3,3-Co-educational,1,CHANDILORA TANGMARG KMR,mschandilora2018[at]gmail[dot]com,010220006,1007251,0102200003,1001020,1,33,Tangmarag,241962,2676,Chandiloora,Chandiloora,,,,,2026-27,13,2026-01-30 20:56:28.982,,101,1002,10182,kys_by_year,2026-09-04T23:18:48+00:00
01022204301,MIDDLE SCHOOL CHANDKOTE,01,JAMMU & KASHMIR,0102,BARAMULLA,010222,WAGOORA,CHANDKOTE,ATHOORA,Primary with Upper Primary,Department of Education,3-Co-educational,Rural,Operational,193108,34.2246,74.4756,2026-09-02T17:02:56,1005256,0,Operational,,,2,50,0,0,50,0,1,8,2,1,Department of Education,Department of Education,1,1,3,3-Co-educational,1,"Govt. Mid school Chandkote, Tehsil Kreeri, Baramulla",mschandkote2[at]gmail[dot]com,010222043,1008249,0102220008,1001042,1,7016,Sangrama,242456,2456,Chandkote,Bangdara,,,,,2026-27,13,2026-01-22 20:59:15.585,,101,1002,10184,kys_by_year,2026-09-04T23:18:48+00:00
01021600801,MIDDLE SCHOOL CHANDSUMA,01,JAMMU & KASHMIR,0102,BARAMULLA,010216,SINGHPORA (KALAN),CHANDSUMA,KANISPORA (A),Primary with Upper Primary,Department of Education,3-Co-educational,Rural,Operational,193103,34.215,74.3926,2026-09-02T17:02:56,1004492,0,Operational,,,2,50,0,0,50,0,1,8,2,1,Department of Education,Department of Education,1,1,3,3-Co-educational,1,CHANDSUMA SINGHPORA KALAN BARAMULLA,BMSCHANDSUMA[at]GMAIL[dot]COM,010216008,1007188,0102160002,1000997,1,22,Baramulla,241186,2450,Kanispora,Kanispora A,,,,,2026-27,13,2026-01-27 19:47:41.526,,101,1002,10179,kys_by_year,2026-09-04T23:18:49+00:00
01021105201,MIDDLE SCHOOL CHANPORA,01,JAMMU & KASHMIR,0102,BARAMULLA,010211,KUNZAR,GONIPORA,MS KUNZER,Primary with Upper Primary,Department of Education,3-Co-educational,Rural,Operational,193404,34.0793,74.4908,2026-09-02T17:02:56,1003977,0,Operational,,,2,50,0,0,50,0,1,8,2,1,Department of Education,Department of Education,1,1,3,3-Co-educational,1,Chanpora Gonipora Kunzer,abdulhameedbaballl[at]gmail[dot]com,010211052,1008473,0102110007,1001129,1,26,Kunzer,241839,2651,Goni Pora,Gonipora,,,,,2026-27,13,2026-01-25 22:04:07.442,,101,1002,10175,kys_by_year,2026-09-04T23:18:49+00:00
01021300702,MIDDLE SCHOOL CHANPORA KANLOO,01,JAMMU & KASHMIR,0102,BARAMULLA,010213,PATTAN,KANLOO,NOWLARI,Primary with Upper Primary,Department of Education,3-Co-educational,Rural,Operational,193121,34.127,74.54,2026-09-02T17:02:56,1004202,0,Operational,,,2,50,0,0,50,0,1,8,2,1,Department of Education,Department of Education,1,1,3,3-Co-educational,1,KANLOO PATTAN BARAMULLA,abrehmanreshi34902[at]gmail[dot]com,010213007,1008779,0102130012,1000976,1,7011,Lalpora,241861,2393,Kanloo,Mamoosa B,,,,,2026-27,13,2026-01-25 13:09:38.086,,101,1002,10177,kys_by_year,2026-09-04T23:18:50+00:00
01022300102,MIDDLE SCHOOL CHECK DODBUGH,01,JAMMU & KASHMIR,0102,BARAMULLA,010223,CHANDOOSA,DODBUGH,MS DOADBUGH,Primary with Upper Primary,Department of Education,3-Co-educational,Rural,Operational,193101,34.1551,74.4487,2026-09-02T17:02:56,1005282,0,Operational,,,2,50,0,0,50,0,1,8,2,1,Department of Education,Department of Education,1,1,3,3-Co-educational,1,Vill. Dodbugh P/O - Sultanpora Distt. Baramulla,gmscheckdodbugh[at]gmail[dot]com,010223001,1008270,0102230003,1001048,1,35,Wagoora,242434,2497,Doudbugh,Dodbugh,,,,,2026-27,13,2026-08-24 11:26:35.395,,101,1002,10185,kys_by_year,2026-09-04T23:18:50+00:00
01020502504,MIDDLE SCHOOL CHECK-I-HARWAN,01,JAMMU & KASHMIR,0102,BARAMULLA,010205,DANGERPORA,HARWAN,C5 GMS TUJAR,Primary with Upper Primary,Department of Education,3-Co-educational,Rural,Operational,193201,34.3681,74.5164,2026-09-02T17:02:56,1003465,0,Operational,,,2,50,0,0,50,0,1,8,2,1,Department of Education,Department of Education,1,1,3,3-Co-educational,1,MS CHECKI HARWAN ZAINAGIAR,gmsch504[at]gmail[dot]com,010205025,1008305,0102050005,1001068,1,7018,Tujjar Sharief,242020,2177,Harwan,Harwan,,,,,2026-27,13,2025-03-03 11:34:45.565,,101,1002,10171,kys_by_year,2026-09-04T23:18:50+00:00
01020501701,MIDDLE SCHOOL CHECKI-I-BRATH,01,JAMMU & KASHMIR,0102,BARAMULLA,010205,DANGERPORA,CHECK-I-BRAT,C3 BHS BRAT KALAN,Primary with Upper Primary,Department of Education,3-Co-educational,Rural,Operational,193201,34.326172,74.447483,2026-09-02T17:02:56,1003437,0,Operational,,,2,50,0,0,50,0,1,8,2,1,Department of Education,Department of Education,1,1,3,3-Co-educational,1,check i Brath Brathkalan,gmscheckibrath1968[at]gmail[dot]com,010205017,1008297,0102050003,1001066,1,36,Zaingeer,288834,2211,Brath,Brath Kalan New,,,,,2026-27,13,2025-03-03 12:33:12.099,,101,1002,10171,kys_by_year,2026-09-04T23:18:51+00:00
01021604001,MIDDLE SCHOOL CHECK KANISPORA,01,JAMMU & KASHMIR,0102,BARAMULLA,010216,SINGHPORA (KALAN),CHECK KANISPORA,KANISPORA (A),Primary with Upper Primary,Department of Education,3-Co-educational,Rural,Operational,193101,34.2145,74.4063,2026-09-02T17:02:56,1004550,0,Operational,,,2,50,0,0,50,0,1,8,2,1,Department of Education,Department of Education,1,1,3,3-Co-educational,1,CHECK KANISPORA SINGHPORA KALAN BARAMULLA,gmscheck123[at]gmail[dot]com,010216040,1008516,0102160002,1000997,1,22,Baramulla,288802,2450,Kanispora,Kanispora B,,,,,2026-27,13,2026-01-27 19:54:53.032,,101,1002,10179,kys_by_year,2026-09-04T23:18:51+00:00
01021603206,MIDDLE SCHOOL CHECK KHAITANGAN,01,JAMMU & KASHMIR,0102,BARAMULLA,010216,SINGHPORA (KALAN),KHAITAINGAN,HSS KHAITANGAN,Primary with Upper Primary,Department of Education,3-Co-educational,Rural,Operational,193103,34.1849,74.4042,2026-09-02T17:02:56,1004540,0,Operational,,,2,50,0,0,50,0,1,8,2,1,Department of Education,Department of Education,1,1,3,3-Co-educational,1,CHEK KHAITANGAN BARAMULLA,gmscheckkhaitangan111[at]gmail[dot]com,010216032,1008511,0102160010,1001005,1,22,Baramulla,242438,2421,Khaitangan,Khaitangan,,,,,2026-27,13,2026-01-27 19:53:57.48,,101,1002,10179,kys_by_year,2026-09-04T23:18:51+00:00
01021105807,MIDDLE SCHOOL CHECKPORA,01,JAMMU & KASHMIR,0102,BARAMULLA,010211,KUNZAR,HARDU ABOORA,MS Ganie Mohalla HARDU ABOORA,Primary with Upper Primary,Department of Education,3-Co-educational,Rural,Operational,193404,34.0778,74.4835,2026-09-02T17:02:56,1004004,0,Operational,,,2,50,0,0,50,0,1,8,2,1,Department of Education,Department of Education,1,1,3,3-Co-educational,1,MS CHECKPORA ABOORA BARAMULLA,gmscheckpora122[at]gmail[dot]com,010211058,1008479,0102110005,1001127,1,7008,Hardaboora,241824,2690,Hardu Aboora,Hard Aboora-B,,,,,2026-27,13,2026-01-25 22:11:28.669,,101,1002,10175,kys_by_year,2026-09-04T23:18:52+00:00
01022002301,MIDDLE SCHOOL CHECKTHAN CHANPORA,01,JAMMU & KASHMIR,0102,BARAMULLA,010220,TANGMARG,CHANPORA,GMS SOLINDA,Primary with Upper Primary,Department of Education,3-Co-educational,Rural,Operational,193402,34.071471,74.445763,2026-09-02T17:02:56,1004930,0,Operational,,,2,50,0,0,50,0,1,8,2,1,Department of Education,Department of Education,1,1,3,3-Co-educational,1,CHECKTHAN CHANPORA TANGMARG,gmschanpora[at]gmail[dot]com,010220023,1007266,0102200006,1001023,1,33,Tangmarag,241962,2673,Chackthan Chanpora,Chandiloora,,,,,2026-27,13,2026-01-30 21:12:41.762,,101,1002,10182,kys_by_year,2026-09-04T23:18:52+00:00
01020504101,MIDDLE SCHOOL CHERHAR,01,JAMMU & KASHMIR,0102,BARAMULLA,010205,DANGERPORA,CHERHAR,C7 DUROO,Primary with Upper Primary,Department of Education,3-Co-educational,Rural,Operational,193201,34.3681,74.5164,2026-09-02T17:02:56,1003528,0,Operational,,,2,50,0,0,50,0,1,8,2,1,Department of Education,Department of Education,1,1,3,3-Co-educational,1,CHERHAR MUNDJI BLOCK DANGERPORA,headmastercherharschool[at]gmail[dot]com,010205041,1008319,0102050007,1001070,1,36,Zaingeer,242023,2193,Mundji,Mundji,,,,,2026-27,13,2026-01-25 18:57:13.225,,101,1002,10171,kys_by_year,2026-09-04T23:18:52+00:00
01021107101,MIDDLE SCHOOL CHICHELORA,01,JAMMU & KASHMIR,0102,BARAMULLA,010211,KUNZAR,CHICHELORA,MS CHICHILORA,Primary with Upper Primary,Department of Education,3-Co-educational,Rural,Operational,193401,34.0916,74.5754,2026-09-02T17:02:56,1004021,0,Operational,,,2,50,0,0,50,0,1,8,2,1,Department of Education,Department of Education,1,1,3,3-Co-educational,1,chichilora kwarhama baramulla,malikmohammadshafi6666[at]gmail[dot]com,010211071,1008490,0102110009,1001131,1,7011,Lalpora,241812,2399,Chichilora,Chichilora,,,,,2026-27,13,2026-01-25 22:22:09.446,,101,1002,10175,kys_by_year,2026-09-04T23:18:53+00:00
01021503003,MIDDLE SCHOOL CHIJHAMA,01,JAMMU & KASHMIR,0102,BARAMULLA,010215,ROHAMA,CHIJHAMA,HS SARIPORA,Primary with Upper Primary,Department of Education,3-Co-educational,Rural,Operational,193301,34.2836,74.3762,2026-09-02T17:02:56,1004410,0,Operational,,,2,50,0,0,50,0,1,8,2,1,Department of Education,Department of Education,1,1,3,3-Co-educational,1,Middle School Chijhama Rafiabad,gmschijhama2020[at]gmail[dot]com,010215030,1007154,0102150015,1000991,1,29,Rohama,241888,2302,Chij Hama,Chijama,,,,,2026-27,13,2026-01-22 20:05:46.911,,101,1002,10178,kys_by_year,2026-09-04T23:18:53+00:00
01021601701,MIDDLE SCHOOL CHINNED,01,JAMMU & KASHMIR,0102,BARAMULLA,010216,SINGHPORA (KALAN),CHINNED,Delina-B,Primary with Upper Primary,Department of Education,3-Co-educational,Rural,Operational,193103,34.2405,74.4426,2026-09-02T17:02:56,1004516,0,Operational,,,2,50,0,0,50,0,1,8,2,1,Department of Education,Department of Education,1,1,3,3-Co-educational,1,CHINED SINGHPORA KALAN BARAMULLA,bmschinnad06[at]gmail[dot]com,010216017,1007193,0102160012,1001007,1,35,Wagoora,242464,2418,Khushalpora,Nowpora-B,,,,,2026-27,13,2025-03-03 11:49:51.033,,101,1002,10179,kys_by_year,2026-09-04T23:18:53+00:00
01020300902,MIDDLE SCHOOL CHORKHUDAN,01,JAMMU & KASHMIR,0102,BARAMULLA,010203,BONIYAR,BERNATE,(C3) BERNATE,Primary with Upper Primary,Department of Education,3-Co-educational,Rural,Operational,193122,34.1247,74.2116,2026-09-02T17:02:56,1003163,0,Operational,,,2,50,0,0,50,0,1,8,2,1,Department of Education,Department of Education,1,1,3,3-Co-educational,1,CHORKHUDAN BERNATE BONIYAR,mschoorkhudan1994[at]gmail[dot]com,010203009,1008540,0102030003,1001134,1,23,Boniyar,241806,2586,Bernate,Barnate,,,,,2026-27,13,2026-01-27 19:32:09.504,,101,1002,10169,kys_by_year,2026-09-04T23:18:54+00:00
01022101001,MIDDLE SCHOOL CHURANDA,01,JAMMU & KASHMIR,0102,BARAMULLA,010221,URI,CHURANDA,BMS TILAWARI,Primary with Upper Primary,Department of Education,3-Co-educational,Rural,Operational,193123,34.0382,74.0637,2026-09-02T17:02:56,1005050,0,Operational,,,2,50,0,0,50,0,1,8,2,1,Department of Education,Department of Education,1,1,3,3-Co-educational,1,VILLAGE CHURANDA TEHSIL BLOCK URI BARAMULLA,bmschuranda[at]gmail[dot]com,010221010,1008011,0102210004,1001031,1,34,Uri,242005,2540,Charunda,Churranda,,,,,2026-27,13,2025-03-24 22:07:18.019,,101,1002,10183,kys_by_year,2026-09-04T23:18:54+00:00
01021001101,MIDDLE SCHOOL DACHI,01,JAMMU & KASHMIR,0102,BARAMULLA,010210,JHULLA,DACHI,C4 MS DACHI,Primary with Upper Primary,Department of Education,3-Co-educational,Rural,Operational,193123,34.103837,74.023427,2026-09-02T17:02:56,1000272,0,Operational,,,2,50,0,0,50,0,1,8,2,1,Department of Education,Department of Education,1,1,3,3-Co-educational,1,"DACHI, URI, BARAMULLA",msdachi[at]gmail[dot]com,010210011,1008411,0102100004,1001094,1,7015,Paranpeela,242007,2509,Dachi,Dachi,,,,,2026-27,13,2026-08-01 12:38:33.835,,101,1002,10174,kys_by_year,2026-09-04T23:18:54+00:00
01021501701,MIDDLE SCHOOL DACHINPARA,01,JAMMU & KASHMIR,0102,BARAMULLA,010215,ROHAMA,DACHANPORA,KUSHIPORA,Primary with Upper Primary,Department of Education,3-Co-educational,Rural,Operational,193301,34.2801,74.3381,2026-09-02T17:02:56,1004380,0,Operational,,,2,50,0,0,50,0,1,8,2,1,Department of Education,Department of Education,1,1,3,3-Co-educational,1,Dachinpara Rohama Rafiabad,bmsdachinpara1959[at]gmail[dot]com,010215017,1007141,0102150005,1000982,1,29,Rohama,241902,2298,Dachan Pora,Wanpora,,,,,2026-27,13,2026-01-22 19:51:20.078,,101,1002,10178,kys_by_year,2026-09-04T23:18:55+00:00
01022001701,MIDDLE SCHOOL DANWAS,01,JAMMU & KASHMIR,0102,BARAMULLA,010220,TANGMARG,DANWAS,MS CHANDIL,Primary with Upper Primary,Department of Education,3-Co-educational,Rural,Operational,193401,34.033,74.456,2026-09-02T17:02:56,1004923,0,Operational,,,2,50,0,0,50,0,1,8,2,1,Department of Education,Department of Education,1,1,3,3-Co-educational,1,GMS DANWAS BUDERKOTE,gmsdanwas[at]gmail[dot]com,010220017,1007260,0102200004,1001021,1,7007,Chandil Wangam,241983,2695,Darakasi,Gogaldara,,,,,2026-27,13,2026-01-30 21:03:21.824,,101,1002,10182,kys_by_year,2026-09-04T23:18:55+00:00
01022005501,MIDDLE SCHOOL DARAHAMA,01,JAMMU & KASHMIR,0102,BARAMULLA,010220,TANGMARG,DARAHAMA,MS CHANDIL,Primary with Upper Primary,Department of Education,3-Co-educational,Rural,Operational,193404,34.060734,74.426638,2026-09-02T17:02:56,1005003,0,Operational,,,2,50,0,0,50,0,1,8,2,1,Department of Education,Department of Education,1,1,3,3-Co-educational,1,Darahama Tangmarg Baramulla,darhamams[at]gmail[dot]com,010220055,1007224,0102200004,1001021,1,7007,Chandil Wangam,241976,2682,Darhama,Kulhama,,,,,2026-27,13,2026-01-30 21:57:46.524,,101,1002,10182,kys_by_year,2026-09-04T23:18:55+00:00
01022001801,MIDDLE SCHOOL DARAKASI,01,JAMMU & KASHMIR,0102,BARAMULLA,010220,TANGMARG,DARAKASI,MS CHANDIL,Primary with Upper Primary,Department of Education,3-Co-educational,Rural,Operational,193404,34.0382,74.46887,2026-09-02T17:02:56,1004924,0,Operational,,,2,50,0,0,50,0,1,8,2,1,Department of Education,Department of Education,1,1,3,3-Co-educational,1,GMS DARAKASI TANGMARG,bmgms890[at]gmail[dot]com,010220018,1007261,0102200004,1001021,1,7007,Chandil Wangam,241983,2695,Darakasi,Gogaldara,,,,,2026-27,13,2026-01-30 21:27:16.226,,101,1002,10182,kys_by_year,2026-09-04T23:18:56+00:00
01021601601,MIDDLE SCHOOL DARAPORA,01,JAMMU & KASHMIR,0102,BARAMULLA,010216,SINGHPORA (KALAN),DARPORA,MS DELINA (A),Primary with Upper Primary,Department of Education,3-Co-educational,Rural,Operational,193103,34.2133,74.3731,2026-09-02T17:02:56,1004515,0,Operational,,,2,50,0,0,50,0,1,8,2,1,Department of Education,Department of Education,1,1,3,3-Co-educational,1,DARPORA DELINA SINGHPORA KALAN BARAMULLA,MSDARPORA737[at]GMAIL[dot]COM,010216016,1007192,0102160006,1001001,1,22,Baramulla,241215,2417,Delina,Delina C,,,,,2026-27,13,2026-01-27 19:50:48.246,,101,1002,10179,kys_by_year,2026-09-04T23:18:56+00:00
01020504802,MIDDLE SCHOOL DARDPORA ZALOORA,01,JAMMU & KASHMIR,0102,BARAMULLA,010205,DANGERPORA,ZALOORA,C8 SAGIPORA,Primary with Upper Primary,Department of Education,3-Co-educational,Rural,Operational,193201,34.3681,74.5164,2026-09-02T17:02:56,1003539,0,Operational,,,2,50,0,0,50,0,1,8,2,1,Department of Education,Department of Education,1,1,3,3-Co-educational,1,ZALOORA ZAINAGEER BARAMULLA,middleschooldardpora2[at]gmail[dot]com,010205048,1007961,0102050008,1001071,1,7018,Tujjar Sharief,242019,2175,Sagi Pora,Sagipora,,,,,2026-27,13,2025-03-03 12:19:00.708,,101,1002,10171,kys_by_year,2026-09-04T23:18:56+00:00
01021601902,MIDDLE SCHOOL DAR MOHALLA,01,JAMMU & KASHMIR,0102,BARAMULLA,010216,SINGHPORA (KALAN),SINGHPORA KALAN,GHSS SINGHPORA,Primary with Upper Primary,Department of Education,3-Co-educational,Rural,Operational,193103,34.2089,74.4169,2026-09-02T17:02:56,1004521,0,Operational,,,2,50,0,0,50,0,1,8,2,1,Department of Education,Department of Education,1,1,3,3-Co-educational,1,DAR MOHALLA SINGHPORA KALAN BARAMULLA,bMSdarmohalla096[at]gmail[dot]com,010216019,1007195,0102160008,1001003,1,22,Baramulla,241221,2420,Singh Pora Kalan,Singhpora,,,,,2026-27,13,2026-01-27 19:40:03.17,,101,1002,10179,kys_by_year,2026-09-04T23:18:57+00:00
01020503701,MIDDLE SCHOOL DARPORA,01,JAMMU & KASHMIR,0102,BARAMULLA,010205,DANGERPORA,DARPORA,C6 BOMAI,Primary with Upper Primary,Department of Education,3-Co-educational,Rural,Operational,193201,34.3542,74.4304,2026-09-02T17:02:56,1003509,0,Operational,,,2,50,0,0,50,0,1,8,2,1,Department of Education,Department of Education,1,1,3,3-Co-educational,1,Darpora bomai sopore,middleschooldarpora[at]gmail[dot]com,010205037,1008316,0102050006,1001069,1,7018,Tujjar Sharief,242044,2197,Goripora Darpora,Goripiora,,,,,2026-27,13,2025-03-03 12:02:20.081,,101,1002,10171,kys_by_year,2026-09-04T23:18:57+00:00
01022200801,MIDDLE SCHOOL DARWA,01,JAMMU & KASHMIR,0102,BARAMULLA,010222,WAGOORA,DAROO,WAGOORA,Primary with Upper Primary,Department of Education,3-Co-educational,Rural,Operational,193103,34.1553,74.4139,2026-09-02T17:02:56,1005154,0,Operational,,,2,50,0,0,50,0,1,8,2,1,Department of Education,Department of Education,1,1,3,3-Co-educational,1,Darwa Frestwari Wagoora,msdarwa801[at]gmail[dot]com,010222008,1008258,0102220004,1001038,1,35,Wagoora,242443,2483,Daru Frastwari,Darwa,,,,,2026-27,13,2025-03-03 10:38:04.308,,101,1002,10184,kys_by_year,2026-09-04T23:18:57+00:00
01022100101,MIDDLE SCHOOL DAWARAN,01,JAMMU & KASHMIR,0102,BARAMULLA,010221,URI,DAWARAN,BMS DAWARAN,Primary with Upper Primary,Department of Education,3-Co-educational,Rural,Operational,193122,34.1213,74.0725,2026-09-02T17:02:56,1005022,0,Operational,,,2,50,0,0,50,0,1,8,2,1,Department of Education,Department of Education,1,1,3,3-Co-educational,1,Dawaran Uri Baramulla jk ut,zeouri2015[at]gmail[dot]com,010221001,1007296,0102210001,1001028,1,7015,Paranpeela,242001,2550,Dawaran,Dawaran,,,,,2026-27,13,2026-01-30 12:14:46.156,,101,1002,10183,kys_by_year,2026-09-04T23:18:58+00:00
01021601101,MIDDLE SCHOOL DELINA,01,JAMMU & KASHMIR,0102,BARAMULLA,010216,SINGHPORA (KALAN),DELINA,MS DELINA (A),Primary with Upper Primary,Department of Education,3-Co-educational,Rural,Operational,193103,34.2381,74.4216,2026-09-02T17:02:56,1004497,0,Operational,,,2,50,0,0,50,0,1,8,2,1,Department of Education,Department of Education,1,1,3,3-Co-educational,1,DELINA SINGHPORA KALAN BARAMULLA,gmsdelina[at]gmail[dot]com,010216011,1008147,0102160006,1001001,1,22,Baramulla,241216,2417,Delina,Delina D,,,,,2026-27,13,2026-01-27 19:48:48.818,,101,1002,10179,kys_by_year,2026-09-04T23:18:58+00:00
01021000702,MIDDLE SCHOOL DHANIMAR,01,JAMMU & KASHMIR,0102,BARAMULLA,010210,JHULLA,SULTAN DAKIE,C3 MS BUSGRAN,Primary with Upper Primary,Department of Education,3-Co-educational,Rural,Operational,193123,34.124847,73.990622,2026-09-02T17:02:56,1003813,0,Operational,,,2,50,0,0,50,0,1,8,2,1,Department of Education,Department of Education,1,1,3,3-Co-educational,1,"SULTANDAKI, URI, BARAMULLA",msdhanimar.702[at]gmail[dot]com,010210007,1008407,0102100003,1001093,1,7015,Paranpeela,242008,2511,Sultan Daki,Sultan Daki,,,,,2026-27,13,2026-08-01 13:47:44.209,,101,1002,10174,kys_by_year,2026-09-04T23:18:58+00:00
01021800316,MIDDLE SCHOOL DHARNAMBAL,01,JAMMU & KASHMIR,0102,BARAMULLA,010218,SOPORE,TARZOO,MS TARZOO,Primary with Upper Primary,Department of Education,3-Co-educational,Rural,Operational,193201,34.2686,74.4963,2026-09-02T17:02:56,1004585,0,Operational,,,2,50,0,0,50,0,1,8,2,1,Department of Education,Department of Education,1,1,3,3-Co-educational,1,DARNAMBAL TARZOO SOPORE BARAMULLA,gbmsdharnambal2005[at]gmail[dot]com,010218003,1008220,0102180006,1001105,1,31,Sopore,241940,2215,Darnambal,Darnambal,,,,,2026-27,13,2025-03-02 23:34:30.8,,101,1002,10181,kys_by_year,2026-09-04T23:18:59+00:00
01022204705,MIDDLE SCHOOL DOAL CHECK KAKOWTHAL,01,JAMMU & KASHMIR,0102,BARAMULLA,010222,WAGOORA,KAKOWTHAL,KAKOTHAL,Primary with Upper Primary,Department of Education,3-Co-educational,Rural,Operational,193101,34.1232,74.4147,2026-09-02T17:02:56,1005262,0,Operational,,,2,50,0,0,50,0,1,8,2,1,Department of Education,Department of Education,1,1,3,3-Co-educational,1,Kakothal kreeri baramulla,govtmiddleschooldoalcheck[at]gmail[dot]com,010222047,1008526,0102220012,1001046,1,35,Wagoora,242445,2491,Kakothal,Kakovthal A,,,,,2026-27,13,2026-01-22 21:09:07.433,,101,1002,10184,kys_by_year,2026-09-04T23:18:59+00:00
01022300101,MIDDLE SCHOOL DODBUGH,01,JAMMU & KASHMIR,0102,BARAMULLA,010223,CHANDOOSA,DODBUGH,MS DOADBUGH,Primary with Upper Primary,Department of Education,3-Co-educational,Rural,Operational,193101,34.1139,74.373,2026-09-02T17:02:56,1005281,0,Operational,,,2,50,0,0,50,0,1,8,2,1,Department of Education,Department of Education,1,1,3,3-Co-educational,1,Village Dudbugh Post office Sultanpora,imranbeigh28[at]gmail[dot]com,010223001,1008270,0102230003,1001048,1,35,Wagoora,242434,2497,Doudbugh,Dodbugh,,,,,2026-27,13,2026-08-24 11:22:23.105,,101,1002,10185,kys_by_year,2026-09-04T23:18:59+00:00
01022204001,MIDDLE SCHOOL DOULATPORA,01,JAMMU & KASHMIR,0102,BARAMULLA,010222,WAGOORA,DOULATPORA,ATHOORA,Primary with Upper Primary,Department of Education,3-Co-educational,Rural,Operational,193108,34.2068,74.4713,2026-09-02T17:02:56,1005250,0,Operational,,,2,50,0,0,50,0,1,8,2,1,Department of Education,Department of Education,1,1,3,3-Co-educational,1,Doulathpora Kreeri Baramulla ,msdaulatpora22[at]gmail[dot]com,010222040,1008247,0102220008,1001042,1,35,Wagoora,242454,2466,Dulatpora,Dawlatpora,,,,,2026-27,13,2026-01-22 21:19:57.327,,101,1002,10184,kys_by_year,2026-09-04T23:19:00+00:00
01021000301,MIDDLE SCHOOL DULLANJA,01,JAMMU & KASHMIR,0102,BARAMULLA,010210,JHULLA,DULLANJA,C8 MS UROOSA,Primary with Upper Primary,Department of Education,3-Co-educational,Rural,Operational,193123,34.0912,74.0289,2026-09-02T17:02:56,1003795,0,Operational,,,2,50,0,0,50,0,1,8,2,1,Department of Education,Department of Education,1,1,3,3-Co-educational,1,"DULLANJA, URI, BARAMULLA",ajazabassi094[at]gmail[dot]com,010210003,1008403,0102100008,1001098,1,7015,Paranpeela,241994,2528,Dulanja,Shahdara,,,,,2026-27,13,2026-08-01 14:03:10.909,,101,1002,10174,kys_by_year,2026-09-04T23:19:00+00:00
01022204006,MIDDLE SCHOOL DUNGDARA,01,JAMMU & KASHMIR,0102,BARAMULLA,010222,WAGOORA,DOULATPORA,ATHOORA,Primary with Upper Primary,Department of Education,3-Co-educational,Rural,Operational,193108,34.2052,74.4561,2026-09-02T17:02:56,1005254,0,Operational,,,2,50,0,0,50,0,1,8,2,1,Department of Education,Department of Education,1,1,3,3-Co-educational,1,Union territory jammu and kashmir,dungdara123[at]gmail[dot]com,010222040,1008247,0102220008,1001042,1,35,Wagoora,242454,2466,Dulatpora,Dawlatpora,,,,,2026-27,13,2026-01-22 21:01:47.759,,101,1002,10184,kys_by_year,2026-09-04T23:19:00+00:00
01022202101,MIDDLE SCHOOL DURHAMA,01,JAMMU & KASHMIR,0102,BARAMULLA,010222,WAGOORA,DURHAMA,WATERGAM,Primary with Upper Primary,Department of Education,3-Co-educational,Rural,Operational,193103,34.1662,74.4357,2026-09-02T17:02:56,1005166,0,Operational,,,2,50,0,0,50,0,1,8,2,1,Department of Education,Department of Education,1,1,3,3-Co-educational,1,DURHAMA WAGOORA BARAMULLA,manzoor123[at]gmail[dot]com,010222021,1008548,0102220005,1001039,1,35,Wagoora,242458,2475,Durhama,Watergam,,,,,2026-27,13,2026-01-22 15:38:49.9,,101,1002,10184,kys_by_year,2026-09-04T23:19:01+00:00
01022301003,MIDDLE SCHOOL FAQIR BAGH A,01,JAMMU & KASHMIR,0102,BARAMULLA,010223,CHANDOOSA,FAQIR BAGH (CHANDOOSA),HS SHIMLARAN,Primary with Upper Primary,Department of Education,3-Co-educational,Rural,Operational,193101,34.1614,74.3849,2026-09-02T17:02:56,1005319,0,Operational,,,2,50,0,0,50,0,1,8,2,1,Department of Education,Department of Education,1,1,3,3-Co-educational,1,FAQIRBAGH CHANDOOSA BARAMULLA,msfaqirbagh01[at]gmail[dot]com,010223010,1008716,0102230004,1001049,1,22,Baramulla,242436,2470,Chandoosa,Chandoosa-B,,,,,2026-27,13,2026-08-24 11:46:31.444,,101,1002,10185,kys_by_year,2026-09-04T23:19:01+00:00
01021502701,MIDDLE SCHOOL FEROZPORA,01,JAMMU & KASHMIR,0102,BARAMULLA,010215,ROHAMA,FEROZPORA,GMS TREGPORA,Primary with Upper Primary,Department of Education,3-Co-educational,Rural,Operational,193201,34.2741,74.3959,2026-09-02T17:02:56,1004402,0,Operational,,,2,50,0,0,50,0,1,8,2,1,Department of Education,Department of Education,1,1,3,3-Co-educational,1,Ferozpora Rohama Rafiabad,Msferozepora[at]gmail[dot]com,010215027,1007151,0102150009,1000986,1,29,Rohama,241893,2306,Ferozpora,Ferozpora,,,,,2026-27,13,2026-01-22 20:02:20.07,,101,1002,10178,kys_by_year,2026-09-04T23:19:01+00:00
01021603102,MIDDLE SCHOOL FRASDUB GUJAR,01,JAMMU & KASHMIR,0102,BARAMULLA,010216,SINGHPORA (KALAN),FRASDUB,HSS KHAITANGAN,Primary with Upper Primary,Department of Education,3-Co-educational,Rural,Operational,193101,34.176,74.4003,2026-09-02T17:02:56,1004538,0,Operational,,,2,50,0,0,50,0,1,8,2,1,Department of Education,Department of Education,1,1,3,3-Co-educational,1,FRASDUB GUJJAR SINGHPORA KALAN,msfrasdub[at]gmail[dot]com,010216031,1008510,0102160010,1001005,1,35,Wagoora,242454,2472,Mohmoodabad,Dawlatpora,,,,,2026-27,13,2026-01-27 19:53:10.532,,101,1002,10179,kys_by_year,2026-09-04T23:19:02+00:00
01021600201,MIDDLE SCHOOL FRASTAHAR,01,JAMMU & KASHMIR,0102,BARAMULLA,010216,SINGHPORA (KALAN),FRASTAHAR,MS FATEHPORA,Primary with Upper Primary,Department of Education,3-Co-educational,Rural,Operational,193101,34.2016,74.3793,2026-09-02T17:02:56,1004483,0,Operational,,,2,50,0,0,50,0,1,8,2,1,Department of Education,Department of Education,1,1,3,3-Co-educational,1,Frasthar Baramulla jammu and kashmir,bmsfrasthar[at]gmail[dot]com,010216002,1007183,0102160001,1000996,1,22,Baramulla,241210,2452,Frastahar,Fresthar,,,,,2026-27,13,2026-01-27 19:29:34.398,,101,1002,10179,kys_by_year,2026-09-04T23:19:02+00:00
01022300402,MIDDLE SCHOOL GALIBAL,01,JAMMU & KASHMIR,0102,BARAMULLA,010223,CHANDOOSA,LATIEF ABAD,HS SHIMLARAN,Primary with Upper Primary,Department of Education,3-Co-educational,Rural,Operational,193101,34.1556,74.3724,2026-09-02T17:02:56,1005294,0,Operational,,,2,50,0,0,50,0,1,8,2,1,Department of Education,Department of Education,1,1,3,3-Co-educational,1,Galibal Chandoosa Baramulla,gmsgalibal[at]gmail[dot]com,010223004,1008273,0102230004,1001049,1,7013,Narwah,241193,2437,Lateefabad,Kaliban,,,,,2026-27,13,2026-08-24 11:36:38.206,,101,1002,10185,kys_by_year,2026-09-04T23:19:02+00:00
01020502001,MIDDLE SCHOOL GANAIE MOHALLA BOHRIPORA,01,JAMMU & KASHMIR,0102,BARAMULLA,010205,DANGERPORA,BOHRIPORA,C4,Primary with Upper Primary,Department of Education,3-Co-educational,Rural,Operational,193201,34.318272,74.422928,2026-09-02T17:02:56,1003448,0,Operational,,,2,50,0,0,50,0,1,8,2,1,Department of Education,Department of Education,1,1,3,3-Co-educational,1,MS Ganie Mohalla Bohripora,msganaiemohallabohripora[at]gmail[dot]com,010205020,1008300,0102050004,1001067,1,31,Sopore,242033,2212,Bohripora,Shangergund Bohripora,,,,,2026-27,13,2025-03-03 11:32:10.511,,101,1002,10171,kys_by_year,2026-09-04T23:19:03+00:00
01021000105,MIDDLE SCHOOL GANGI,01,JAMMU & KASHMIR,0102,BARAMULLA,010210,JHULLA,KAMAL KOTE,C2 MS NADIAN,Primary with Upper Primary,Department of Education,3-Co-educational,Rural,Operational,193123,34.133294,73.960826,2026-09-02T17:02:56,1003784,0,Operational,,,2,50,0,0,50,0,1,8,2,1,Department of Education,Department of Education,1,1,3,3-Co-educational,1,"KAMALKOTE, JHULLA URI",786msgangi[at]gmail[dot]com,010210001,1008401,0102100002,1001092,1,7015,Paranpeela,241996,2516,Hard Kamal Kote,Kamalkote,,,,,2026-27,13,2026-08-01 12:51:28.997,,101,1002,10174,kys_by_year,2026-09-04T23:19:03+00:00
01020501524,MIDDLE SCHOOL GANIEMOHALLA DANGERPORA,01,JAMMU & KASHMIR,0102,BARAMULLA,010205,DANGERPORA,DANGERPORA,C3 BHS BRAT KALAN,Primary with Upper Primary,Department of Education,3-Co-educational,Rural,Operational,193201,34.3291,74.4663,2026-09-02T17:02:56,1003428,0,Operational,,,2,50,0,0,50,0,1,8,2,1,Department of Education,Department of Education,1,1,3,3-Co-educational,1,GANAIE MOHALLA DANGERPORA,msganaiemohalla[at]gmail[dot]com,010205015,1008295,0102050003,1001066,1,36,Zaingeer,242029,2205,Dangarpora,Dangerpora B,,,,,2026-27,13,2026-01-25 18:53:10.429,,101,1002,10171,kys_by_year,2026-09-04T23:19:03+00:00
01022002001,MIDDLE SCHOOL GANIWANI,01,JAMMU & KASHMIR,0102,BARAMULLA,010220,TANGMARG,GANI WANI,MS CHANDIL,Primary with Upper Primary,Department of Education,3-Co-educational,Rural,Operational,193404,34.041645,74.48632,2026-09-02T17:02:56,1004929,0,Operational,,,2,50,0,0,50,0,1,8,2,1,Department of Education,Department of Education,1,1,3,3-Co-educational,1,GOVT MIDDLE SCHOOL GANIWANI TANGMARG,Jahangirwani921[at]gmail[dot]com,010220020,1007263,0102200004,1001021,1,7007,Chandil Wangam,241984,936685,Wanigam,Chandil Wanigam,,,,,2026-27,13,2026-01-30 21:12:56.133,,101,1002,10182,kys_by_year,2026-09-04T23:19:04+00:00
01021304201,MIDDLE SCHOOL GANJIPORA,01,JAMMU & KASHMIR,0102,BARAMULLA,010213,PATTAN,GANGI PORA,BURAN,Primary with Upper Primary,Department of Education,3-Co-educational,Rural,Operational,193121,34.148,74.5727,2026-09-02T17:02:56,1004326,0,Operational,,,2,50,0,0,50,0,1,8,2,1,Department of Education,Department of Education,1,1,3,3-Co-educational,1,GANJIPORA PATTAN BARAMULLA,,010213042,1006898,0102130003,1001986,1,27,Pattan,241850,2349,Pattan,Buran Zangam B,,,,,2026-27,13,2026-01-25 13:21:03.923,,101,1002,10177,kys_by_year,2026-09-04T23:19:04+00:00
01021105808,MIDDLE SCHOOL GANNAIE MOHALLA ABOORA,01,JAMMU & KASHMIR,0102,BARAMULLA,010211,KUNZAR,HARDU ABOORA,MS Ganie Mohalla HARDU ABOORA,Primary with Upper Primary,Department of Education,3-Co-educational,Rural,Operational,193401,34.0778,74.4835,2026-09-02T17:02:56,1004005,0,Operational,,,2,50,0,0,50,0,1,8,2,1,Department of Education,Department of Education,1,1,3,3-Co-educational,1,GANIE MOHALLA HARD ABOORA,mushtaqgogaldara1982[at]gmail[dot]com,010211058,1008479,0102110005,1001127,1,7008,Hardaboora,241824,2690,Hardu Aboora,Hard Aboora-B,,,,,2026-27,13,2026-01-25 22:11:08.94,,101,1002,10175,kys_by_year,2026-09-04T23:19:04+00:00
01022302101,MIDDLE SCHOOL GEOGAREN,01,JAMMU & KASHMIR,0102,BARAMULLA,010223,CHANDOOSA,SHIRPORA,MS MORIN TANGWARI,Primary with Upper Primary,Department of Education,3-Co-educational,Rural,Operational,193101,34.133192,74.373254,2026-09-02T17:02:56,1005360,0,Operational,,,2,50,0,0,50,0,1,8,2,1,Department of Education,Department of Education,1,1,3,3-Co-educational,1,Gevgarian Kandi Baramulla,msgevgarian321[at]gmail[dot]com,010223021,1008264,0102230007,1001052,1,35,Wagoora,242437,2485,Sheerpora Gavgaran,Shirpora,,,,,2026-27,13,2026-08-24 12:02:28.032,,101,1002,10185,kys_by_year,2026-09-04T23:19:05+00:00
01021304611,MIDDLE SCHOOL GOGRI MOHALLAH BAZAR PATTAN,01,JAMMU & KASHMIR,0102,BARAMULLA,010213,PATTAN,PATTAN,BMS PATTAN,Primary with Upper Primary,Department of Education,3-Co-educational,Urban,Operational,193121,34.1614,74.556,2026-09-02T17:02:56,1004334,0,Operational,,,2,50,0,0,50,0,1,8,2,1,Department of Education,Department of Education,1,1,3,3-Co-educational,2,GOJREE MOHALLAH BAZAR PATTAN BARAMULLA,bmsgojrimohalla[at]gmail[dot]com,010213046,1007121,0102130004,1000956,1,0,,,,,,248150,Municipal Committee Pattan-Municipality,10031,Pattan (NAC) - Ward No.7,2026-27,13,2026-01-25 13:21:57.09,,101,1002,10177,kys_by_year,2026-09-04T23:19:05+00:00
01022302801,MIDDLE SCHOOL GOHAN,01,JAMMU & KASHMIR,0102,BARAMULLA,010223,CHANDOOSA,GOHAN,HS WALRAMAN,Primary with Upper Primary,Department of Education,3-Co-educational,Rural,Operational,193101,34.153702,74.380556,2026-09-02T17:02:56,1005376,0,Operational,,,2,50,0,0,50,0,1,8,2,1,Department of Education,Department of Education,1,1,3,3-Co-educational,1,GOHAN Baramulla 193101,Msgohan1956[at]gmail[dot]com,010223028,1008280,0102230006,1001051,1,22,Baramulla,242436,2423,Gohan Lari Jungle,Chandoosa-B,,,,,2026-27,13,2026-08-24 12:06:54.114,,101,1002,10185,kys_by_year,2026-09-04T23:19:05+00:00
01021503004,MIDDLE SCHOOL GOJREE MOHALLA CHIJHAMA,01,JAMMU & KASHMIR,0102,BARAMULLA,010215,ROHAMA,CHIJHAMA,HS SARIPORA,Primary with Upper Primary,Department of Education,3-Co-educational,Rural,Operational,193301,34.2873,74.3735,2026-09-02T17:02:56,1004411,0,Operational,,,2,50,0,0,50,0,1,8,2,1,Department of Education,Department of Education,1,1,3,3-Co-educational,1,Boys Middle School Gojri Mohalla Chijhama Rafiabad,gmsgojeriMohala[at]gmail[dot]com,010215030,1007154,0102150015,1000991,1,29,Rohama,241888,2302,Chij Hama,Chijama,,,,,2026-27,13,2026-01-22 20:06:01.908,,101,1002,10178,kys_by_year,2026-09-04T23:19:06+00:00
01021102501,MIDDLE SCHOOL GOKHAMA,01,JAMMU & KASHMIR,0102,BARAMULLA,010211,KUNZAR,GOKHAMA,MS RARAM,Primary with Upper Primary,Department of Education,3-Co-educational,Rural,Operational,193404,34.0793,74.4908,2026-09-02T17:02:56,1003926,0,Operational,,,2,50,0,0,50,0,1,8,2,1,Department of Education,Department of Education,1,1,3,3-Co-educational,1,GOKHAMA KUNZER BARAMULLA,gmsgokhama1234[at]gmail[dot]com,010211025,1008452,0102110003,1001125,1,26,Kunzer,241832,2657,Gokhama,Gokhama,,,,,2026-27,13,2026-01-25 21:41:55.646,,101,1002,10175,kys_by_year,2026-09-04T23:19:06+00:00
01021105202,MIDDLE SCHOOL GONIPORA,01,JAMMU & KASHMIR,0102,BARAMULLA,010211,KUNZAR,GONIPORA,MS KUNZER,Primary with Upper Primary,Department of Education,3-Co-educational,Rural,Operational,193404,34.0791,74.4917,2026-09-02T17:02:56,1003978,0,Operational,,,2,50,0,0,50,0,1,8,2,1,Department of Education,Department of Education,1,1,3,3-Co-educational,1,Gonipora Zone Kunzer,msgonipora786[at]gmail[dot]com,010211052,1008473,0102110007,1001129,1,26,Kunzer,241839,2651,Goni Pora,Gonipora,,,,,2026-27,13,2026-01-25 22:03:48.8,,101,1002,10175,kys_by_year,2026-09-04T23:19:06+00:00
01020703201,MIDDLE SCHOOL GORIWAN,01,JAMMU & KASHMIR,0102,BARAMULLA,010207,FATEHGRAH,GORWAN,BMS NUMBLAN,Primary with Upper Primary,Department of Education,3-Co-educational,Rural,Operational,193101,34.148,74.2985,2026-09-02T17:02:56,1003765,0,Operational,,,2,50,0,0,50,0,1,8,2,1,Department of Education,Department of Education,1,1,3,3-Co-educational,1,Goriwan Gulistan Fatehgarh,ghulamnabi15622[at]gmail[dot]com,010207032,1008670,0102070008,1001089,1,7013,Narwah,241201,2444,Gulistan,Namblan,,,,,2026-27,13,2026-01-31 11:15:59.439,,101,1002,10173,kys_by_year,2026-09-04T23:19:07+00:00
01021603002,MIDDLE SCHOOL GOUSIA COLONY,01,JAMMU & KASHMIR,0102,BARAMULLA,010216,SINGHPORA (KALAN),HUDPORA,HS Hudpora,Primary with Upper Primary,Department of Education,3-Co-educational,Rural,Operational,193103,34.1823,74.4095,2026-09-02T17:02:56,1004535,0,Operational,,,2,50,0,0,50,0,1,8,2,1,Department of Education,Department of Education,1,1,3,3-Co-educational,1,GOUSIA COLONY HUDIPORA SINGHPORA KALAN,gmsgchsk20[at]gmail[dot]com,010216030,1008509,0102160003,1000998,1,22,Baramulla,242441,936665,Hudpora,Hudpora,,,,,2026-27,13,2026-01-27 19:52:32.525,,101,1002,10179,kys_by_year,2026-09-04T23:19:07+00:00
01022001602,MIDDLE SCHOOL GUDARA,01,JAMMU & KASHMIR,0102,BARAMULLA,010220,TANGMARG,BADERKOTE,MS CHANDIL,Primary with Upper Primary,Department of Education,3-Co-educational,Rural,Operational,193402,34.044,74.47,2026-09-02T17:02:56,1004919,0,Operational,,,2,50,0,0,50,0,1,8,2,1,Department of Education,Department of Education,1,1,3,3-Co-educational,1,BUDERKOTE TANGMARG BARAMULLA,Gmsgudara11[at]gmail[dot]com,010220016,1007958,0102200004,1001021,1,7007,Chandil Wangam,241985,2696,Buderkote,Buderkote,,,,,2026-27,13,2026-01-30 21:04:23.648,,101,1002,10182,kys_by_year,2026-09-04T23:19:07+00:00
01022202607,MIDDLE SCHOOL GUFBAL SHRAKWARA,01,JAMMU & KASHMIR,0102,BARAMULLA,010222,WAGOORA,SHRAKWARA,SHRAK WARA,Primary with Upper Primary,Department of Education,3-Co-educational,Rural,Operational,193108,34.1943,74.4427,2026-09-02T17:02:56,1005190,0,Operational,,,2,50,0,0,50,0,1,8,2,1,Department of Education,Department of Education,1,1,3,3-Co-educational,1,MS Gufbal Shrakawara,msgoufbal[at]gmail[dot]com,010222026,1008552,0102220010,1001044,1,35,Wagoora,242461,2468,Jahangirpora,Sharkwara,,,,,2026-27,13,2025-03-03 10:53:53.07,,101,1002,10184,kys_by_year,2026-09-04T23:19:08+00:00
01022300607,MIDDLE SCHOOL GUJJAR PATI PACHHAR,01,JAMMU & KASHMIR,0102,BARAMULLA,010223,CHANDOOSA,PACHHAR,HS WALRAMAN,Primary with Upper Primary,Department of Education,3-Co-educational,Rural,Operational,193101,34.1532,74.3659,2026-09-02T17:02:56,1005302,0,Operational,,,2,50,0,0,50,0,1,8,2,1,Department of Education,Department of Education,1,1,3,3-Co-educational,1,middle school gujjarpatti pachhar,Www.headmastermiddleschool[at]gmail[dot]com,010223006,1008275,0102230006,1001051,1,22,Baramulla,242436,2470,Chandoosa,Chandoosa-B,,,,,2026-27,13,2026-08-24 11:47:05.552,,101,1002,10185,kys_by_year,2026-09-04T23:19:08+00:00
01020504811,MIDDLE SCHOOL GUJJARPATI ZALOORA,01,JAMMU & KASHMIR,0102,BARAMULLA,010205,DANGERPORA,ZALOORA,C8 SAGIPORA,Primary with Upper Primary,Department of Education,3-Co-educational,Rural,Operational,193201,34.3681,74.5164,2026-09-02T17:02:56,1003545,0,Operational,,,2,50,0,0,50,0,1,8,2,1,Department of Education,Department of Education,1,1,3,3-Co-educational,1,ZALOORA ZAINAGEER BARAMULLA,gmsgujjerpattizaloora[at]gmail[dot]com,010205048,1007961,0102050008,1001071,1,7018,Tujjar Sharief,242038,2176,Zaloora,Zaloora A,,,,,2026-27,13,2025-03-03 12:21:44.785,,101,1002,10171,kys_by_year,2026-09-04T23:19:08+00:00
01021000605,MIDDLE SCHOOL GUJJAR PATTI,01,JAMMU & KASHMIR,0102,BARAMULLA,010210,JHULLA,BANDI,C2 MS NADIAN,Primary with Upper Primary,Department of Education,3-Co-educational,Rural,Operational,193123,34.137751,73.980522,2026-09-02T17:02:56,1003807,0,Operational,,,2,50,0,0,50,0,1,8,2,1,Department of Education,Department of Education,1,1,3,3-Co-educational,1,"BANDI, URI, BARAMULLA",ALTAFBUDHANA[at]GMAIL[dot]COM,010210006,1008406,0102100002,1001092,1,7015,Paranpeela,241997,2512,Bandi,Sarai-Bandey,,,,,2026-27,13,2026-08-01 13:51:11.514,,101,1002,10174,kys_by_year,2026-09-04T23:19:09+00:00
01021103102,MIDDLE SCHOOL GULAB DAGGI,01,JAMMU & KASHMIR,0102,BARAMULLA,010211,KUNZAR,ABOORA,MS Ganie Mohalla HARDU ABOORA,Primary with Upper Primary,Department of Education,3-Co-educational,Rural,Operational,193404,34.042469,74.51292,2026-09-02T17:02:56,1003934,0,Operational,,,2,50,0,0,50,0,1,8,2,1,Department of Education,Department of Education,1,1,3,3-Co-educational,1,MS Gulabdaji Kawarhama,schoolgulabdaji[at]gmail[dot]com,010211031,1008453,0102110005,1001127,1,7008,Hardaboora,241823,2690,Hardu Aboora,Hard Aboora A,,,,,2026-27,13,2026-01-25 21:51:15.645,,101,1002,10175,kys_by_year,2026-09-04T23:19:09+00:00
01020703401,MIDDLE SCHOOL GULISTAN BALA,01,JAMMU & KASHMIR,0102,BARAMULLA,010207,FATEHGRAH,GULISTAN,BMS NUMBLAN,Primary with Upper Primary,Department of Education,3-Co-educational,Rural,Operational,193101,34.1499,74.3036,2026-09-02T17:02:56,1003766,0,Operational,,,2,50,0,0,50,0,1,8,2,1,Department of Education,Department of Education,1,1,3,3-Co-educational,1,Gulistan Baramulla Jk,gmsgbzf[at]gmail[dot]com,010207034,1008671,0102070008,1001089,1,7013,Narwah,241201,2444,Gulistan,Namblan,,,,,2026-27,13,2026-01-31 11:16:08.443,,101,1002,10173,kys_by_year,2026-09-04T23:19:09+00:00
01021304902,MIDDLE SCHOOL GULSHAN ALI TONJI HERAN,01,JAMMU & KASHMIR,0102,BARAMULLA,010213,PATTAN,TONJIHERAN,NOWLARI,Primary with Upper Primary,Department of Education,3-Co-educational,Rural,Operational,193401,34.0989,74.5898,2026-09-02T17:02:56,1004336,0,Operational,,,2,50,0,0,50,0,1,8,2,1,Department of Education,Department of Education,1,1,3,3-Co-educational,1,TONJIHERAN PATTAN BARAMULLA,ali7006841873[at]gmail[dot]com,010213049,1007124,0102130012,1000976,1,7017,Sherabad Khore,241915,2398,Tongiharan,Goom Ahmedpora,,,,,2026-27,13,2026-01-25 13:25:02.509,,101,1002,10177,kys_by_year,2026-09-04T23:19:10+00:00
01021102601,MIDDLE SCHOOL GUND DALWASH,01,JAMMU & KASHMIR,0102,BARAMULLA,010211,KUNZAR,GUND-DALWASH,MS Ganie Mohalla HARDU ABOORA,Primary with Upper Primary,Department of Education,3-Co-educational,Rural,Operational,193401,34.091929,74.491941,2026-09-02T17:02:56,1003928,0,Operational,,,2,50,0,0,50,0,1,8,2,1,Department of Education,Department of Education,1,1,3,3-Co-educational,1,MS Gund Dalwash Baramulla,bmsgd190[at]gmail[dot]com,010211026,1008090,0102110005,1001127,1,7008,Hardaboora,241354,372,Gund Dalwash,Gund Dalwash,,,,,2026-27,13,2026-01-25 21:41:36.856,,101,1002,10175,kys_by_year,2026-09-04T23:19:10+00:00
01021301003,MIDDLE SCHOOL HAIRPORA GANAIEPORA BURAN,01,JAMMU & KASHMIR,0102,BARAMULLA,010213,PATTAN,BURAN,BURAN,Primary with Upper Primary,Department of Education,3-Co-educational,Rural,Operational,193121,34.1459,74.5669,2026-09-02T17:02:56,1004209,0,Operational,,,2,50,0,0,50,0,1,8,2,1,Department of Education,Department of Education,1,1,3,3-Co-educational,1,HAIRPORA GANAIEPORA PATTAN,msheraporaburan[at]gmail[dot]com,010213010,1008782,0102130003,1001986,1,27,Pattan,241849,2349,Pattan,Buran Zangam A,,,,,2026-27,13,2026-01-25 12:54:28.808,,101,1002,10177,kys_by_year,2026-09-04T23:19:11+00:00
01022301107,MIDDLE SCHOOL HAJAM MOHALLA BANDI PAYEEN,01,JAMMU & KASHMIR,0102,BARAMULLA,010223,CHANDOOSA,BANDI PAYEEN,BMS SOFI MOHALLA BANDI PAYEEN,Primary with Upper Primary,Department of Education,3-Co-educational,Rural,Operational,193101,34.1305,74.4131,2026-09-02T17:02:56,1005327,0,Operational,,,2,50,0,0,50,0,1,8,2,1,Department of Education,Department of Education,1,1,3,3-Co-educational,1,Bandi Payeen Baramulla,mshajammohalla[at]gmail[dot]com,010223011,1008717,0102230002,1001047,1,35,Wagoora,242432,2495,Bandi Payeen,Bandi Payeen A,,,,,2026-27,13,2026-08-24 11:50:24.711,,101,1002,10185,kys_by_year,2026-09-04T23:19:11+00:00
01021702403,MIDDLE SCHOOL HAJI ASGAR RAKHI DUSLIPORA,01,JAMMU & KASHMIR,0102,BARAMULLA,010217,SINGHPORA PATTAN,R.D PORA,GMS KHANPETH,Primary with Upper Primary,Department of Education,3-Co-educational,Rural,Operational,193121,34.186192,74.609652,2026-09-02T17:02:56,1004624,0,Operational,,,2,50,0,0,50,0,1,8,2,1,Department of Education,Department of Education,1,1,3,3-Co-educational,1,RD Pora Singhpora Pattan 193121,MSHAJIASGAR[at]GMAIL[dot]COM,010217024,1008181,0102170004,1001013,1,30,Singhpora,288819,2354,Rakh Dosli Pora,Rahk Duslipora,,,,,2026-27,13,2026-01-25 20:18:00.371,,101,1002,10180,kys_by_year,2026-09-04T23:19:11+00:00
01022003901,MIDDLE SCHOOL HAJIBAL,01,JAMMU & KASHMIR,0102,BARAMULLA,010220,TANGMARG,HAJIBAL,MS HAJI BAL,Primary with Upper Primary,Department of Education,3-Co-educational,Rural,Operational,193402,34.099641,74.412563,2026-09-02T17:02:56,1004968,0,Operational,,,2,50,0,0,50,0,1,8,2,1,Department of Education,Department of Education,1,1,3,3-Co-educational,1,HAJIBAL TANGMARG KASHMIR,HAJIBAL3901[at]GMAIL[dot]COM,010220039,1007282,0102200007,1001024,1,33,Tangmarag,241957,2630,Hajibal,Hajibal,,,,,2026-27,13,2026-02-02 14:15:19.305,,101,1002,10182,kys_by_year,2026-09-04T23:19:11+00:00
01020301706,MIDDLE SCHOOL HAKAPATHRI,01,JAMMU & KASHMIR,0102,BARAMULLA,010203,BONIYAR,PAHLIPORA,(C6) PAHLIPORA,Primary with Upper Primary,Department of Education,3-Co-educational,Rural,Operational,193122,34.1949,74.2152,2026-09-02T17:02:56,1003193,0,Operational,,,2,50,0,0,50,0,1,8,2,1,Department of Education,Department of Education,1,1,3,3-Co-educational,1,Hakapathri Pahlipora Boniya,mshakapathri06[at]gmail[dot]com,010203017,1008151,0102030006,1001137,1,7014,Noorkah,241798,2561,Pehlipora,Pahlipora B,,,,,2026-27,13,2026-01-27 19:46:03.698,,101,1002,10169,kys_by_year,2026-09-04T23:19:12+00:00
01020503402,MIDDLE SCHOOL HAMIDBABSAHIB RAMPORA,01,JAMMU & KASHMIR,0102,BARAMULLA,010205,DANGERPORA,RAMPORA,C1 BMS WATLAB,Primary with Upper Primary,Department of Education,3-Co-educational,Rural,Operational,193201,34.413,74.466,2026-09-02T17:02:56,1003505,0,Operational,,,2,50,0,0,50,0,1,8,2,1,Department of Education,Department of Education,1,1,3,3-Co-educational,1,RAMPORE BLOCK DANGERPORA,gmshamidbabasahibrampora[at]gmail[dot]com,010205034,1008005,0102050001,1001054,1,36,Zaingeer,242050,2182,Rampora Rajpora,Rampora,,,,,2026-27,13,2026-01-25 18:55:36.736,,101,1002,10171,kys_by_year,2026-09-04T23:19:12+00:00
01022003501,MIDDLE SCHOOL HARDU ICHLOO,01,JAMMU & KASHMIR,0102,BARAMULLA,010220,TANGMARG,HARDU ICHLOO,MS KHAMINDERPORA,Primary with Upper Primary,Department of Education,3-Co-educational,Rural,Operational,193402,34.105155,74.438107,2026-09-02T17:02:56,1004963,0,Operational,,,2,50,0,0,50,0,1,8,2,1,Department of Education,Department of Education,1,1,3,3-Co-educational,1,HARDU ICHLOO TANGMARG KMR.,bmsharduichloo101[at]gmail[dot]com,010220035,1007278,0102200010,1001027,1,7010,Khaipora,241973,2632,Hardichloo,Hardichloo,,,,,2026-27,13,2026-01-30 21:48:33.032,,101,1002,10182,kys_by_year,2026-09-04T23:19:12+00:00
01020703402,MIDDLE SCHOOL HARDUKHAL,01,JAMMU & KASHMIR,0102,BARAMULLA,010207,FATEHGRAH,GULISTAN,MS  BHAT MOHALLAH AUDOORA,Primary with Upper Primary,Department of Education,3-Co-educational,Rural,Operational,193101,34.1528,74.3075,2026-09-02T17:02:56,1003767,0,Operational,,,2,50,0,0,50,0,1,8,2,1,Department of Education,Department of Education,1,1,3,3-Co-educational,1,Gulistan Baramulla kashmir,mshardukhal402[at]gmail[dot]com,010207034,1008671,0102070009,1001090,1,7013,Narwah,241201,2444,Gulistan,Namblan,,,,,2026-27,13,2026-01-31 11:16:19.607,,101,1002,10173,kys_by_year,2026-09-04T23:19:13+00:00
01021100801,MIDDLE SCHOOL HARDUSHOORA,01,JAMMU & KASHMIR,0102,BARAMULLA,010211,KUNZAR,HARDUSHOORA,MS Hard Shoora,Primary with Upper Primary,Department of Education,3-Co-educational,Rural,Operational,193404,34.112717,74.470456,2026-09-02T17:02:56,1003898,0,Operational,,,2,50,0,0,50,0,1,8,2,1,Department of Education,Department of Education,1,1,3,3-Co-educational,1,HARDU SHOORA KUNZER BARAMULLA,mrjavidah[at]gmail[dot]com,010211008,1008436,0102110001,1001123,1,7019,Wailoo,241826,931664,Hard Shoora,Hard Shoora,,,,,2026-27,13,2026-01-25 21:30:51.347,,101,1002,10175,kys_by_year,2026-09-04T23:19:13+00:00
01021104801,MIDDLE SCHOOL HARIPORA,01,JAMMU & KASHMIR,0102,BARAMULLA,010211,KUNZAR,HARIPORA,MS OGMUNA,Primary with Upper Primary,Department of Education,3-Co-educational,Rural,Operational,193404,34.0793,74.4908,2026-09-02T17:02:56,1003963,0,Operational,,,2,50,0,0,50,0,1,8,2,1,Department of Education,Department of Education,1,1,3,3-Co-educational,1,HARIPORA TEHSIL KAWARHAMA DISTT. BARAMULLA,,010211048,1008469,0102110006,1001128,1,7008,Hardaboora,241823,2693,Haripora,Hard Aboora A,,,,,2026-27,13,2026-01-25 22:00:08.455,,101,1002,10175,kys_by_year,2026-09-04T23:19:13+00:00
01020503003,MIDDLE SCHOOL HASSAN QARI GORIPORA,01,JAMMU & KASHMIR,0102,BARAMULLA,010205,DANGERPORA,GORIPORA,C6 BOMAI,Primary with Upper Primary,Department of Education,3-Co-educational,Rural,Operational,193201,34.3681,74.5164,2026-09-02T17:02:56,1003494,0,Operational,,,2,50,0,0,50,0,1,8,2,1,Department of Education,Department of Education,1,1,3,3-Co-educational,1,Hassanqari goripora sopore,gmshassanq786[at]gmail[dot]com,010205030,1008310,0102050006,1001069,1,7018,Tujjar Sharief,242044,2197,Goripora Darpora,Goripiora,,,,,2026-27,13,2025-03-03 11:58:39.904,,101,1002,10171,kys_by_year,2026-09-04T23:19:14+00:00
01022101602,MIDDLE SCHOOL HATLANGA,01,JAMMU & KASHMIR,0102,BARAMULLA,010221,URI,HATHLANGA,HS BALKOTE,Primary with Upper Primary,Department of Education,3-Co-educational,Rural,Operational,193123,34.0449,74.0912,2026-09-02T17:02:56,1005083,0,Operational,,,2,50,0,0,50,0,1,8,2,1,Department of Education,Department of Education,1,1,3,3-Co-educational,1,Govt.Boys Middle School Hathlanga ,,010221016,1008227,0102210005,1001032,1,34,Uri,242012,2545,Hathlanga,Silikote,,,,,2026-27,13,2026-01-30 12:22:33.274,,101,1002,10183,kys_by_year,2026-09-04T23:19:14+00:00
01021101901,MIDDLE SCHOOL HAYATPORA,01,JAMMU & KASHMIR,0102,BARAMULLA,010211,KUNZAR,HAYATPORA,MS MULGAM,Primary with Upper Primary,Department of Education,3-Co-educational,Rural,Operational,193404,34.0793,74.4908,2026-09-02T17:02:56,1003920,0,Operational,,,2,50,0,0,50,0,1,8,2,1,Department of Education,Department of Education,1,1,3,3-Co-educational,1,hayatpora kunzer baramulla,thokarghnabi786[at]gmail[dot]com,010211019,1008446,0102110002,1001124,1,26,Kunzer,289132,2638,Hayat Pora,Hayatpora,,,,,2026-27,13,2026-01-25 19:56:30.64,,101,1002,10175,kys_by_year,2026-09-04T23:19:14+00:00
01021103701,MIDDLE SCHOOL HEEINGH,01,JAMMU & KASHMIR,0102,BARAMULLA,010211,KUNZAR,HEEINGH,MS Ganie Mohalla HARDU ABOORA,Primary with Upper Primary,Department of Education,3-Co-educational,Rural,Operational,193401,34.0793,74.4908,2026-09-02T17:02:56,1003946,0,Operational,,,2,50,0,0,50,0,1,8,2,1,Department of Education,Department of Education,1,1,3,3-Co-educational,1,HEEING KAWARHAMA BARAMULLA,gmsheeing1[at]gmail[dot]com,010211037,1008458,0102110005,1001127,1,7008,Hardaboora,241820,2689,Heing Rajpora,Heingh,,,,,2026-27,13,2026-01-25 21:43:53.726,,101,1002,10175,kys_by_year,2026-09-04T23:19:15+00:00
01022002407,MIDDLE SCHOOL HERIWATNOO,01,JAMMU & KASHMIR,0102,BARAMULLA,010220,TANGMARG,HERIWATNOO,MS HARI WATNOO,Primary with Upper Primary,Department of Education,3-Co-educational,Rural,Operational,193402,34.084,74.457,2026-09-02T17:02:56,1004937,0,Operational,,,2,50,0,0,50,0,1,8,2,1,Department of Education,Department of Education,1,1,3,3-Co-educational,1,HERIWATNOO TANGMARG KMR,bmshariwatnoo27[at]gmail[dot]com,010220024,1007267,0102200005,1001022,1,33,Tangmarag,241978,2661,Hariwatnoo,Hariwatnoo,,,,,2026-27,13,2026-01-30 21:36:11.526,,101,1002,10182,kys_by_year,2026-09-04T23:19:15+00:00
01020301708,MIDDLE SCHOOL HILLAN,01,JAMMU & KASHMIR,0102,BARAMULLA,010203,BONIYAR,PAHLIPORA,(C6) PAHLIPORA,Primary with Upper Primary,Department of Education,3-Co-educational,Rural,Operational,193122,34.1946,74.2176,2026-09-02T17:02:56,1003195,0,Operational,,,2,50,0,0,50,0,1,8,2,1,Department of Education,Department of Education,1,1,3,3-Co-educational,1,Hillan Pahlipora Boniyar,Mshillan66[at]gmail[dot]com,010203017,1008151,0102030006,1001137,1,7014,Noorkah,241798,2561,Pehlipora,Pahlipora B,,,,,2026-27,13,2026-01-27 19:52:53.577,,101,1002,10169,kys_by_year,2026-09-04T23:19:15+00:00
01022004703,MIDDLE SCHOOL HOOM,01,JAMMU & KASHMIR,0102,BARAMULLA,010220,TANGMARG,HOOM,M/S HOOM,Primary with Upper Primary,Department of Education,3-Co-educational,Rural,Operational,193402,34.112872,74.434698,2026-09-02T17:02:56,1004984,0,Operational,,,2,50,0,0,50,0,1,8,2,1,Department of Education,Department of Education,1,1,3,3-Co-educational,1,HOOM TANGMARG KASHMIR,gmshoom2022[at]gmail[dot]com,010220047,1007290,0102200009,1001026,1,7010,Khaipora,241970,2615,Hoom,Khaipora,,,,,2026-27,13,2026-02-02 14:20:29.168,,101,1002,10182,kys_by_year,2026-09-04T23:19:16+00:00
01021500801,MIDDLE SCHOOL HUMDUB,01,JAMMU & KASHMIR,0102,BARAMULLA,010215,ROHAMA,HUMDUB,PANZLLA,Primary with Upper Primary,Department of Education,3-Co-educational,Rural,Operational,193301,34.2713,74.2713,2026-09-02T17:02:56,1004360,0,Operational,,,2,50,0,0,50,0,1,8,2,1,Department of Education,Department of Education,1,1,3,3-Co-educational,1,Govt.Middle School Humdub Rafiabad,gms.humdub[at]gmail[dot]com,010215008,1007134,0102150003,1000980,1,29,Rohama,241883,2285,Huma Dub,Panzalla,,,,,2026-27,13,2026-01-22 19:41:55.32,,101,1002,10178,kys_by_year,2026-09-04T23:19:16+00:00
01021000202,MIDDLE SCHOOL JABDA,01,JAMMU & KASHMIR,0102,BARAMULLA,010210,JHULLA,SHAHDARA,C1 HS SHAHDARA,Primary with Upper Primary,Department of Education,3-Co-educational,Rural,Operational,193123,34.120899,73.949104,2026-09-02T17:02:56,1003791,0,Operational,,,2,50,0,0,50,0,1,8,2,1,Department of Education,Department of Education,1,1,3,3-Co-educational,1,"SHAHDARA, URI, BARAMULLA",msjabda34[at]gmail[dot]com,010210002,1008402,0102100001,1001091,1,7015,Paranpeela,241994,2514,Shahdara,Shahdara,,,,,2026-27,13,2026-08-01 14:08:42.423,,101,1002,10174,kys_by_year,2026-09-04T23:19:16+00:00
01021001402,MIDDLE SCHOOL JABLA,01,JAMMU & KASHMIR,0102,BARAMULLA,010210,JHULLA,JABLA,C6 PS SALAMABAD,Primary with Upper Primary,Department of Education,3-Co-educational,Rural,Operational,193123,34.07269,74.031887,2026-09-02T17:02:56,1003841,0,Operational,,,2,50,0,0,50,0,1,8,2,1,Department of Education,Department of Education,1,1,3,3-Co-educational,1,"JABLA, URI, BARAMULLA",bmsjabla1402[at]gmail[dot]com,010210014,1008414,0102100006,1001096,1,7015,Paranpeela,241993,2534,Jabla,Jablla,,,,,2026-27,13,2026-08-01 13:17:46.149,,101,1002,10174,kys_by_year,2026-09-04T23:19:17+00:00
01021800204,MIDDLE SCHOOL JAGIR GATH,01,JAMMU & KASHMIR,0102,BARAMULLA,010218,SOPORE,SEER JAGIR,MS PETH SEER,Primary with Upper Primary,Department of Education,3-Co-educational,Rural,Operational,193201,34.2664,74.4246,2026-09-02T17:02:56,1004712,0,Operational,,,2,50,0,0,50,0,1,8,2,1,Department of Education,Department of Education,1,1,3,3-Co-educational,1,JAGIR GHAT SOPORE BARAMULLA,gmsjagir22[at]gmail[dot]com,010218002,1008520,0102180005,1001104,1,7016,Sangrama,241954,2214,Seer Jagir,Manzseer,,,,,2026-27,13,2025-03-02 23:30:28.772,,101,1002,10181,kys_by_year,2026-09-04T23:19:17+00:00
01022300802,MIDDLE SCHOOL JATHAR KACHWA MUQAM,01,JAMMU & KASHMIR,0102,BARAMULLA,010223,CHANDOOSA,KACHWA MUQAM,MS WAHIDINA,Primary with Upper Primary,Department of Education,3-Co-educational,Rural,Operational,193101,34.153881,74.387154,2026-09-02T17:02:56,1005309,0,Operational,,,2,50,0,0,50,0,1,8,2,1,Department of Education,Department of Education,1,1,3,3-Co-educational,1,Pati Jathar Kachwamuqam,msjethar1122[at]gmail[dot]com,010223008,1008277,0102230005,1001050,1,35,Wagoora,288825,2484,Kachwa Muqam,Kachwa Muqam B,,,,,2026-27,13,2026-08-24 11:43:24.695,,101,1002,10185,kys_by_year,2026-09-04T23:19:17+00:00
01021601801,MIDDLE SCHOOL KALAMPORA,01,JAMMU & KASHMIR,0102,BARAMULLA,010216,SINGHPORA (KALAN),KALAMPORA,GHSS SINGHPORA,Primary with Upper Primary,Department of Education,3-Co-educational,Rural,Operational,193103,34.2186,74.4225,2026-09-02T17:02:56,1004519,0,Operational,,,2,50,0,0,50,0,1,8,2,1,Department of Education,Department of Education,1,1,3,3-Co-educational,1,KALAMPORA SINGHPORA KALAN BARAMULLA,bmskalampora2023[at]gmail[dot]com,010216018,1007194,0102160008,1001003,1,22,Baramulla,241216,2417,Delina,Delina D,,,,,2026-27,13,2026-01-27 19:39:51.61,,101,1002,10179,kys_by_year,2026-09-04T23:19:18+00:00
01022302601,MIDDLE SCHOOL KALANTRA BALA,01,JAMMU & KASHMIR,0102,BARAMULLA,010223,CHANDOOSA,KALANTRA BALA,M.S DANDMOAH,Primary with Upper Primary,Department of Education,3-Co-educational,Rural,Operational,193101,34.142651,74.402546,2026-09-02T17:02:56,1005370,0,Operational,,,2,50,0,0,50,0,1,8,2,1,Department of Education,Department of Education,1,1,3,3-Co-educational,1,Kalantra Bala Zone Chandoosa,mskalantrabala[at]gmail[dot]com,010223026,1008268,0102230001,1001064,1,35,Wagoora,242444,2492,Kalantra Bala,Kalantara,,,,,2026-27,13,2026-08-24 12:05:53.534,,101,1002,10185,kys_by_year,2026-09-04T23:19:18+00:00
01021001801,MIDDLE SCHOOL KALGAI,01,JAMMU & KASHMIR,0102,BARAMULLA,010210,JHULLA,RAMGIE,C6 PS SALAMABAD,Primary with Upper Primary,Department of Education,3-Co-educational,Rural,Operational,193123,34.099,74.01,2026-09-02T17:02:56,1003856,0,Operational,,,2,50,0,0,50,0,1,8,2,1,Department of Education,Department of Education,1,1,3,3-Co-educational,1,"RAMGAI, URI, BARAMULLA",Bmskalgie[at]gmail[dot]com,010210018,1007995,0102100006,1001096,1,34,Uri,241991,936672,Ramgie,Ramgai,,,,,2026-27,13,2026-08-01 13:14:29.346,,101,1002,10174,kys_by_year,2026-09-04T23:19:18+00:00
